const uint8_t JetBrainsMono_Bold50pt7bBitmaps[] PROGMEM = {
  0x00, 0x3F, 0xFE, 0x1F, 0xFF, 0x0F, 0xFF, 0x87, 0xFF, 0xC3, 0xFF, 0xE1,
  0xFF, 0xF0, 0xFF, 0xF8, 0x7F, 0xFC, 0x3F, 0xFE, 0x1F, 0xFF, 0x0F, 0xFF,
  0x87, 0xFF, 0xC3, 0xFF, 0xE1, 0xFF, 0xF0, 0xFF, 0xF8, 0x7F, 0xFC, 0x3F,
  0xFE, 0x1F, 0xFF, 0x0F, 0xFF, 0x87, 0xFF, 0xC3, 0xFF, 0xE1, 0xFF, 0xE0,
  0xFF, 0xF0, 0x7F, 0xF8, 0x3F, 0xFC, 0x1F, 0xFE, 0x0F, 0xFF, 0x03, 0xFF,
  0x81, 0xFF, 0xC0, 0xFF, 0xE0, 0x7F, 0xF0, 0x3F, 0xF8, 0x1F, 0xFC, 0x0F,
  0xFE, 0x07, 0xFF, 0x03, 0xFF, 0x81, 0xFF, 0xC0, 0xFF, 0xE0, 0x7F, 0xF0,
  0x3F, 0xF8, 0x1F, 0xFC, 0x0F, 0xFE, 0x07, 0xFF, 0x03, 0xFF, 0x81, 0xFF,
  0xC0, 0xFF, 0xE0, 0x7F, 0xF0, 0x3F, 0xF8, 0x1F, 0xFC, 0x00, 0x00, 0x00,
  0x00, 0x00, 0x00, 0x00, 0x00, 0x00, 0x00, 0x00, 0x00, 0x00, 0x00, 0x00,
  0x00, 0x00, 0x00, 0x00, 0x00, 0x00, 0x00, 0x00, 0x00, 0xFF, 0x81, 0xFF,
  0xE1, 0xFF, 0xF8, 0xFF, 0xFE, 0xFF, 0xFF, 0x7F, 0xFF, 0xFF, 0xFF, 0xFF,
  0xFF, 0xFF, 0xFF, 0xF3, 0xFF, 0xF9, 0xFF, 0xF8, 0x7F, 0xF8, 0x0F, 0xF8,
  0x00, 0xFF, 0xF8, 0x00, 0xFF, 0xFF, 0xFF, 0xC0, 0x07, 0xFF, 0xFF, 0xFE,
  0x00, 0x3F, 0xFF, 0xFF, 0xF0, 0x01, 0xFF, 0xFF, 0xFF, 0x80, 0x0F, 0xFF,
  0xFF, 0xFC, 0x00, 0x7F, 0xFF, 0xFF, 0xE0, 0x03, 0xFF, 0xFF, 0xFF, 0x00,
  0x1F, 0xFF, 0xFF, 0xF8, 0x00, 0xFF, 0xFF, 0xFF, 0xC0, 0x07, 0xFF, 0xFF,
  0xFE, 0x00, 0x3F, 0xFF, 0xFF, 0xF0, 0x01, 0xFF, 0xFF, 0xFF, 0x80, 0x0F,
  0xFF, 0xFF, 0xFC, 0x00, 0x7F, 0xFF, 0xFF, 0xE0, 0x03, 0xFF, 0xFF, 0xFF,
  0x00, 0x1F, 0xFF, 0xFF, 0xF8, 0x00, 0xFF, 0xFF, 0xFF, 0xC0, 0x07, 0xFF,
  0xFF, 0xFC, 0x00, 0x3F, 0xFD, 0xFF, 0xE0, 0x01, 0xFF, 0xEF, 0xFF, 0x00,
  0x0F, 0xFF, 0x7F, 0xF8, 0x00, 0x7F, 0xF9, 0xFF, 0xC0, 0x01, 0xFF, 0xCF,
  0xFE, 0x00, 0x0F, 0xFE, 0x7F, 0xF0, 0x00, 0x7F, 0xF3, 0xFF, 0x80, 0x03,
  0xFF, 0x9F, 0xFC, 0x00, 0x1F, 0xFC, 0xFF, 0xE0, 0x00, 0xFF, 0xE7, 0xFF,
  0x00, 0x07, 0xFF, 0x00, 0x00, 0x00, 0x7F, 0xC0, 0x00, 0xFF, 0x00, 0x00,
  0x07, 0xF8, 0x00, 0x1F, 0xF0, 0x00, 0x00, 0x7F, 0x80, 0x01, 0xFF, 0x00,
  0x00, 0x0F, 0xF8, 0x00, 0x1F, 0xF0, 0x00, 0x00, 0xFF, 0x80, 0x01, 0xFE,
  0x00, 0x00, 0x0F, 0xF8, 0x00, 0x1F, 0xE0, 0x00, 0x00, 0xFF, 0x80, 0x03,
  0xFE, 0x00, 0x00, 0x0F, 0xF0, 0x00, 0x3F, 0xE0, 0x00, 0x00, 0xFF, 0x00,
  0x03, 0xFE, 0x00, 0x00, 0x1F, 0xF0, 0x00, 0x3F, 0xE0, 0x00, 0x01, 0xFF,
  0x00, 0x03, 0xFC, 0x00, 0x00, 0x1F, 0xF0, 0x00, 0x3F, 0xC0, 0x00, 0x01,
  0xFF, 0x00, 0x07, 0xFC, 0x00, 0x00, 0x1F, 0xE0, 0x00, 0x7F, 0xC0, 0x00,
  0x01, 0xFE, 0x00, 0x07, 0xFC, 0x00, 0x00, 0x3F, 0xE0, 0x00, 0x7F, 0xC0,
  0x00, 0x03, 0xFE, 0x00, 0x07, 0xF8, 0x00, 0x00, 0x3F, 0xE0, 0x00, 0x7F,
  0x80, 0x00, 0x03, 0xFC, 0x00, 0x0F, 0xF8, 0x00, 0xFF, 0xFF, 0xFF, 0xFF,
  0xFF, 0xFF, 0x0F, 0xFF, 0xFF, 0xFF, 0xFF, 0xFF, 0xF0, 0xFF, 0xFF, 0xFF,
  0xFF, 0xFF, 0xFF, 0x0F, 0xFF, 0xFF, 0xFF, 0xFF, 0xFF, 0xF0, 0xFF, 0xFF,
  0xFF, 0xFF, 0xFF, 0xFF, 0x0F, 0xFF, 0xFF, 0xFF, 0xFF, 0xFF, 0xF0, 0xFF,
  0xFF, 0xFF, 0xFF, 0xFF, 0xFF, 0x0F, 0xFF, 0xFF, 0xFF, 0xFF, 0xFF, 0xF0,
  0x00, 0xFF, 0x80, 0x01, 0xFE, 0x00, 0x00, 0x0F, 0xF8, 0x00, 0x1F, 0xE0,
  0x00, 0x00, 0xFF, 0x80, 0x03, 0xFE, 0x00, 0x00, 0x0F, 0xF0, 0x00, 0x3F,
  0xE0, 0x00, 0x00, 0xFF, 0x00, 0x03, 0xFE, 0x00, 0x00, 0x1F, 0xF0, 0x00,
  0x3F, 0xE0, 0x00, 0x01, 0xFF, 0x00, 0x03, 0xFC, 0x00, 0x00, 0x1F, 0xF0,
  0x00, 0x3F, 0xC0, 0x00, 0x01, 0xFE, 0x00, 0x07, 0xFC, 0x00, 0x00, 0x1F,
  0xE0, 0x00, 0x7F, 0xC0, 0x00, 0x03, 0xFE, 0x00, 0x07, 0xFC, 0x00, 0x00,
  0x3F, 0xE0, 0x00, 0x7F, 0xC0, 0x00, 0x03, 0xFE, 0x00, 0x07, 0xF8, 0x00,
  0x00, 0x3F, 0xE0, 0x00, 0x7F, 0x80, 0x00, 0x03, 0xFC, 0x00, 0x0F, 0xF8,
  0x00, 0x00, 0x3F, 0xC0, 0x00, 0xFF, 0x80, 0x00, 0x07, 0xFC, 0x00, 0x0F,
  0xF8, 0x00, 0x00, 0x7F, 0xC0, 0x00, 0xFF, 0x80, 0x0F, 0xFF, 0xFF, 0xFF,
  0xFF, 0xFF, 0xF8, 0xFF, 0xFF, 0xFF, 0xFF, 0xFF, 0xFF, 0x8F, 0xFF, 0xFF,
  0xFF, 0xFF, 0xFF, 0xF8, 0xFF, 0xFF, 0xFF, 0xFF, 0xFF, 0xFF, 0x8F, 0xFF,
  0xFF, 0xFF, 0xFF, 0xFF, 0xF8, 0xFF, 0xFF, 0xFF, 0xFF, 0xFF, 0xFF, 0x8F,
  0xFF, 0xFF, 0xFF, 0xFF, 0xFF, 0xF8, 0xFF, 0xFF, 0xFF, 0xFF, 0xFF, 0xFF,
  0x80, 0x0F, 0xF0, 0x00, 0x3F, 0xE0, 0x00, 0x00, 0xFF, 0x00, 0x03, 0xFE,
  0x00, 0x00, 0x1F, 0xF0, 0x00, 0x3F, 0xE0, 0x00, 0x01, 0xFF, 0x00, 0x03,
  0xFC, 0x00, 0x00, 0x1F, 0xF0, 0x00, 0x3F, 0xC0, 0x00, 0x01, 0xFE, 0x00,
  0x07, 0xFC, 0x00, 0x00, 0x1F, 0xE0, 0x00, 0x7F, 0xC0, 0x00, 0x01, 0xFE,
  0x00, 0x07, 0xFC, 0x00, 0x00, 0x3F, 0xE0, 0x00, 0x7F, 0xC0, 0x00, 0x03,
  0xFE, 0x00, 0x07, 0xF8, 0x00, 0x00, 0x3F, 0xE0, 0x00, 0x7F, 0x80, 0x00,
  0x03, 0xFC, 0x00, 0x0F, 0xF8, 0x00, 0x00, 0x3F, 0xC0, 0x00, 0xFF, 0x80,
  0x00, 0x07, 0xFC, 0x00, 0x0F, 0xF8, 0x00, 0x00, 0x7F, 0xC0, 0x00, 0xFF,
  0x00, 0x00, 0x07, 0xFC, 0x00, 0x0F, 0xF0, 0x00, 0x00, 0x7F, 0xC0, 0x00,
  0xFF, 0x00, 0x00, 0x07, 0xF8, 0x00, 0x1F, 0xF0, 0x00, 0x00, 0x7F, 0x80,
  0x01, 0xFF, 0x00, 0x00, 0x00, 0x00, 0x0F, 0xC0, 0x00, 0x00, 0x00, 0x00,
  0x1F, 0x80, 0x00, 0x00, 0x00, 0x00, 0x3F, 0x00, 0x00, 0x00, 0x00, 0x00,
  0x7E, 0x00, 0x00, 0x00, 0x00, 0x00, 0xFC, 0x00, 0x00, 0x00, 0x00, 0x01,
  0xF8, 0x00, 0x00, 0x00, 0x00, 0x03, 0xF0, 0x00, 0x00, 0x00, 0x00, 0x07,
  0xE0, 0x00, 0x00, 0x00, 0x00, 0x0F, 0xC0, 0x00, 0x00, 0x00, 0x00, 0x1F,
  0x80, 0x00, 0x00, 0x00, 0x00, 0x3F, 0x00, 0x00, 0x00, 0x00, 0x00, 0x7E,
  0x00, 0x00, 0x00, 0x00, 0x00, 0xFC, 0x00, 0x00, 0x00, 0x00, 0x07, 0xFF,
  0x00, 0x00, 0x00, 0x00, 0xFF, 0xFF, 0xE0, 0x00, 0x00, 0x07, 0xFF, 0xFF,
  0xF8, 0x00, 0x00, 0x3F, 0xFF, 0xFF, 0xFC, 0x00, 0x01, 0xFF, 0xFF, 0xFF,
  0xFC, 0x00, 0x07, 0xFF, 0xFF, 0xFF, 0xFC, 0x00, 0x1F, 0xFF, 0xFF, 0xFF,
  0xFC, 0x00, 0x7F, 0xFF, 0xFF, 0xFF, 0xFC, 0x01, 0xFF, 0xFF, 0xFF, 0xFF,
  0xFC, 0x03, 0xFF, 0xFF, 0xFF, 0xFF, 0xFC, 0x0F, 0xFF, 0xFF, 0xFF, 0xFF,
  0xF8, 0x1F, 0xFF, 0xCF, 0xC7, 0xFF, 0xF8, 0x7F, 0xFE, 0x1F, 0x83, 0xFF,
  0xF0, 0xFF, 0xF8, 0x3F, 0x03, 0xFF, 0xE1, 0xFF, 0xE0, 0x7E, 0x03, 0xFF,
  0xE7, 0xFF, 0xC0, 0xFC, 0x07, 0xFF, 0xCF, 0xFF, 0x81, 0xF8, 0x0F, 0xFF,
  0x9F, 0xFE, 0x03, 0xF0, 0x0F, 0xFF, 0x3F, 0xFC, 0x07, 0xE0, 0x1F, 0xFE,
  0x7F, 0xF8, 0x0F, 0xC0, 0x00, 0x00, 0xFF, 0xF0, 0x1F, 0x80, 0x00, 0x01,
  0xFF, 0xF0, 0x3F, 0x00, 0x00, 0x03, 0xFF, 0xE0, 0x7E, 0x00, 0x00, 0x07,
  0xFF, 0xC0, 0xFC, 0x00, 0x00, 0x0F, 0xFF, 0xC1, 0xF8, 0x00, 0x00, 0x0F,
  0xFF, 0x83, 0xF0, 0x00, 0x00, 0x1F, 0xFF, 0x87, 0xE0, 0x00, 0x00, 0x3F,
  0xFF, 0x8F, 0xC0, 0x00, 0x00, 0x3F, 0xFF, 0xDF, 0x80, 0x00, 0x00, 0x7F,
  0xFF, 0xFF, 0x00, 0x00, 0x00, 0x7F, 0xFF, 0xFE, 0x00, 0x00, 0x00, 0xFF,
  0xFF, 0xFF, 0x80, 0x00, 0x00, 0xFF, 0xFF, 0xFF, 0xE0, 0x00, 0x00, 0xFF,
  0xFF, 0xFF, 0xF8, 0x00, 0x01, 0xFF, 0xFF, 0xFF, 0xFC, 0x00, 0x01, 0xFF,
  0xFF, 0xFF, 0xFC, 0x00, 0x00, 0xFF, 0xFF, 0xFF, 0xFE, 0x00, 0x00, 0xFF,
  0xFF, 0xFF, 0xFE, 0x00, 0x00, 0x7F, 0xFF, 0xFF, 0xFE, 0x00, 0x00, 0x3F,
  0xFF, 0xFF, 0xFE, 0x00, 0x00, 0x1F, 0xFF, 0xFF, 0xFE, 0x00, 0x00, 0x03,
  0xFF, 0xFF, 0xFC, 0x00, 0x00, 0x07, 0xFF, 0xFF, 0xFC, 0x00, 0x00, 0x0F,
  0xFF, 0xFF, 0xF8, 0x00, 0x00, 0x1F, 0x8F, 0xFF, 0xF8, 0x00, 0x00, 0x3F,
  0x07, 0xFF, 0xF0, 0x00, 0x00, 0x7E, 0x07, 0xFF, 0xE0, 0x00, 0x00, 0xFC,
  0x07, 0xFF, 0xE0, 0x00, 0x01, 0xF8, 0x07, 0xFF, 0xC0, 0x00, 0x03, 0xF0,
  0x0F, 0xFF, 0x80, 0x00, 0x07, 0xE0, 0x1F, 0xFF, 0x00, 0x00, 0x0F, 0xC0,
  0x1F, 0xFE, 0x00, 0x00, 0x1F, 0x80, 0x3F, 0xFF, 0xFF, 0xC0, 0x3F, 0x00,
  0x7F, 0xFF, 0xFF, 0x80, 0x7E, 0x00, 0xFF, 0xFF, 0xFF, 0x00, 0xFC, 0x01,
  0xFF, 0xFF, 0xFE, 0x01, 0xF8, 0x03, 0xFF, 0xFF, 0xFE, 0x03, 0xF0, 0x0F,
  0xFF, 0xFF, 0xFC, 0x07, 0xE0, 0x1F, 0xFF, 0xFF, 0xFC, 0x0F, 0xC0, 0x7F,
  0xFC, 0xFF, 0xFC, 0x1F, 0x81, 0xFF, 0xF9, 0xFF, 0xFE, 0x3F, 0x0F, 0xFF,
  0xE1, 0xFF, 0xFF, 0xFE, 0x7F, 0xFF, 0xC3, 0xFF, 0xFF, 0xFF, 0xFF, 0xFF,
  0x03, 0xFF, 0xFF, 0xFF, 0xFF, 0xFE, 0x03, 0xFF, 0xFF, 0xFF, 0xFF, 0xF8,
  0x03, 0xFF, 0xFF, 0xFF, 0xFF, 0xE0, 0x03, 0xFF, 0xFF, 0xFF, 0xFF, 0x80,
  0x03, 0xFF, 0xFF, 0xFF, 0xFE, 0x00, 0x03, 0xFF, 0xFF, 0xFF, 0xF8, 0x00,
  0x01, 0xFF, 0xFF, 0xFF, 0xC0, 0x00, 0x00, 0xFF, 0xFF, 0xFE, 0x00, 0x00,
  0x00, 0x3F, 0xFF, 0xE0, 0x00, 0x00, 0x00, 0x03, 0xF0, 0x00, 0x00, 0x00,
  0x00, 0x07, 0xE0, 0x00, 0x00, 0x00, 0x00, 0x0F, 0xC0, 0x00, 0x00, 0x00,
  0x00, 0x1F, 0x80, 0x00, 0x00, 0x00, 0x00, 0x3F, 0x00, 0x00, 0x00, 0x00,
  0x00, 0x7E, 0x00, 0x00, 0x00, 0x00, 0x00, 0xFC, 0x00, 0x00, 0x00, 0x00,
  0x01, 0xF8, 0x00, 0x00, 0x00, 0x00, 0x03, 0xF0, 0x00, 0x00, 0x00, 0x00,
  0x07, 0xE0, 0x00, 0x00, 0x00, 0x00, 0x0F, 0xC0, 0x00, 0x00, 0x00, 0x00,
  0x1F, 0x80, 0x00, 0x00, 0x00, 0x00, 0x3F, 0x00, 0x00, 0x00, 0x00, 0x3F,
  0xE0, 0x00, 0x00, 0x00, 0x3F, 0xE0, 0x3F, 0xFF, 0x80, 0x00, 0x00, 0x0F,
  0xF8, 0x0F, 0xFF, 0xFC, 0x00, 0x00, 0x03, 0xFE, 0x07, 0xFF, 0xFF, 0xC0,
  0x00, 0x00, 0x7F, 0x81, 0xFF, 0xFF, 0xFC, 0x00, 0x00, 0x1F, 0xF0, 0x3F,
  0xFF, 0xFF, 0xC0, 0x00, 0x07, 0xFC, 0x0F, 0xFF, 0xFF, 0xF8, 0x00, 0x01,
  0xFF, 0x01, 0xFF, 0xFF, 0xFF, 0x80, 0x00, 0x3F, 0xE0, 0x7F, 0xF0, 0x7F,
  0xF0, 0x00, 0x0F, 0xF8, 0x0F, 0xFC, 0x03, 0xFF, 0x00, 0x03, 0xFE, 0x01,
  0xFF, 0x00, 0x3F, 0xE0, 0x00, 0x7F, 0xC0, 0x3F, 0xE0, 0x07, 0xFC, 0x00,
  0x1F, 0xF0, 0x07, 0xF8, 0x00, 0xFF, 0x80, 0x07, 0xFC, 0x00, 0xFF, 0x00,
  0x1F, 0xF0, 0x00, 0xFF, 0x00, 0x1F, 0xE0, 0x03, 0xFE, 0x00, 0x3F, 0xE0,
  0x03, 0xFC, 0x00, 0x7F, 0xC0, 0x0F, 0xF8, 0x00, 0x7F, 0x80, 0x0F, 0xF8,
  0x01, 0xFE, 0x00, 0x0F, 0xF0, 0x01, 0xFF, 0x00, 0x7F, 0xC0, 0x01, 0xFE,
  0x00, 0x3F, 0xE0, 0x1F, 0xF0, 0x00, 0x3F, 0xC0, 0x07, 0xFC, 0x07, 0xFC,
  0x00, 0x07, 0xF8, 0x00, 0xFF, 0x80, 0xFF, 0x80, 0x00, 0xFF, 0x80, 0x1F,
  0xF0, 0x3F, 0xE0, 0x00, 0x1F, 0xF0, 0x03, 0xFE, 0x0F, 0xF8, 0x00, 0x03,
  0xFF, 0x00, 0xFF, 0xC1, 0xFE, 0x00, 0x00, 0x7F, 0xF0, 0x7F, 0xF0, 0x7F,
  0xC0, 0x00, 0x07, 0xFF, 0xFF, 0xFE, 0x1F, 0xF0, 0x00, 0x00, 0xFF, 0xFF,
  0xFF, 0x83, 0xFC, 0x00, 0x00, 0x0F, 0xFF, 0xFF, 0xF0, 0xFF, 0x80, 0x00,
  0x01, 0xFF, 0xFF, 0xFC, 0x3F, 0xE0, 0x00, 0x00, 0x1F, 0xFF, 0xFF, 0x0F,
  0xF8, 0x00, 0x00, 0x00, 0xFF, 0xFF, 0xC1, 0xFF, 0x00, 0x00, 0x00, 0x0F,
  0xFF, 0xE0, 0x7F, 0xC0, 0x00, 0x00, 0x00, 0x3F, 0xE0, 0x1F, 0xF0, 0x00,
  0x00, 0x00, 0x00, 0x00, 0x03, 0xFE, 0x00, 0x00, 0x00, 0x00, 0x00, 0x00,
  0xFF, 0x80, 0x00, 0x00, 0x00, 0x00, 0x00, 0x3F, 0xE0, 0x00, 0x00, 0x00,
  0x00, 0x00, 0x07, 0xF8, 0x00, 0x00, 0x00, 0x00, 0x00, 0x01, 0xFF, 0x00,
  0x00, 0x00, 0x00, 0x00, 0x00, 0x7F, 0xC0, 0x00, 0x00, 0x00, 0x00, 0x00,
  0x0F, 0xF0, 0x00, 0x00, 0x00, 0x00, 0x00, 0x03, 0xFE, 0x01, 0xFF, 0x80,
  0x00, 0x00, 0x00, 0xFF, 0x80, 0xFF, 0xFC, 0x00, 0x00, 0x00, 0x3F, 0xE0,
  0x7F, 0xFF, 0xE0, 0x00, 0x00, 0x07, 0xFC, 0x1F, 0xFF, 0xFE, 0x00, 0x00,
  0x01, 0xFF, 0x07, 0xFF, 0xFF, 0xE0, 0x00, 0x00, 0x7F, 0xC1, 0xFF, 0xFF,
  0xFE, 0x00, 0x00, 0x0F, 0xF8, 0x7F, 0xFF, 0xFF, 0xE0, 0x00, 0x03, 0xFE,
  0x0F, 0xFF, 0xFF, 0xFC, 0x00, 0x00, 0xFF, 0x83, 0xFF, 0x83, 0xFF, 0xC0,
  0x00, 0x1F, 0xE0, 0x7F, 0xE0, 0x1F, 0xF8, 0x00, 0x07, 0xFC, 0x0F, 0xF8,
  0x01, 0xFF, 0x00, 0x01, 0xFF, 0x01, 0xFF, 0x00, 0x3F, 0xE0, 0x00, 0x3F,
  0xC0, 0x3F, 0xC0, 0x07, 0xFC, 0x00, 0x0F, 0xF8, 0x07, 0xF8, 0x00, 0xFF,
  0x80, 0x03, 0xFE, 0x00, 0xFF, 0x00, 0x1F, 0xF0, 0x00, 0xFF, 0x80, 0x1F,
  0xE0, 0x03, 0xFE, 0x00, 0x1F, 0xF0, 0x03, 0xFC, 0x00, 0x7F, 0xC0, 0x07,
  0xFC, 0x00, 0x7F, 0x80, 0x0F, 0xF8, 0x01, 0xFF, 0x00, 0x0F, 0xF0, 0x01,
  0xFF, 0x00, 0x3F, 0xE0, 0x01, 0xFE, 0x00, 0x3F, 0xE0, 0x0F, 0xF8, 0x00,
  0x3F, 0xC0, 0x07, 0xFC, 0x03, 0xFE, 0x00, 0x07, 0xFC, 0x00, 0xFF, 0x80,
  0x7F, 0x80, 0x00, 0xFF, 0x80, 0x1F, 0xF0, 0x1F, 0xF0, 0x00, 0x1F, 0xF8,
  0x07, 0xFE, 0x07, 0xFC, 0x00, 0x03, 0xFF, 0x81, 0xFF, 0x81, 0xFF, 0x00,
  0x00, 0x3F, 0xFF, 0xFF, 0xF0, 0x3F, 0xE0, 0x00, 0x07, 0xFF, 0xFF, 0xFE,
  0x0F, 0xF8, 0x00, 0x00, 0x7F, 0xFF, 0xFF, 0x83, 0xFE, 0x00, 0x00, 0x07,
  0xFF, 0xFF, 0xE0, 0x7F, 0xC0, 0x00, 0x00, 0x7F, 0xFF, 0xF8, 0x1F, 0xF0,
  0x00, 0x00, 0x07, 0xFF, 0xFE, 0x07, 0xFC, 0x00, 0x00, 0x00, 0x3F, 0xFF,
  0x00, 0x00, 0x00, 0x00, 0x00, 0x01, 0xFF, 0x00, 0x00, 0x00, 0x00, 0x07,
  0xFE, 0x00, 0x00, 0x00, 0x00, 0x00, 0x07, 0xFF, 0xF8, 0x00, 0x00, 0x00,
  0x00, 0x07, 0xFF, 0xFF, 0xC0, 0x00, 0x00, 0x00, 0x01, 0xFF, 0xFF, 0xFC,
  0x00, 0x00, 0x00, 0x00, 0x7F, 0xFF, 0xFF, 0xE0, 0x00, 0x00, 0x00, 0x1F,
  0xFF, 0xFF, 0xFE, 0x00, 0x00, 0x00, 0x07, 0xFF, 0xFF, 0xFF, 0xC0, 0x00,
  0x00, 0x01, 0xFF, 0xFF, 0xFF, 0xFC, 0x00, 0x00, 0x00, 0x7F, 0xFF, 0xFF,
  0xFF, 0xC0, 0x00, 0x00, 0x0F, 0xFF, 0xFF, 0xFF, 0xF8, 0x00, 0x00, 0x01,
  0xFF, 0xF8, 0x3F, 0xFF, 0x80, 0x00, 0x00, 0x7F, 0xFC, 0x01, 0xFF, 0xF0,
  0x00, 0x00, 0x0F, 0xFF, 0x00, 0x1F, 0xFF, 0x00, 0x00, 0x01, 0xFF, 0xE0,
  0x01, 0xFF, 0xE0, 0x00, 0x00, 0x3F, 0xF8, 0x00, 0x3F, 0xFC, 0x00, 0x00,
  0x07, 0xFF, 0x00, 0x03, 0xFF, 0x80, 0x00, 0x00, 0xFF, 0xE0, 0x00, 0x7F,
  0xF0, 0x00, 0x00, 0x1F, 0xFC, 0x00, 0x0F, 0xFF, 0x00, 0x00, 0x03, 0xFF,
  0x80, 0x01, 0xFF, 0xE0, 0x00, 0x00, 0x7F, 0xF8, 0x00, 0x00, 0x00, 0x00,
  0x00, 0x0F, 0xFF, 0x00, 0x00, 0x00, 0x00, 0x00, 0x00, 0xFF, 0xE0, 0x00,
  0x00, 0x00, 0x00, 0x00, 0x1F, 0xFE, 0x00, 0x00, 0x00, 0x00, 0x00, 0x03,
  0xFF, 0xE0, 0x00, 0x00, 0x00, 0x00, 0x00, 0x3F, 0xFE, 0x00, 0x00, 0x00,
  0x00, 0x00, 0x03, 0xFF, 0xC0, 0x00, 0x00, 0x00, 0x00, 0x00, 0x7F, 0xFC,
  0x00, 0x00, 0x00, 0x00, 0x00, 0x07, 0xFF, 0xC0, 0x00, 0x00, 0x00, 0x00,
  0x00, 0x7F, 0xFC, 0x00, 0x00, 0x00, 0x00, 0x00, 0x0F, 0xFF, 0x80, 0x00,
  0x00, 0x00, 0x00, 0x00, 0xFF, 0xF8, 0x00, 0x00, 0x00, 0x00, 0x01, 0xFF,
  0xFF, 0x80, 0x00, 0x00, 0x00, 0x00, 0xFF, 0xFF, 0xF8, 0x00, 0x00, 0x00,
  0x00, 0x7F, 0xFF, 0xFF, 0x00, 0x00, 0x00, 0x00, 0x1F, 0xFF, 0xFF, 0xF0,
  0x00, 0x00, 0x00, 0x07, 0xFF, 0xFF, 0xFF, 0x00, 0x00, 0x00, 0x01, 0xFF,
  0xFF, 0xFF, 0xF0, 0x00, 0x00, 0x00, 0x3F, 0xFF, 0xFF, 0xFE, 0x00, 0x07,
  0xFF, 0xCF, 0xFF, 0xFF, 0xFF, 0xE0, 0x01, 0xFF, 0xF3, 0xFF, 0xFF, 0xFF,
  0xFE, 0x00, 0x3F, 0xFC, 0x7F, 0xFE, 0x03, 0xFF, 0xE0, 0x0F, 0xFF, 0x0F,
  0xFF, 0x80, 0x7F, 0xFC, 0x03, 0xFF, 0xE3, 0xFF, 0xE0, 0x07, 0xFF, 0xC0,
  0xFF, 0xF8, 0x7F, 0xF8, 0x00, 0x7F, 0xFC, 0x3F, 0xFE, 0x0F, 0xFF, 0x00,
  0x07, 0xFF, 0xC7, 0xFF, 0x81, 0xFF, 0xE0, 0x00, 0xFF, 0xF9, 0xFF, 0xE0,
  0x3F, 0xF8, 0x00, 0x0F, 0xFF, 0xFF, 0xFC, 0x07, 0xFF, 0x00, 0x00, 0xFF,
  0xFF, 0xFF, 0x00, 0xFF, 0xE0, 0x00, 0x0F, 0xFF, 0xFF, 0xC0, 0x1F, 0xFC,
  0x00, 0x01, 0xFF, 0xFF, 0xF0, 0x03, 0xFF, 0x80, 0x00, 0x1F, 0xFF, 0xFC,
  0x00, 0x7F, 0xF0, 0x00, 0x01, 0xFF, 0xFF, 0x80, 0x0F, 0xFE, 0x00, 0x00,
  0x1F, 0xFF, 0xE0, 0x01, 0xFF, 0xC0, 0x00, 0x03, 0xFF, 0xF8, 0x00, 0x3F,
  0xF8, 0x00, 0x00, 0x3F, 0xFE, 0x00, 0x07, 0xFF, 0x00, 0x00, 0x07, 0xFF,
  0xE0, 0x00, 0xFF, 0xE0, 0x00, 0x01, 0xFF, 0xFE, 0x00, 0x1F, 0xFE, 0x00,
  0x00, 0x7F, 0xFF, 0xC0, 0x03, 0xFF, 0xC0, 0x00, 0x1F, 0xFF, 0xFC, 0x00,
  0x7F, 0xFC, 0x00, 0x07, 0xFF, 0xFF, 0xC0, 0x0F, 0xFF, 0x80, 0x01, 0xFF,
  0xFF, 0xFC, 0x00, 0xFF, 0xF8, 0x00, 0x7F, 0xFF, 0xFF, 0x80, 0x1F, 0xFF,
  0xC0, 0x3F, 0xFF, 0xFF, 0xF8, 0x03, 0xFF, 0xFF, 0xFF, 0xFF, 0xEF, 0xFF,
  0x80, 0x3F, 0xFF, 0xFF, 0xFF, 0xF8, 0xFF, 0xF8, 0x07, 0xFF, 0xFF, 0xFF,
  0xFF, 0x0F, 0xFF, 0x00, 0x7F, 0xFF, 0xFF, 0xFF, 0xC1, 0xFF, 0xF0, 0x07,
  0xFF, 0xFF, 0xFF, 0xF0, 0x1F, 0xFF, 0x00, 0x7F, 0xFF, 0xFF, 0xFC, 0x01,
  0xFF, 0xF0, 0x07, 0xFF, 0xFF, 0xFF, 0x00, 0x1F, 0xFE, 0x00, 0x7F, 0xFF,
  0xFF, 0x80, 0x03, 0xFF, 0xE0, 0x03, 0xFF, 0xFF, 0xE0, 0x00, 0x3F, 0xFE,
  0x00, 0x1F, 0xFF, 0xF0, 0x00, 0x03, 0xFF, 0xE0, 0x00, 0x7F, 0xE0, 0x00,
  0x00, 0x00, 0x00, 0xFF, 0xFF, 0xFF, 0xFF, 0xFF, 0xFF, 0xFF, 0xFF, 0xFF,
  0xFF, 0xFF, 0xFF, 0xFF, 0xFF, 0xFF, 0xFF, 0xFF, 0xFF, 0xFF, 0xFF, 0xFF,
  0xFF, 0xFF, 0xFF, 0xFF, 0xFF, 0xFF, 0xFF, 0xFF, 0xFF, 0xFD, 0xFF, 0xEF,
  0xFF, 0x7F, 0xF9, 0xFF, 0xCF, 0xFE, 0x7F, 0xF3, 0xFF, 0x9F, 0xFC, 0xFF,
  0xE7, 0xFF, 0x00, 0x00, 0x00, 0x00, 0x07, 0x00, 0x00, 0x00, 0x7F, 0x00,
  0x00, 0x01, 0xFF, 0x00, 0x00, 0x07, 0xFF, 0x00, 0x00, 0x1F, 0xFF, 0x00,
  0x00, 0x7F, 0xFF, 0x00, 0x00, 0xFF, 0xFF, 0x00, 0x03, 0xFF, 0xFF, 0x00,
  0x07, 0xFF, 0xFF, 0x00, 0x0F, 0xFF, 0xFF, 0x00, 0x1F, 0xFF, 0xFF, 0x00,
  0x3F, 0xFF, 0xFF, 0x00, 0x7F, 0xFF, 0xF8, 0x00, 0xFF, 0xFF, 0xE0, 0x01,
  0xFF, 0xFF, 0x80, 0x01, 0xFF, 0xFE, 0x00, 0x03, 0xFF, 0xFC, 0x00, 0x07,
  0xFF, 0xF8, 0x00, 0x07, 0xFF, 0xF0, 0x00, 0x0F, 0xFF, 0xE0, 0x00, 0x0F,
  0xFF, 0xC0, 0x00, 0x1F, 0xFF, 0x80, 0x00, 0x1F, 0xFF, 0x80, 0x00, 0x1F,
  0xFF, 0x00, 0x00, 0x3F, 0xFF, 0x00, 0x00, 0x3F, 0xFE, 0x00, 0x00, 0x3F,
  0xFE, 0x00, 0x00, 0x3F, 0xFC, 0x00, 0x00, 0x7F, 0xFC, 0x00, 0x00, 0x7F,
  0xFC, 0x00, 0x00, 0x7F, 0xF8, 0x00, 0x00, 0x7F, 0xF8, 0x00, 0x00, 0x7F,
  0xF8, 0x00, 0x00, 0x7F, 0xF8, 0x00, 0x00, 0xFF, 0xF8, 0x00, 0x00, 0xFF,
  0xF8, 0x00, 0x00, 0xFF, 0xF8, 0x00, 0x00, 0xFF, 0xF8, 0x00, 0x00, 0xFF,
  0xF8, 0x00, 0x00, 0xFF, 0xF8, 0x00, 0x00, 0xFF, 0xF8, 0x00, 0x00, 0xFF,
  0xF8, 0x00, 0x00, 0xFF, 0xF8, 0x00, 0x00, 0xFF, 0xF8, 0x00, 0x00, 0xFF,
  0xF8, 0x00, 0x00, 0xFF, 0xF8, 0x00, 0x00, 0xFF, 0xF8, 0x00, 0x00, 0xFF,
  0xF8, 0x00, 0x00, 0xFF, 0xF8, 0x00, 0x00, 0xFF, 0xF8, 0x00, 0x00, 0xFF,
  0xF8, 0x00, 0x00, 0xFF, 0xF8, 0x00, 0x00, 0xFF, 0xF8, 0x00, 0x00, 0xFF,
  0xF8, 0x00, 0x00, 0xFF, 0xF8, 0x00, 0x00, 0xFF, 0xF8, 0x00, 0x00, 0xFF,
  0xF8, 0x00, 0x00, 0xFF, 0xF8, 0x00, 0x00, 0xFF, 0xF8, 0x00, 0x00, 0xFF,
  0xF8, 0x00, 0x00, 0x7F, 0xF8, 0x00, 0x00, 0x7F, 0xF8, 0x00, 0x00, 0x7F,
  0xF8, 0x00, 0x00, 0x7F, 0xFC, 0x00, 0x00, 0x7F, 0xFC, 0x00, 0x00, 0x7F,
  0xFC, 0x00, 0x00, 0x3F, 0xFE, 0x00, 0x00, 0x3F, 0xFE, 0x00, 0x00, 0x3F,
  0xFE, 0x00, 0x00, 0x1F, 0xFF, 0x00, 0x00, 0x1F, 0xFF, 0x80, 0x00, 0x1F,
  0xFF, 0x80, 0x00, 0x0F, 0xFF, 0xC0, 0x00, 0x0F, 0xFF, 0xE0, 0x00, 0x07,
  0xFF, 0xE0, 0x00, 0x07, 0xFF, 0xF0, 0x00, 0x03, 0xFF, 0xF8, 0x00, 0x03,
  0xFF, 0xFE, 0x00, 0x01, 0xFF, 0xFF, 0x00, 0x00, 0xFF, 0xFF, 0xC0, 0x00,
  0x7F, 0xFF, 0xF0, 0x00, 0x7F, 0xFF, 0xFE, 0x00, 0x3F, 0xFF, 0xFF, 0x00,
  0x1F, 0xFF, 0xFF, 0x00, 0x0F, 0xFF, 0xFF, 0x00, 0x03, 0xFF, 0xFF, 0x00,
  0x01, 0xFF, 0xFF, 0x00, 0x00, 0xFF, 0xFF, 0x00, 0x00, 0x3F, 0xFF, 0x00,
  0x00, 0x0F, 0xFF, 0x00, 0x00, 0x03, 0xFF, 0x00, 0x00, 0x00, 0xFF, 0x00,
  0x00, 0x00, 0x1F, 0x00, 0x00, 0x00, 0x03, 0xE0, 0x00, 0x00, 0x01, 0xF8,
  0x00, 0x00, 0x03, 0xFE, 0x00, 0x00, 0x07, 0xFF, 0x00, 0x00, 0x0F, 0xFF,
  0x80, 0x00, 0x1F, 0xFF, 0xC0, 0x00, 0x3F, 0xFF, 0xC0, 0x00, 0x7F, 0xFF,
  0xC0, 0x00, 0xFF, 0xFF, 0xE0, 0x01, 0xFF, 0xFF, 0xE0, 0x03, 0xFF, 0xFF,
  0xE0, 0x07, 0xFF, 0xFF, 0xE0, 0x01, 0xFF, 0xFF, 0xE0, 0x00, 0xFF, 0xFF,
  0xE0, 0x00, 0x7F, 0xFF, 0xC0, 0x00, 0x3F, 0xFF, 0xC0, 0x00, 0x3F, 0xFF,
  0xC0, 0x00, 0x3F, 0xFF, 0x80, 0x00, 0x3F, 0xFF, 0x80, 0x00, 0x3F, 0xFF,
  0x00, 0x00, 0x3F, 0xFF, 0x00, 0x00, 0x7F, 0xFE, 0x00, 0x00, 0x7F, 0xFE,
  0x00, 0x00, 0x7F, 0xFC, 0x00, 0x00, 0xFF, 0xF8, 0x00, 0x00, 0xFF, 0xF8,
  0x00, 0x01, 0xFF, 0xF0, 0x00, 0x03, 0xFF, 0xE0, 0x00, 0x03, 0xFF, 0xE0,
  0x00, 0x07, 0xFF, 0xC0, 0x00, 0x0F, 0xFF, 0x80, 0x00, 0x1F, 0xFF, 0x00,
  0x00, 0x1F, 0xFE, 0x00, 0x00, 0x3F, 0xFC, 0x00, 0x00, 0x7F, 0xF8, 0x00,
  0x00, 0xFF, 0xF0, 0x00, 0x01, 0xFF, 0xE0, 0x00, 0x03, 0xFF, 0xC0, 0x00,
  0x07, 0xFF, 0x80, 0x00, 0x0F, 0xFF, 0x00, 0x00, 0x1F, 0xFE, 0x00, 0x00,
  0x3F, 0xFC, 0x00, 0x00, 0x7F, 0xF8, 0x00, 0x00, 0xFF, 0xF0, 0x00, 0x01,
  0xFF, 0xE0, 0x00, 0x03, 0xFF, 0xC0, 0x00, 0x07, 0xFF, 0x80, 0x00, 0x0F,
  0xFF, 0x00, 0x00, 0x1F, 0xFE, 0x00, 0x00, 0x3F, 0xFC, 0x00, 0x00, 0x7F,
  0xF8, 0x00, 0x00, 0xFF, 0xF0, 0x00, 0x01, 0xFF, 0xE0, 0x00, 0x03, 0xFF,
  0xC0, 0x00, 0x07, 0xFF, 0x80, 0x00, 0x0F, 0xFF, 0x00, 0x00, 0x1F, 0xFE,
  0x00, 0x00, 0x3F, 0xFC, 0x00, 0x00, 0x7F, 0xF8, 0x00, 0x00, 0xFF, 0xF0,
  0x00, 0x01, 0xFF, 0xE0, 0x00, 0x03, 0xFF, 0xC0, 0x00, 0x0F, 0xFF, 0x80,
  0x00, 0x1F, 0xFF, 0x00, 0x00, 0x3F, 0xFE, 0x00, 0x00, 0x7F, 0xF8, 0x00,
  0x01, 0xFF, 0xF0, 0x00, 0x03, 0xFF, 0xE0, 0x00, 0x0F, 0xFF, 0xC0, 0x00,
  0x1F, 0xFF, 0x00, 0x00, 0x7F, 0xFE, 0x00, 0x00, 0xFF, 0xF8, 0x00, 0x03,
  0xFF, 0xF0, 0x00, 0x0F, 0xFF, 0xE0, 0x00, 0x3F, 0xFF, 0x80, 0x00, 0xFF,
  0xFF, 0x00, 0x03, 0xFF, 0xFC, 0x00, 0x0F, 0xFF, 0xF0, 0x00, 0x3F, 0xFF,
  0xE0, 0x01, 0xFF, 0xFF, 0x80, 0x0F, 0xFF, 0xFE, 0x01, 0xFF, 0xFF, 0xF8,
  0x03, 0xFF, 0xFF, 0xE0, 0x07, 0xFF, 0xFF, 0x80, 0x0F, 0xFF, 0xFE, 0x00,
  0x1F, 0xFF, 0xF8, 0x00, 0x3F, 0xFF, 0xE0, 0x00, 0x7F, 0xFF, 0x00, 0x00,
  0xFF, 0xFC, 0x00, 0x01, 0xFF, 0xE0, 0x00, 0x03, 0xFF, 0x00, 0x00, 0x07,
  0xF8, 0x00, 0x00, 0x0F, 0x80, 0x00, 0x00, 0x18, 0x00, 0x00, 0x00, 0x00,
  0x00, 0x00, 0x07, 0xFE, 0x00, 0x00, 0x00, 0x00, 0x00, 0x3F, 0xF0, 0x00,
  0x00, 0x00, 0x00, 0x01, 0xFF, 0x80, 0x00, 0x00, 0x00, 0x00, 0x0F, 0xFC,
  0x00, 0x00, 0x00, 0x00, 0x00, 0x7F, 0xE0, 0x00, 0x00, 0x00, 0x00, 0x03,
  0xFF, 0x00, 0x00, 0x00, 0x00, 0x00, 0x1F, 0xF8, 0x00, 0x00, 0x00, 0x00,
  0x00, 0xFF, 0xC0, 0x00, 0x00, 0x00, 0x00, 0x07, 0xFE, 0x00, 0x00, 0x00,
  0x00, 0x00, 0x3F, 0xF0, 0x00, 0x00, 0x00, 0x00, 0x01, 0xFF, 0x80, 0x00,
  0x00, 0x00, 0x00, 0x0F, 0xFC, 0x00, 0x00, 0x00, 0x00, 0x00, 0x7F, 0xE0,
  0x00, 0x00, 0x0C, 0x00, 0x03, 0xFF, 0x00, 0x00, 0x40, 0x7C, 0x00, 0x1F,
  0xF8, 0x00, 0x1F, 0x03, 0xF8, 0x00, 0x7F, 0xC0, 0x03, 0xF8, 0x3F, 0xF8,
  0x03, 0xFE, 0x00, 0xFF, 0xC1, 0xFF, 0xF8, 0x1F, 0xF0, 0x3F, 0xFF, 0x0F,
  0xFF, 0xF0, 0xFF, 0x87, 0xFF, 0xF8, 0xFF, 0xFF, 0xE7, 0xF8, 0xFF, 0xFF,
  0xE7, 0xFF, 0xFF, 0xDF, 0xDF, 0xFF, 0xFF, 0x7F, 0xFF, 0xFF, 0xFF, 0xFF,
  0xFF, 0xFB, 0xFF, 0xFF, 0xFF, 0xFF, 0xFF, 0xFF, 0xE3, 0xFF, 0xFF, 0xFF,
  0xFF, 0xFF, 0xF8, 0x03, 0xFF, 0xFF, 0xFF, 0xFF, 0xFE, 0x00, 0x07, 0xFF,
  0xFF, 0xFF, 0xFF, 0x80, 0x00, 0x07, 0xFF, 0xFF, 0xFF, 0xF0, 0x00, 0x00,
  0x07, 0xFF, 0xFF, 0xF8, 0x00, 0x00, 0x00, 0x00, 0xFF, 0xF0, 0x00, 0x00,
  0x00, 0x00, 0x0F, 0xFF, 0xE0, 0x00, 0x00, 0x00, 0x00, 0xFF, 0xFF, 0x80,
  0x00, 0x00, 0x00, 0x0F, 0xFF, 0xFE, 0x00, 0x00, 0x00, 0x00, 0xFF, 0xFF,
  0xF8, 0x00, 0x00, 0x00, 0x0F, 0xFE, 0xFF, 0xC0, 0x00, 0x00, 0x00, 0x7F,
  0xF7, 0xFF, 0x00, 0x00, 0x00, 0x07, 0xFF, 0x3F, 0xFC, 0x00, 0x00, 0x00,
  0x7F, 0xF8, 0xFF, 0xF0, 0x00, 0x00, 0x07, 0xFF, 0x87, 0xFF, 0x80, 0x00,
  0x00, 0x3F, 0xFC, 0x1F, 0xFE, 0x00, 0x00, 0x03, 0xFF, 0xC0, 0x7F, 0xF8,
  0x00, 0x00, 0x3F, 0xFE, 0x03, 0xFF, 0xE0, 0x00, 0x01, 0xFF, 0xE0, 0x0F,
  0xFF, 0x00, 0x00, 0x1F, 0xFE, 0x00, 0x3F, 0xFC, 0x00, 0x01, 0xFF, 0xF0,
  0x01, 0xFF, 0xF0, 0x00, 0x1F, 0xFF, 0x00, 0x07, 0xFF, 0x80, 0x00, 0xFF,
  0xF0, 0x00, 0x1F, 0xFE, 0x00, 0x03, 0xFF, 0x00, 0x00, 0xFF, 0xE0, 0x00,
  0x07, 0xF8, 0x00, 0x03, 0xFC, 0x00, 0x00, 0x1F, 0x80, 0x00, 0x0F, 0xC0,
  0x00, 0x00, 0x78, 0x00, 0x00, 0x38, 0x00, 0x00, 0x00, 0x80, 0x00, 0x01,
  0x80, 0x00, 0x00, 0x00, 0x7F, 0xF8, 0x00, 0x00, 0x00, 0x00, 0xFF, 0xF0,
  0x00, 0x00, 0x00, 0x01, 0xFF, 0xE0, 0x00, 0x00, 0x00, 0x03, 0xFF, 0xC0,
  0x00, 0x00, 0x00, 0x07, 0xFF, 0x80, 0x00, 0x00, 0x00, 0x0F, 0xFF, 0x00,
  0x00, 0x00, 0x00, 0x1F, 0xFE, 0x00, 0x00, 0x00, 0x00, 0x3F, 0xFC, 0x00,
  0x00, 0x00, 0x00, 0x7F, 0xF8, 0x00, 0x00, 0x00, 0x00, 0xFF, 0xF0, 0x00,
  0x00, 0x00, 0x01, 0xFF, 0xE0, 0x00, 0x00, 0x00, 0x03, 0xFF, 0xC0, 0x00,
  0x00, 0x00, 0x07, 0xFF, 0x80, 0x00, 0x00, 0x00, 0x0F, 0xFF, 0x00, 0x00,
  0x00, 0x00, 0x1F, 0xFE, 0x00, 0x00, 0x00, 0x00, 0x3F, 0xFC, 0x00, 0x00,
  0x00, 0x00, 0x7F, 0xF8, 0x00, 0x00, 0x00, 0x00, 0xFF, 0xF0, 0x00, 0x03,
  0xFF, 0xFF, 0xFF, 0xFF, 0xFF, 0xFF, 0xFF, 0xFF, 0xFF, 0xFF, 0xFF, 0xFF,
  0xFF, 0xFF, 0xFF, 0xFF, 0xFF, 0xFF, 0xFF, 0xFF, 0xFF, 0xFF, 0xFF, 0xFF,
  0xFF, 0xFF, 0xFF, 0xFF, 0xFF, 0xFF, 0xFF, 0xFF, 0xFF, 0xFF, 0xFF, 0xFF,
  0xFF, 0xFF, 0xFF, 0xFF, 0xFF, 0xFF, 0xFF, 0xFF, 0xFF, 0xFF, 0xFF, 0xFF,
  0xFF, 0xFF, 0xFF, 0xFF, 0xFF, 0xFF, 0xFF, 0xFF, 0xFF, 0xFF, 0xFF, 0xFF,
  0xFF, 0xFF, 0xFF, 0xFF, 0xE0, 0x00, 0x0F, 0xFF, 0x00, 0x00, 0x00, 0x00,
  0x1F, 0xFE, 0x00, 0x00, 0x00, 0x00, 0x3F, 0xFC, 0x00, 0x00, 0x00, 0x00,
  0x7F, 0xF8, 0x00, 0x00, 0x00, 0x00, 0xFF, 0xF0, 0x00, 0x00, 0x00, 0x01,
  0xFF, 0xE0, 0x00, 0x00, 0x00, 0x03, 0xFF, 0xC0, 0x00, 0x00, 0x00, 0x07,
  0xFF, 0x80, 0x00, 0x00, 0x00, 0x0F, 0xFF, 0x00, 0x00, 0x00, 0x00, 0x1F,
  0xFE, 0x00, 0x00, 0x00, 0x00, 0x3F, 0xFC, 0x00, 0x00, 0x00, 0x00, 0x7F,
  0xF8, 0x00, 0x00, 0x00, 0x00, 0xFF, 0xF0, 0x00, 0x00, 0x00, 0x01, 0xFF,
  0xE0, 0x00, 0x00, 0x00, 0x03, 0xFF, 0xC0, 0x00, 0x00, 0x00, 0x07, 0xFF,
  0x80, 0x00, 0x00, 0x00, 0x0F, 0xFF, 0x00, 0x00, 0x00, 0x00, 0x1F, 0xFE,
  0x00, 0x00, 0x00, 0x07, 0xFF, 0xE0, 0xFF, 0xF8, 0x3F, 0xFF, 0x07, 0xFF,
  0xE0, 0xFF, 0xFC, 0x1F, 0xFF, 0x03, 0xFF, 0xE0, 0x7F, 0xFC, 0x1F, 0xFF,
  0x83, 0xFF, 0xE0, 0x7F, 0xFC, 0x0F, 0xFF, 0x81, 0xFF, 0xF0, 0x7F, 0xFC,
  0x0F, 0xFF, 0x81, 0xFF, 0xF0, 0x3F, 0xFE, 0x07, 0xFF, 0x80, 0xFF, 0xF0,
  0x3F, 0xFE, 0x07, 0xFF, 0xC0, 0xFF, 0xF8, 0x1F, 0xFE, 0x03, 0xFF, 0xC0,
  0x7F, 0xF8, 0x1F, 0xFF, 0x03, 0xFF, 0xC0, 0x7F, 0xF8, 0x0F, 0xFF, 0x01,
  0xFF, 0xE0, 0x00, 0xFF, 0xFF, 0xFF, 0xFF, 0xFF, 0xFF, 0xFF, 0xFF, 0xFF,
  0xFF, 0xFF, 0xFF, 0xFF, 0xFF, 0xFF, 0xFF, 0xFF, 0xFF, 0xFF, 0xFF, 0xFF,
  0xFF, 0xFF, 0xFF, 0xFF, 0xFF, 0xFF, 0xFF, 0xFF, 0xFF, 0xFF, 0xFF, 0xFF,
  0xFF, 0xFF, 0xFF, 0xFF, 0xFF, 0xFF, 0xFF, 0xFF, 0xFF, 0xF8, 0x03, 0xF8,
  0x01, 0xFF, 0xC0, 0x7F, 0xFC, 0x1F, 0xFF, 0xC7, 0xFF, 0xF8, 0xFF, 0xFF,
  0x9F, 0xFF, 0xF7, 0xFF, 0xFE, 0xFF, 0xFF, 0xFF, 0xFF, 0xFF, 0xFF, 0xFF,
  0x3F, 0xFF, 0xE7, 0xFF, 0xFC, 0xFF, 0xFF, 0x0F, 0xFF, 0xE0, 0xFF, 0xF8,
  0x0F, 0xFE, 0x00, 0x7F, 0x00, 0x00, 0x00, 0x00, 0x00, 0x3F, 0xFE, 0x00,
  0x00, 0x00, 0x00, 0x7F, 0xFC, 0x00, 0x00, 0x00, 0x01, 0xFF, 0xF0, 0x00,
  0x00, 0x00, 0x03, 0xFF, 0xE0, 0x00, 0x00, 0x00, 0x07, 0xFF, 0x80, 0x00,
  0x00, 0x00, 0x1F, 0xFF, 0x00, 0x00, 0x00, 0x00, 0x3F, 0xFE, 0x00, 0x00,
  0x00, 0x00, 0x7F, 0xF8, 0x00, 0x00, 0x00, 0x01, 0xFF, 0xF0, 0x00, 0x00,
  0x00, 0x03, 0xFF, 0xE0, 0x00, 0x00, 0x00, 0x0F, 0xFF, 0x80, 0x00, 0x00,
  0x00, 0x1F, 0xFF, 0x00, 0x00, 0x00, 0x00, 0x3F, 0xFC, 0x00, 0x00, 0x00,
  0x00, 0xFF, 0xF8, 0x00, 0x00, 0x00, 0x01, 0xFF, 0xF0, 0x00, 0x00, 0x00,
  0x03, 0xFF, 0xC0, 0x00, 0x00, 0x00, 0x0F, 0xFF, 0x80, 0x00, 0x00, 0x00,
  0x1F, 0xFF, 0x00, 0x00, 0x00, 0x00, 0x7F, 0xFC, 0x00, 0x00, 0x00, 0x00,
  0xFF, 0xF8, 0x00, 0x00, 0x00, 0x01, 0xFF, 0xF0, 0x00, 0x00, 0x00, 0x07,
  0xFF, 0xC0, 0x00, 0x00, 0x00, 0x0F, 0xFF, 0x80, 0x00, 0x00, 0x00, 0x1F,
  0xFE, 0x00, 0x00, 0x00, 0x00, 0x7F, 0xFC, 0x00, 0x00, 0x00, 0x00, 0xFF,
  0xF8, 0x00, 0x00, 0x00, 0x01, 0xFF, 0xE0, 0x00, 0x00, 0x00, 0x07, 0xFF,
  0xC0, 0x00, 0x00, 0x00, 0x0F, 0xFF, 0x80, 0x00, 0x00, 0x00, 0x3F, 0xFE,
  0x00, 0x00, 0x00, 0x00, 0x7F, 0xFC, 0x00, 0x00, 0x00, 0x00, 0xFF, 0xF0,
  0x00, 0x00, 0x00, 0x03, 0xFF, 0xE0, 0x00, 0x00, 0x00, 0x07, 0xFF, 0xC0,
  0x00, 0x00, 0x00, 0x0F, 0xFF, 0x00, 0x00, 0x00, 0x00, 0x3F, 0xFE, 0x00,
  0x00, 0x00, 0x00, 0x7F, 0xFC, 0x00, 0x00, 0x00, 0x01, 0xFF, 0xF0, 0x00,
  0x00, 0x00, 0x03, 0xFF, 0xE0, 0x00, 0x00, 0x00, 0x07, 0xFF, 0x80, 0x00,
  0x00, 0x00, 0x1F, 0xFF, 0x00, 0x00, 0x00, 0x00, 0x3F, 0xFE, 0x00, 0x00,
  0x00, 0x00, 0x7F, 0xF8, 0x00, 0x00, 0x00, 0x01, 0xFF, 0xF0, 0x00, 0x00,
  0x00, 0x03, 0xFF, 0xE0, 0x00, 0x00, 0x00, 0x0F, 0xFF, 0x80, 0x00, 0x00,
  0x00, 0x1F, 0xFF, 0x00, 0x00, 0x00, 0x00, 0x3F, 0xFE, 0x00, 0x00, 0x00,
  0x00, 0xFF, 0xF8, 0x00, 0x00, 0x00, 0x01, 0xFF, 0xF0, 0x00, 0x00, 0x00,
  0x03, 0xFF, 0xC0, 0x00, 0x00, 0x00, 0x0F, 0xFF, 0x80, 0x00, 0x00, 0x00,
  0x1F, 0xFF, 0x00, 0x00, 0x00, 0x00, 0x3F, 0xFC, 0x00, 0x00, 0x00, 0x00,
  0xFF, 0xF8, 0x00, 0x00, 0x00, 0x01, 0xFF, 0xF0, 0x00, 0x00, 0x00, 0x07,
  0xFF, 0xC0, 0x00, 0x00, 0x00, 0x0F, 0xFF, 0x80, 0x00, 0x00, 0x00, 0x1F,
  0xFE, 0x00, 0x00, 0x00, 0x00, 0x7F, 0xFC, 0x00, 0x00, 0x00, 0x00, 0xFF,
  0xF8, 0x00, 0x00, 0x00, 0x01, 0xFF, 0xE0, 0x00, 0x00, 0x00, 0x07, 0xFF,
  0xC0, 0x00, 0x00, 0x00, 0x0F, 0xFF, 0x80, 0x00, 0x00, 0x00, 0x3F, 0xFE,
  0x00, 0x00, 0x00, 0x00, 0x7F, 0xFC, 0x00, 0x00, 0x00, 0x00, 0xFF, 0xF0,
  0x00, 0x00, 0x00, 0x03, 0xFF, 0xE0, 0x00, 0x00, 0x00, 0x07, 0xFF, 0xC0,
  0x00, 0x00, 0x00, 0x0F, 0xFF, 0x00, 0x00, 0x00, 0x00, 0x3F, 0xFE, 0x00,
  0x00, 0x00, 0x00, 0x7F, 0xFC, 0x00, 0x00, 0x00, 0x01, 0xFF, 0xF0, 0x00,
  0x00, 0x00, 0x03, 0xFF, 0xE0, 0x00, 0x00, 0x00, 0x07, 0xFF, 0x80, 0x00,
  0x00, 0x00, 0x1F, 0xFF, 0x00, 0x00, 0x00, 0x00, 0x3F, 0xFE, 0x00, 0x00,
  0x00, 0x00, 0x7F, 0xF8, 0x00, 0x00, 0x00, 0x01, 0xFF, 0xF0, 0x00, 0x00,
  0x00, 0x03, 0xFF, 0xE0, 0x00, 0x00, 0x00, 0x0F, 0xFF, 0x80, 0x00, 0x00,
  0x00, 0x1F, 0xFF, 0x00, 0x00, 0x00, 0x00, 0x3F, 0xFE, 0x00, 0x00, 0x00,
  0x00, 0xFF, 0xF8, 0x00, 0x00, 0x00, 0x01, 0xFF, 0xF0, 0x00, 0x00, 0x00,
  0x03, 0xFF, 0xC0, 0x00, 0x00, 0x00, 0x0F, 0xFF, 0x80, 0x00, 0x00, 0x00,
  0x1F, 0xFF, 0x00, 0x00, 0x00, 0x00, 0x3F, 0xFC, 0x00, 0x00, 0x00, 0x00,
  0xFF, 0xF8, 0x00, 0x00, 0x00, 0x01, 0xFF, 0xF0, 0x00, 0x00, 0x00, 0x07,
  0xFF, 0xC0, 0x00, 0x00, 0x00, 0x0F, 0xFF, 0x80, 0x00, 0x00, 0x00, 0x00,
  0x00, 0x00, 0x7F, 0xF0, 0x00, 0x00, 0x00, 0x3F, 0xFF, 0xF8, 0x00, 0x00,
  0x07, 0xFF, 0xFF, 0xF0, 0x00, 0x00, 0xFF, 0xFF, 0xFF, 0xE0, 0x00, 0x1F,
  0xFF, 0xFF, 0xFF, 0x80, 0x01, 0xFF, 0xFF, 0xFF, 0xFF, 0x00, 0x1F, 0xFF,
  0xFF, 0xFF, 0xFC, 0x01, 0xFF, 0xFF, 0xFF, 0xFF, 0xF0, 0x0F, 0xFF, 0xFF,
  0xFF, 0xFF, 0x80, 0xFF, 0xFF, 0xFF, 0xFF, 0xFE, 0x0F, 0xFF, 0xFF, 0xFF,
  0xFF, 0xF8, 0x7F, 0xFF, 0x80, 0x3F, 0xFF, 0xC7, 0xFF, 0xF0, 0x00, 0x7F,
  0xFE, 0x3F, 0xFE, 0x00, 0x01, 0xFF, 0xF9, 0xFF, 0xE0, 0x00, 0x07, 0xFF,
  0xDF, 0xFF, 0x00, 0x00, 0x1F, 0xFE, 0xFF, 0xF0, 0x00, 0x00, 0x7F, 0xFF,
  0xFF, 0x80, 0x00, 0x03, 0xFF, 0xFF, 0xFC, 0x00, 0x00, 0x1F, 0xFF, 0xFF,
  0xC0, 0x00, 0x00, 0xFF, 0xFF, 0xFE, 0x00, 0x00, 0x03, 0xFF, 0xFF, 0xF0,
  0x00, 0x00, 0x1F, 0xFF, 0xFF, 0x80, 0x00, 0x00, 0xFF, 0xFF, 0xFC, 0x00,
  0x00, 0x07, 0xFF, 0xFF, 0xE0, 0x00, 0x00, 0x3F, 0xFF, 0xFF, 0x00, 0x00,
  0x01, 0xFF, 0xFF, 0xF8, 0x00, 0x00, 0x0F, 0xFF, 0xFF, 0xC0, 0x00, 0x00,
  0x7F, 0xFF, 0xFE, 0x00, 0x00, 0x03, 0xFF, 0xFF, 0xF0, 0x00, 0x00, 0x1F,
  0xFF, 0xFF, 0x80, 0x00, 0x00, 0xFF, 0xFF, 0xFC, 0x03, 0xF0, 0x07, 0xFF,
  0xFF, 0xE0, 0x3F, 0xE0, 0x3F, 0xFF, 0xFF, 0x03, 0xFF, 0x81, 0xFF, 0xFF,
  0xF8, 0x3F, 0xFC, 0x0F, 0xFF, 0xFF, 0xC1, 0xFF, 0xF0, 0x7F, 0xFF, 0xFE,
  0x0F, 0xFF, 0x83, 0xFF, 0xFF, 0xF0, 0x7F, 0xFC, 0x1F, 0xFF, 0xFF, 0x83,
  0xFF, 0xE0, 0xFF, 0xFF, 0xFC, 0x1F, 0xFE, 0x07, 0xFF, 0xFF, 0xE0, 0x7F,
  0xF0, 0x3F, 0xFF, 0xFF, 0x01, 0xFF, 0x01, 0xFF, 0xFF, 0xF8, 0x07, 0xE0,
  0x0F, 0xFF, 0xFF, 0xC0, 0x00, 0x00, 0x7F, 0xFF, 0xFE, 0x00, 0x00, 0x03,
  0xFF, 0xFF, 0xF0, 0x00, 0x00, 0x1F, 0xFF, 0xFF, 0x80, 0x00, 0x00, 0xFF,
  0xFF, 0xFC, 0x00, 0x00, 0x07, 0xFF, 0xFF, 0xE0, 0x00, 0x00, 0x3F, 0xFF,
  0xFF, 0x00, 0x00, 0x01, 0xFF, 0xFF, 0xF8, 0x00, 0x00, 0x0F, 0xFF, 0xFF,
  0xC0, 0x00, 0x00, 0x7F, 0xFF, 0xFE, 0x00, 0x00, 0x03, 0xFF, 0xFF, 0xF0,
  0x00, 0x00, 0x1F, 0xFF, 0xFF, 0x80, 0x00, 0x01, 0xFF, 0xFF, 0xFE, 0x00,
  0x00, 0x0F, 0xFF, 0xFF, 0xF0, 0x00, 0x00, 0x7F, 0xFF, 0xFF, 0x80, 0x00,
  0x03, 0xFF, 0xFF, 0xFE, 0x00, 0x00, 0x3F, 0xFC, 0xFF, 0xF8, 0x00, 0x03,
  0xFF, 0xE7, 0xFF, 0xC0, 0x00, 0x3F, 0xFF, 0x3F, 0xFF, 0x80, 0x03, 0xFF,
  0xF0, 0xFF, 0xFF, 0x00, 0x7F, 0xFF, 0x87, 0xFF, 0xFF, 0xFF, 0xFF, 0xFC,
  0x1F, 0xFF, 0xFF, 0xFF, 0xFF, 0xC0, 0xFF, 0xFF, 0xFF, 0xFF, 0xFC, 0x03,
  0xFF, 0xFF, 0xFF, 0xFF, 0xC0, 0x0F, 0xFF, 0xFF, 0xFF, 0xFE, 0x00, 0x3F,
  0xFF, 0xFF, 0xFF, 0xE0, 0x00, 0xFF, 0xFF, 0xFF, 0xFC, 0x00, 0x01, 0xFF,
  0xFF, 0xFF, 0xC0, 0x00, 0x03, 0xFF, 0xFF, 0xF8, 0x00, 0x00, 0x07, 0xFF,
  0xFF, 0x00, 0x00, 0x00, 0x03, 0xFF, 0x80, 0x00, 0x00, 0x00, 0x00, 0xFF,
  0xFE, 0x00, 0x00, 0x00, 0x07, 0xFF, 0xF8, 0x00, 0x00, 0x00, 0x7F, 0xFF,
  0xE0, 0x00, 0x00, 0x03, 0xFF, 0xFF, 0x80, 0x00, 0x00, 0x1F, 0xFF, 0xFE,
  0x00, 0x00, 0x01, 0xFF, 0xFF, 0xF8, 0x00, 0x00, 0x0F, 0xFF, 0xFF, 0xE0,
  0x00, 0x00, 0x7F, 0xFF, 0xFF, 0x80, 0x00, 0x07, 0xFF, 0xFF, 0xFE, 0x00,
  0x00, 0x3F, 0xFF, 0xFF, 0xF8, 0x00, 0x01, 0xFF, 0xFF, 0xFF, 0xE0, 0x00,
  0x0F, 0xFF, 0xFF, 0xFF, 0x80, 0x00, 0xFF, 0xFF, 0xFF, 0xFE, 0x00, 0x03,
  0xFF, 0xFF, 0x7F, 0xF8, 0x00, 0x0F, 0xFF, 0xF1, 0xFF, 0xE0, 0x00, 0x3F,
  0xFF, 0x87, 0xFF, 0x80, 0x00, 0xFF, 0xFC, 0x1F, 0xFE, 0x00, 0x03, 0xFF,
  0xC0, 0x7F, 0xF8, 0x00, 0x0F, 0xFE, 0x01, 0xFF, 0xE0, 0x00, 0x3F, 0xE0,
  0x07, 0xFF, 0x80, 0x00, 0xFF, 0x00, 0x1F, 0xFE, 0x00, 0x03, 0xF8, 0x00,
  0x7F, 0xF8, 0x00, 0x0F, 0x80, 0x01, 0xFF, 0xE0, 0x00, 0x3C, 0x00, 0x07,
  0xFF, 0x80, 0x00, 0xE0, 0x00, 0x1F, 0xFE, 0x00, 0x02, 0x00, 0x00, 0x7F,
  0xF8, 0x00, 0x00, 0x00, 0x01, 0xFF, 0xE0, 0x00, 0x00, 0x00, 0x07, 0xFF,
  0x80, 0x00, 0x00, 0x00, 0x1F, 0xFE, 0x00, 0x00, 0x00, 0x00, 0x7F, 0xF8,
  0x00, 0x00, 0x00, 0x01, 0xFF, 0xE0, 0x00, 0x00, 0x00, 0x07, 0xFF, 0x80,
  0x00, 0x00, 0x00, 0x1F, 0xFE, 0x00, 0x00, 0x00, 0x00, 0x7F, 0xF8, 0x00,
  0x00, 0x00, 0x01, 0xFF, 0xE0, 0x00, 0x00, 0x00, 0x07, 0xFF, 0x80, 0x00,
  0x00, 0x00, 0x1F, 0xFE, 0x00, 0x00, 0x00, 0x00, 0x7F, 0xF8, 0x00, 0x00,
  0x00, 0x01, 0xFF, 0xE0, 0x00, 0x00, 0x00, 0x07, 0xFF, 0x80, 0x00, 0x00,
  0x00, 0x1F, 0xFE, 0x00, 0x00, 0x00, 0x00, 0x7F, 0xF8, 0x00, 0x00, 0x00,
  0x01, 0xFF, 0xE0, 0x00, 0x00, 0x00, 0x07, 0xFF, 0x80, 0x00, 0x00, 0x00,
  0x1F, 0xFE, 0x00, 0x00, 0x00, 0x00, 0x7F, 0xF8, 0x00, 0x00, 0x00, 0x01,
  0xFF, 0xE0, 0x00, 0x00, 0x00, 0x07, 0xFF, 0x80, 0x00, 0x00, 0x00, 0x1F,
  0xFE, 0x00, 0x00, 0x00, 0x00, 0x7F, 0xF8, 0x00, 0x00, 0x00, 0x01, 0xFF,
  0xE0, 0x00, 0x00, 0x00, 0x07, 0xFF, 0x80, 0x00, 0x00, 0x00, 0x1F, 0xFE,
  0x00, 0x00, 0x00, 0x00, 0x7F, 0xF8, 0x00, 0x00, 0x00, 0x01, 0xFF, 0xE0,
  0x00, 0x00, 0x00, 0x07, 0xFF, 0x80, 0x00, 0x00, 0x00, 0x1F, 0xFE, 0x00,
  0x00, 0x00, 0x00, 0x7F, 0xF8, 0x00, 0x00, 0x00, 0x01, 0xFF, 0xE0, 0x00,
  0x00, 0x00, 0x07, 0xFF, 0x80, 0x00, 0x00, 0x00, 0x1F, 0xFE, 0x00, 0x03,
  0xFF, 0xFF, 0xFF, 0xFF, 0xFF, 0xFF, 0xFF, 0xFF, 0xFF, 0xFF, 0xFF, 0xFF,
  0xFF, 0xFF, 0xFF, 0xFF, 0xFF, 0xFF, 0xFF, 0xFF, 0xFF, 0xFF, 0xFF, 0xFF,
  0xFF, 0xFF, 0xFF, 0xFF, 0xFF, 0xFF, 0xFF, 0xFF, 0xFF, 0xFF, 0xFF, 0xFF,
  0xFF, 0xFF, 0xFF, 0xFF, 0xFF, 0xFF, 0xFF, 0xFF, 0xFF, 0xFF, 0xFF, 0xFF,
  0xFF, 0xFF, 0xFF, 0xFF, 0xFF, 0xFF, 0xFF, 0xFF, 0xFF, 0xFF, 0xFF, 0xFF,
  0xFF, 0xFF, 0xFF, 0x00, 0x00, 0x3F, 0xF8, 0x00, 0x00, 0x00, 0x07, 0xFF,
  0xFF, 0x00, 0x00, 0x00, 0x3F, 0xFF, 0xFF, 0x80, 0x00, 0x01, 0xFF, 0xFF,
  0xFF, 0xC0, 0x00, 0x07, 0xFF, 0xFF, 0xFF, 0xC0, 0x00, 0x3F, 0xFF, 0xFF,
  0xFF, 0xC0, 0x00, 0xFF, 0xFF, 0xFF, 0xFF, 0xC0, 0x03, 0xFF, 0xFF, 0xFF,
  0xFF, 0xC0, 0x07, 0xFF, 0xFF, 0xFF, 0xFF, 0xC0, 0x1F, 0xFF, 0xFF, 0xFF,
  0xFF, 0xC0, 0x7F, 0xFF, 0xFF, 0xFF, 0xFF, 0x80, 0xFF, 0xFF, 0x00, 0xFF,
  0xFF, 0x83, 0xFF, 0xF8, 0x00, 0x7F, 0xFF, 0x07, 0xFF, 0xE0, 0x00, 0x7F,
  0xFF, 0x1F, 0xFF, 0x80, 0x00, 0x7F, 0xFE, 0x3F, 0xFE, 0x00, 0x00, 0x7F,
  0xFC, 0x7F, 0xFC, 0x00, 0x00, 0xFF, 0xF8, 0xFF, 0xF0, 0x00, 0x00, 0xFF,
  0xFB, 0xFF, 0xE0, 0x00, 0x01, 0xFF, 0xF7, 0xFF, 0xC0, 0x00, 0x03, 0xFF,
  0xEF, 0xFF, 0x00, 0x00, 0x07, 0xFF, 0xDF, 0xFE, 0x00, 0x00, 0x0F, 0xFF,
  0x80, 0x00, 0x00, 0x00, 0x1F, 0xFF, 0x00, 0x00, 0x00, 0x00, 0x3F, 0xFE,
  0x00, 0x00, 0x00, 0x00, 0x7F, 0xFC, 0x00, 0x00, 0x00, 0x00, 0xFF, 0xF0,
  0x00, 0x00, 0x00, 0x01, 0xFF, 0xE0, 0x00, 0x00, 0x00, 0x07, 0xFF, 0xC0,
  0x00, 0x00, 0x00, 0x0F, 0xFF, 0x80, 0x00, 0x00, 0x00, 0x3F, 0xFE, 0x00,
  0x00, 0x00, 0x00, 0x7F, 0xFC, 0x00, 0x00, 0x00, 0x01, 0xFF, 0xF8, 0x00,
  0x00, 0x00, 0x07, 0xFF, 0xE0, 0x00, 0x00, 0x00, 0x0F, 0xFF, 0xC0, 0x00,
  0x00, 0x00, 0x3F, 0xFF, 0x00, 0x00, 0x00, 0x00, 0xFF, 0xFE, 0x00, 0x00,
  0x00, 0x03, 0xFF, 0xF8, 0x00, 0x00, 0x00, 0x0F, 0xFF, 0xE0, 0x00, 0x00,
  0x00, 0x3F, 0xFF, 0xC0, 0x00, 0x00, 0x00, 0xFF, 0xFF, 0x00, 0x00, 0x00,
  0x03, 0xFF, 0xFC, 0x00, 0x00, 0x00, 0x0F, 0xFF, 0xF0, 0x00, 0x00, 0x00,
  0x3F, 0xFF, 0xC0, 0x00, 0x00, 0x00, 0xFF, 0xFF, 0x00, 0x00, 0x00, 0x03,
  0xFF, 0xFC, 0x00, 0x00, 0x00, 0x0F, 0xFF, 0xF0, 0x00, 0x00, 0x00, 0x3F,
  0xFF, 0xC0, 0x00, 0x00, 0x00, 0xFF, 0xFF, 0x00, 0x00, 0x00, 0x03, 0xFF,
  0xFC, 0x00, 0x00, 0x00, 0x0F, 0xFF, 0xF0, 0x00, 0x00, 0x00, 0x1F, 0xFF,
  0xC0, 0x00, 0x00, 0x00, 0x7F, 0xFF, 0x00, 0x00, 0x00, 0x01, 0xFF, 0xFC,
  0x00, 0x00, 0x00, 0x07, 0xFF, 0xF0, 0x00, 0x00, 0x00, 0x1F, 0xFF, 0xC0,
  0x00, 0x00, 0x00, 0x7F, 0xFF, 0x00, 0x00, 0x00, 0x01, 0xFF, 0xFC, 0x00,
  0x00, 0x00, 0x07, 0xFF, 0xF0, 0x00, 0x00, 0x00, 0x1F, 0xFF, 0xC0, 0x00,
  0x00, 0x00, 0x7F, 0xFF, 0x00, 0x00, 0x00, 0x01, 0xFF, 0xFC, 0x00, 0x00,
  0x00, 0x07, 0xFF, 0xF0, 0x00, 0x00, 0x00, 0x1F, 0xFF, 0xFF, 0xFF, 0xFF,
  0xFF, 0xBF, 0xFF, 0xFF, 0xFF, 0xFF, 0xFF, 0x7F, 0xFF, 0xFF, 0xFF, 0xFF,
  0xFE, 0xFF, 0xFF, 0xFF, 0xFF, 0xFF, 0xFD, 0xFF, 0xFF, 0xFF, 0xFF, 0xFF,
  0xFB, 0xFF, 0xFF, 0xFF, 0xFF, 0xFF, 0xF7, 0xFF, 0xFF, 0xFF, 0xFF, 0xFF,
  0xEF, 0xFF, 0xFF, 0xFF, 0xFF, 0xFF, 0xDF, 0xFF, 0xFF, 0xFF, 0xFF, 0xFF,
  0xBF, 0xFF, 0xFF, 0xFF, 0xFF, 0xFF, 0x7F, 0xFF, 0xFF, 0xFF, 0xFF, 0xFE,
  0x3F, 0xFF, 0xFF, 0xFF, 0xFF, 0xF0, 0xFF, 0xFF, 0xFF, 0xFF, 0xFF, 0xC3,
  0xFF, 0xFF, 0xFF, 0xFF, 0xFF, 0x0F, 0xFF, 0xFF, 0xFF, 0xFF, 0xFC, 0x3F,
  0xFF, 0xFF, 0xFF, 0xFF, 0xF0, 0xFF, 0xFF, 0xFF, 0xFF, 0xFF, 0xC3, 0xFF,
  0xFF, 0xFF, 0xFF, 0xFF, 0x0F, 0xFF, 0xFF, 0xFF, 0xFF, 0xFC, 0x3F, 0xFF,
  0xFF, 0xFF, 0xFF, 0xF0, 0xFF, 0xFF, 0xFF, 0xFF, 0xFF, 0xC3, 0xFF, 0xFF,
  0xFF, 0xFF, 0xFF, 0x00, 0x00, 0x00, 0x01, 0xFF, 0xF0, 0x00, 0x00, 0x00,
  0x0F, 0xFF, 0x80, 0x00, 0x00, 0x00, 0x7F, 0xFC, 0x00, 0x00, 0x00, 0x03,
  0xFF, 0xE0, 0x00, 0x00, 0x00, 0x1F, 0xFF, 0x00, 0x00, 0x00, 0x00, 0xFF,
  0xF8, 0x00, 0x00, 0x00, 0x07, 0xFF, 0xC0, 0x00, 0x00, 0x00, 0x3F, 0xFE,
  0x00, 0x00, 0x00, 0x01, 0xFF, 0xF0, 0x00, 0x00, 0x00, 0x0F, 0xFF, 0x80,
  0x00, 0x00, 0x00, 0x7F, 0xFC, 0x00, 0x00, 0x00, 0x03, 0xFF, 0xE0, 0x00,
  0x00, 0x00, 0x1F, 0xFF, 0x00, 0x00, 0x00, 0x00, 0xFF, 0xF8, 0x00, 0x00,
  0x00, 0x07, 0xFF, 0xC0, 0x00, 0x00, 0x00, 0x3F, 0xFF, 0x00, 0x00, 0x00,
  0x00, 0xFF, 0xFF, 0xC0, 0x00, 0x00, 0x03, 0xFF, 0xFF, 0xE0, 0x00, 0x00,
  0x0F, 0xFF, 0xFF, 0xE0, 0x00, 0x00, 0x3F, 0xFF, 0xFF, 0xC0, 0x00, 0x00,
  0xFF, 0xFF, 0xFF, 0x80, 0x00, 0x03, 0xFF, 0xFF, 0xFF, 0x00, 0x00, 0x0F,
  0xFF, 0xFF, 0xFE, 0x00, 0x00, 0x3F, 0xFF, 0xFF, 0xFC, 0x00, 0x00, 0xFF,
  0xFF, 0xFF, 0xF8, 0x00, 0x03, 0xFF, 0xFF, 0xFF, 0xE0, 0x00, 0x00, 0x00,
  0x3F, 0xFF, 0xC0, 0x00, 0x00, 0x00, 0x3F, 0xFF, 0x00, 0x00, 0x00, 0x00,
  0x7F, 0xFE, 0x00, 0x00, 0x00, 0x00, 0xFF, 0xF8, 0x00, 0x00, 0x00, 0x03,
  0xFF, 0xE0, 0x00, 0x00, 0x00, 0x07, 0xFF, 0x80, 0x00, 0x00, 0x00, 0x1F,
  0xFF, 0x00, 0x00, 0x00, 0x00, 0x7F, 0xFC, 0x00, 0x00, 0x00, 0x01, 0xFF,
  0xF0, 0x00, 0x00, 0x00, 0x07, 0xFF, 0xC0, 0x00, 0x00, 0x00, 0x1F, 0xFF,
  0x00, 0x00, 0x00, 0x00, 0x7F, 0xFC, 0x00, 0x00, 0x00, 0x01, 0xFF, 0xF0,
  0x00, 0x00, 0x00, 0x07, 0xFF, 0xC0, 0x00, 0x00, 0x00, 0x1F, 0xFF, 0xFF,
  0xF0, 0x00, 0x00, 0x7F, 0xFF, 0xFF, 0xC0, 0x00, 0x01, 0xFF, 0xFF, 0xFF,
  0x00, 0x00, 0x07, 0xFF, 0xFF, 0xFE, 0x00, 0x00, 0x1F, 0xFF, 0xFF, 0xF8,
  0x00, 0x00, 0x7F, 0xFB, 0xFF, 0xE0, 0x00, 0x03, 0xFF, 0xEF, 0xFF, 0xC0,
  0x00, 0x0F, 0xFF, 0x9F, 0xFF, 0x80, 0x00, 0x7F, 0xFE, 0x7F, 0xFF, 0x00,
  0x07, 0xFF, 0xF0, 0xFF, 0xFF, 0x00, 0x7F, 0xFF, 0xC3, 0xFF, 0xFF, 0xFF,
  0xFF, 0xFE, 0x07, 0xFF, 0xFF, 0xFF, 0xFF, 0xF8, 0x1F, 0xFF, 0xFF, 0xFF,
  0xFF, 0xC0, 0x3F, 0xFF, 0xFF, 0xFF, 0xFE, 0x00, 0x7F, 0xFF, 0xFF, 0xFF,
  0xF0, 0x00, 0xFF, 0xFF, 0xFF, 0xFF, 0x80, 0x01, 0xFF, 0xFF, 0xFF, 0xFC,
  0x00, 0x01, 0xFF, 0xFF, 0xFF, 0xE0, 0x00, 0x03, 0xFF, 0xFF, 0xFE, 0x00,
  0x00, 0x01, 0xFF, 0xFF, 0xC0, 0x00, 0x00, 0x00, 0x7F, 0xF0, 0x00, 0x00,
  0x00, 0x00, 0x00, 0x3F, 0xFF, 0x00, 0x00, 0x00, 0x07, 0xFF, 0xE0, 0x00,
  0x00, 0x00, 0x7F, 0xFC, 0x00, 0x00, 0x00, 0x0F, 0xFF, 0xC0, 0x00, 0x00,
  0x01, 0xFF, 0xF8, 0x00, 0x00, 0x00, 0x1F, 0xFF, 0x00, 0x00, 0x00, 0x03,
  0xFF, 0xF0, 0x00, 0x00, 0x00, 0x7F, 0xFE, 0x00, 0x00, 0x00, 0x07, 0xFF,
  0xC0, 0x00, 0x00, 0x00, 0xFF, 0xFC, 0x00, 0x00, 0x00, 0x1F, 0xFF, 0x80,
  0x00, 0x00, 0x01, 0xFF, 0xF0, 0x00, 0x00, 0x00, 0x3F, 0xFF, 0x00, 0x00,
  0x00, 0x07, 0xFF, 0xE0, 0x00, 0x00, 0x00, 0x7F, 0xFC, 0x00, 0x00, 0x00,
  0x0F, 0xFF, 0xC0, 0x00, 0x00, 0x01, 0xFF, 0xF8, 0x00, 0x00, 0x00, 0x1F,
  0xFF, 0x00, 0x00, 0x00, 0x03, 0xFF, 0xF0, 0x00, 0x00, 0x00, 0x7F, 0xFE,
  0x00, 0x00, 0x00, 0x07, 0xFF, 0xC0, 0x00, 0x00, 0x00, 0xFF, 0xFC, 0x00,
  0x00, 0x00, 0x1F, 0xFF, 0x80, 0x00, 0x00, 0x01, 0xFF, 0xF8, 0x00, 0x00,
  0x00, 0x3F, 0xFF, 0x00, 0x00, 0x00, 0x07, 0xFF, 0xE0, 0x00, 0x00, 0x00,
  0x7F, 0xFE, 0x00, 0x00, 0x00, 0x0F, 0xFF, 0xC0, 0x00, 0x00, 0x01, 0xFF,
  0xF8, 0x00, 0x00, 0x00, 0x1F, 0xFF, 0x80, 0x00, 0x00, 0x03, 0xFF, 0xF0,
  0x00, 0x00, 0x00, 0x7F, 0xFE, 0x00, 0x1F, 0xFF, 0x07, 0xFF, 0xE0, 0x01,
  0xFF, 0xF0, 0xFF, 0xFC, 0x00, 0x1F, 0xFF, 0x1F, 0xFF, 0x80, 0x01, 0xFF,
  0xF1, 0xFF, 0xF8, 0x00, 0x1F, 0xFF, 0x3F, 0xFF, 0x00, 0x01, 0xFF, 0xF7,
  0xFF, 0xE0, 0x00, 0x1F, 0xFF, 0x7F, 0xFE, 0x00, 0x01, 0xFF, 0xFF, 0xFF,
  0xC0, 0x00, 0x1F, 0xFF, 0xFF, 0xF8, 0x00, 0x01, 0xFF, 0xFF, 0xFF, 0x80,
  0x00, 0x1F, 0xFF, 0xFF, 0xF0, 0x00, 0x01, 0xFF, 0xFF, 0xFF, 0x00, 0x00,
  0x1F, 0xFF, 0xFF, 0xF0, 0x00, 0x01, 0xFF, 0xFF, 0xFF, 0x00, 0x00, 0x1F,
  0xFF, 0xFF, 0xF0, 0x00, 0x01, 0xFF, 0xFF, 0xFF, 0xFF, 0xFF, 0xFF, 0xFF,
  0xFF, 0xFF, 0xFF, 0xFF, 0xFF, 0xFF, 0xFF, 0xFF, 0xFF, 0xFF, 0xFF, 0xFF,
  0xFF, 0xFF, 0xFF, 0xFF, 0xFF, 0xFF, 0xFF, 0xFF, 0xFF, 0xFF, 0xFF, 0xFF,
  0xFF, 0xFF, 0xFF, 0xFF, 0xFF, 0xFF, 0xFF, 0xFF, 0xFF, 0xFF, 0xFF, 0xFF,
  0xFF, 0xFF, 0xFF, 0xFF, 0xFF, 0xFF, 0xFF, 0xFF, 0xFF, 0xFF, 0xFF, 0xFF,
  0xFF, 0xFF, 0xFF, 0xFF, 0xFF, 0xFF, 0xFF, 0x00, 0x00, 0x00, 0x01, 0xFF,
  0xF0, 0x00, 0x00, 0x00, 0x1F, 0xFF, 0x00, 0x00, 0x00, 0x01, 0xFF, 0xF0,
  0x00, 0x00, 0x00, 0x1F, 0xFF, 0x00, 0x00, 0x00, 0x01, 0xFF, 0xF0, 0x00,
  0x00, 0x00, 0x1F, 0xFF, 0x00, 0x00, 0x00, 0x01, 0xFF, 0xF0, 0x00, 0x00,
  0x00, 0x1F, 0xFF, 0x00, 0x00, 0x00, 0x01, 0xFF, 0xF0, 0x00, 0x00, 0x00,
  0x1F, 0xFF, 0x00, 0x00, 0x00, 0x01, 0xFF, 0xF0, 0x00, 0x00, 0x00, 0x1F,
  0xFF, 0x00, 0x00, 0x00, 0x01, 0xFF, 0xF0, 0x00, 0x00, 0x00, 0x1F, 0xFF,
  0x1F, 0xFF, 0xFF, 0xFF, 0xFF, 0xE0, 0x7F, 0xFF, 0xFF, 0xFF, 0xFF, 0x81,
  0xFF, 0xFF, 0xFF, 0xFF, 0xFE, 0x07, 0xFF, 0xFF, 0xFF, 0xFF, 0xF8, 0x1F,
  0xFF, 0xFF, 0xFF, 0xFF, 0xE0, 0x7F, 0xFF, 0xFF, 0xFF, 0xFF, 0x81, 0xFF,
  0xFF, 0xFF, 0xFF, 0xFE, 0x07, 0xFF, 0xFF, 0xFF, 0xFF, 0xF8, 0x1F, 0xFF,
  0xFF, 0xFF, 0xFF, 0xE0, 0x7F, 0xFF, 0xFF, 0xFF, 0xFF, 0x81, 0xFF, 0xFF,
  0xFF, 0xFF, 0xFE, 0x07, 0xFF, 0x00, 0x00, 0x00, 0x00, 0x1F, 0xFC, 0x00,
  0x00, 0x00, 0x00, 0x7F, 0xF0, 0x00, 0x00, 0x00, 0x01, 0xFF, 0xC0, 0x00,
  0x00, 0x00, 0x07, 0xFF, 0x00, 0x00, 0x00, 0x00, 0x1F, 0xFC, 0x00, 0x00,
  0x00, 0x00, 0x7F, 0xF0, 0x00, 0x00, 0x00, 0x01, 0xFF, 0xC0, 0x00, 0x00,
  0x00, 0x07, 0xFF, 0x00, 0x00, 0x00, 0x00, 0x1F, 0xFC, 0x00, 0x00, 0x00,
  0x00, 0x7F, 0xF0, 0x00, 0x00, 0x00, 0x01, 0xFF, 0xC0, 0x00, 0x00, 0x00,
  0x07, 0xFF, 0x00, 0x00, 0x00, 0x00, 0x1F, 0xFC, 0x00, 0x00, 0x00, 0x00,
  0x7F, 0xF0, 0x00, 0x00, 0x00, 0x01, 0xFF, 0xFF, 0xFF, 0x00, 0x00, 0x07,
  0xFF, 0xFF, 0xFF, 0xE0, 0x00, 0x1F, 0xFF, 0xFF, 0xFF, 0xE0, 0x00, 0x7F,
  0xFF, 0xFF, 0xFF, 0xE0, 0x01, 0xFF, 0xFF, 0xFF, 0xFF, 0xE0, 0x07, 0xFF,
  0xFF, 0xFF, 0xFF, 0xC0, 0x1F, 0xFF, 0xFF, 0xFF, 0xFF, 0x80, 0x7F, 0xFF,
  0xFF, 0xFF, 0xFF, 0x01, 0xFF, 0xFF, 0xFF, 0xFF, 0xFC, 0x07, 0xFF, 0xFF,
  0xFF, 0xFF, 0xF8, 0x1F, 0xFF, 0xFF, 0xFF, 0xFF, 0xF0, 0x00, 0x00, 0x00,
  0x7F, 0xFF, 0xC0, 0x00, 0x00, 0x00, 0x7F, 0xFF, 0x80, 0x00, 0x00, 0x00,
  0x7F, 0xFE, 0x00, 0x00, 0x00, 0x00, 0xFF, 0xF8, 0x00, 0x00, 0x00, 0x03,
  0xFF, 0xE0, 0x00, 0x00, 0x00, 0x07, 0xFF, 0xC0, 0x00, 0x00, 0x00, 0x1F,
  0xFF, 0x00, 0x00, 0x00, 0x00, 0x7F, 0xFC, 0x00, 0x00, 0x00, 0x00, 0xFF,
  0xF0, 0x00, 0x00, 0x00, 0x03, 0xFF, 0xC0, 0x00, 0x00, 0x00, 0x0F, 0xFF,
  0x00, 0x00, 0x00, 0x00, 0x3F, 0xFC, 0x00, 0x00, 0x00, 0x00, 0xFF, 0xF0,
  0x00, 0x00, 0x00, 0x03, 0xFF, 0xC0, 0x00, 0x00, 0x00, 0x0F, 0xFF, 0xFF,
  0xF0, 0x00, 0x00, 0x3F, 0xFF, 0xFF, 0xC0, 0x00, 0x00, 0xFF, 0xFF, 0xFF,
  0x80, 0x00, 0x07, 0xFF, 0xFF, 0xFE, 0x00, 0x00, 0x1F, 0xFF, 0xFF, 0xF8,
  0x00, 0x00, 0x7F, 0xFD, 0xFF, 0xF0, 0x00, 0x03, 0xFF, 0xE7, 0xFF, 0xC0,
  0x00, 0x0F, 0xFF, 0x9F, 0xFF, 0x80, 0x00, 0x7F, 0xFE, 0x7F, 0xFF, 0x00,
  0x03, 0xFF, 0xF0, 0xFF, 0xFF, 0x00, 0x3F, 0xFF, 0xC3, 0xFF, 0xFF, 0xFF,
  0xFF, 0xFF, 0x07, 0xFF, 0xFF, 0xFF, 0xFF, 0xF8, 0x0F, 0xFF, 0xFF, 0xFF,
  0xFF, 0xC0, 0x3F, 0xFF, 0xFF, 0xFF, 0xFF, 0x00, 0x7F, 0xFF, 0xFF, 0xFF,
  0xF8, 0x00, 0xFF, 0xFF, 0xFF, 0xFF, 0xC0, 0x00, 0xFF, 0xFF, 0xFF, 0xFC,
  0x00, 0x01, 0xFF, 0xFF, 0xFF, 0xE0, 0x00, 0x01, 0xFF, 0xFF, 0xFE, 0x00,
  0x00, 0x01, 0xFF, 0xFF, 0xE0, 0x00, 0x00, 0x00, 0x7F, 0xF8, 0x00, 0x00,
  0x00, 0x00, 0x03, 0xFF, 0xF0, 0x00, 0x00, 0x00, 0x01, 0xFF, 0xF8, 0x00,
  0x00, 0x00, 0x01, 0xFF, 0xF8, 0x00, 0x00, 0x00, 0x00, 0xFF, 0xF8, 0x00,
  0x00, 0x00, 0x00, 0xFF, 0xFC, 0x00, 0x00, 0x00, 0x00, 0xFF, 0xFC, 0x00,
  0x00, 0x00, 0x00, 0x7F, 0xFE, 0x00, 0x00, 0x00, 0x00, 0x7F, 0xFE, 0x00,
  0x00, 0x00, 0x00, 0x3F, 0xFF, 0x00, 0x00, 0x00, 0x00, 0x3F, 0xFF, 0x00,
  0x00, 0x00, 0x00, 0x1F, 0xFF, 0x00, 0x00, 0x00, 0x00, 0x1F, 0xFF, 0x80,
  0x00, 0x00, 0x00, 0x0F, 0xFF, 0x80, 0x00, 0x00, 0x00, 0x0F, 0xFF, 0xC0,
  0x00, 0x00, 0x00, 0x0F, 0xFF, 0xC0, 0x00, 0x00, 0x00, 0x07, 0xFF, 0xC0,
  0x00, 0x00, 0x00, 0x07, 0xFF, 0xE0, 0x00, 0x00, 0x00, 0x03, 0xFF, 0xE0,
  0x00, 0x00, 0x00, 0x03, 0xFF, 0xF0, 0x00, 0x00, 0x00, 0x01, 0xFF, 0xF0,
  0x00, 0x00, 0x00, 0x01, 0xFF, 0xF8, 0x00, 0x00, 0x00, 0x00, 0xFF, 0xF8,
  0x00, 0x00, 0x00, 0x00, 0xFF, 0xF8, 0x00, 0x00, 0x00, 0x00, 0x7F, 0xFC,
  0x00, 0x00, 0x00, 0x00, 0x7F, 0xFC, 0x00, 0x00, 0x00, 0x00, 0x7F, 0xFE,
  0x00, 0x00, 0x00, 0x00, 0x3F, 0xFE, 0x00, 0x00, 0x00, 0x00, 0x3F, 0xFF,
  0x00, 0x00, 0x00, 0x00, 0x1F, 0xFF, 0x07, 0xFC, 0x00, 0x00, 0x1F, 0xFF,
  0x1F, 0xFF, 0xC0, 0x00, 0x0F, 0xFF, 0xBF, 0xFF, 0xF8, 0x00, 0x0F, 0xFF,
  0xBF, 0xFF, 0xFE, 0x00, 0x07, 0xFF, 0xFF, 0xFF, 0xFF, 0xC0, 0x07, 0xFF,
  0xFF, 0xFF, 0xFF, 0xF0, 0x03, 0xFF, 0xFF, 0xFF, 0xFF, 0xFC, 0x03, 0xFF,
  0xFF, 0xFF, 0xFF, 0xFE, 0x01, 0xFF, 0xFF, 0xFF, 0xFF, 0xFF, 0x80, 0xFF,
  0xFF, 0x80, 0x7F, 0xFF, 0xE0, 0xFF, 0xFF, 0x00, 0x07, 0xFF, 0xF0, 0x7F,
  0xFF, 0x00, 0x01, 0xFF, 0xFC, 0x3F, 0xFF, 0x00, 0x00, 0x7F, 0xFE, 0x3F,
  0xFF, 0x00, 0x00, 0x1F, 0xFF, 0x1F, 0xFF, 0x00, 0x00, 0x07, 0xFF, 0xCF,
  0xFF, 0x00, 0x00, 0x03, 0xFF, 0xE7, 0xFF, 0x80, 0x00, 0x00, 0xFF, 0xF7,
  0xFF, 0xC0, 0x00, 0x00, 0x7F, 0xFB, 0xFF, 0xE0, 0x00, 0x00, 0x3F, 0xFD,
  0xFF, 0xE0, 0x00, 0x00, 0x1F, 0xFF, 0xFF, 0xF0, 0x00, 0x00, 0x0F, 0xFF,
  0xFF, 0xF8, 0x00, 0x00, 0x03, 0xFF, 0xFF, 0xFC, 0x00, 0x00, 0x01, 0xFF,
  0xFF, 0xFE, 0x00, 0x00, 0x01, 0xFF, 0xFF, 0xFF, 0x00, 0x00, 0x00, 0xFF,
  0xFF, 0xFF, 0xC0, 0x00, 0x00, 0x7F, 0xF9, 0xFF, 0xE0, 0x00, 0x00, 0x3F,
  0xFC, 0xFF, 0xF0, 0x00, 0x00, 0x3F, 0xFE, 0x7F, 0xFC, 0x00, 0x00, 0x1F,
  0xFF, 0x3F, 0xFE, 0x00, 0x00, 0x1F, 0xFF, 0x8F, 0xFF, 0x80, 0x00, 0x0F,
  0xFF, 0x87, 0xFF, 0xE0, 0x00, 0x0F, 0xFF, 0xC1, 0xFF, 0xFC, 0x00, 0x1F,
  0xFF, 0xC0, 0xFF, 0xFF, 0x80, 0x3F, 0xFF, 0xE0, 0x3F, 0xFF, 0xFF, 0xFF,
  0xFF, 0xE0, 0x1F, 0xFF, 0xFF, 0xFF, 0xFF, 0xF0, 0x07, 0xFF, 0xFF, 0xFF,
  0xFF, 0xF0, 0x01, 0xFF, 0xFF, 0xFF, 0xFF, 0xF0, 0x00, 0x7F, 0xFF, 0xFF,
  0xFF, 0xF0, 0x00, 0x1F, 0xFF, 0xFF, 0xFF, 0xF0, 0x00, 0x07, 0xFF, 0xFF,
  0xFF, 0xF0, 0x00, 0x00, 0xFF, 0xFF, 0xFF, 0xE0, 0x00, 0x00, 0x3F, 0xFF,
  0xFF, 0xE0, 0x00, 0x00, 0x03, 0xFF, 0xFF, 0x80, 0x00, 0x00, 0x00, 0x1F,
  0xFC, 0x00, 0x00, 0x00, 0xFF, 0xFF, 0xFF, 0xFF, 0xFF, 0xFF, 0xFF, 0xFF,
  0xFF, 0xFF, 0xFF, 0xFF, 0xFF, 0xFF, 0xFF, 0xFF, 0xFF, 0xFF, 0xFF, 0xFF,
  0xFF, 0xFF, 0xFF, 0xFF, 0xFF, 0xFF, 0xFF, 0xFF, 0xFF, 0xFF, 0xFF, 0xFF,
  0xFF, 0xFF, 0xFF, 0xFF, 0xFF, 0xFF, 0xFF, 0xFF, 0xFF, 0xFF, 0xFF, 0xFF,
  0xFF, 0xFF, 0xFF, 0xFF, 0xFF, 0xFF, 0xFF, 0xFF, 0xFF, 0xFF, 0xFF, 0xFF,
  0xFF, 0xFF, 0xFF, 0xFF, 0xFF, 0xFF, 0xFF, 0xFF, 0xFF, 0xFF, 0xFF, 0xF0,
  0x00, 0x00, 0x3F, 0xFF, 0xFF, 0xF0, 0x00, 0x00, 0x3F, 0xFE, 0xFF, 0xF0,
  0x00, 0x00, 0x7F, 0xFE, 0xFF, 0xF0, 0x00, 0x00, 0x7F, 0xFC, 0xFF, 0xF0,
  0x00, 0x00, 0x7F, 0xFC, 0xFF, 0xF0, 0x00, 0x00, 0xFF, 0xF8, 0xFF, 0xF0,
  0x00, 0x00, 0xFF, 0xF8, 0xFF, 0xF0, 0x00, 0x01, 0xFF, 0xF8, 0xFF, 0xF0,
  0x00, 0x01, 0xFF, 0xF0, 0xFF, 0xF0, 0x00, 0x03, 0xFF, 0xF0, 0xFF, 0xF0,
  0x00, 0x03, 0xFF, 0xE0, 0x00, 0x00, 0x00, 0x03, 0xFF, 0xE0, 0x00, 0x00,
  0x00, 0x07, 0xFF, 0xC0, 0x00, 0x00, 0x00, 0x07, 0xFF, 0xC0, 0x00, 0x00,
  0x00, 0x0F, 0xFF, 0xC0, 0x00, 0x00, 0x00, 0x0F, 0xFF, 0x80, 0x00, 0x00,
  0x00, 0x1F, 0xFF, 0x80, 0x00, 0x00, 0x00, 0x1F, 0xFF, 0x00, 0x00, 0x00,
  0x00, 0x1F, 0xFF, 0x00, 0x00, 0x00, 0x00, 0x3F, 0xFF, 0x00, 0x00, 0x00,
  0x00, 0x3F, 0xFE, 0x00, 0x00, 0x00, 0x00, 0x7F, 0xFE, 0x00, 0x00, 0x00,
  0x00, 0x7F, 0xFC, 0x00, 0x00, 0x00, 0x00, 0xFF, 0xFC, 0x00, 0x00, 0x00,
  0x00, 0xFF, 0xF8, 0x00, 0x00, 0x00, 0x00, 0xFF, 0xF8, 0x00, 0x00, 0x00,
  0x01, 0xFF, 0xF8, 0x00, 0x00, 0x00, 0x01, 0xFF, 0xF0, 0x00, 0x00, 0x00,
  0x03, 0xFF, 0xF0, 0x00, 0x00, 0x00, 0x03, 0xFF, 0xE0, 0x00, 0x00, 0x00,
  0x07, 0xFF, 0xE0, 0x00, 0x00, 0x00, 0x07, 0xFF, 0xC0, 0x00, 0x00, 0x00,
  0x07, 0xFF, 0xC0, 0x00, 0x00, 0x00, 0x0F, 0xFF, 0xC0, 0x00, 0x00, 0x00,
  0x0F, 0xFF, 0x80, 0x00, 0x00, 0x00, 0x1F, 0xFF, 0x80, 0x00, 0x00, 0x00,
  0x1F, 0xFF, 0x00, 0x00, 0x00, 0x00, 0x1F, 0xFF, 0x00, 0x00, 0x00, 0x00,
  0x3F, 0xFE, 0x00, 0x00, 0x00, 0x00, 0x3F, 0xFE, 0x00, 0x00, 0x00, 0x00,
  0x7F, 0xFE, 0x00, 0x00, 0x00, 0x00, 0x7F, 0xFC, 0x00, 0x00, 0x00, 0x00,
  0xFF, 0xFC, 0x00, 0x00, 0x00, 0x00, 0xFF, 0xF8, 0x00, 0x00, 0x00, 0x00,
  0xFF, 0xF8, 0x00, 0x00, 0x00, 0x01, 0xFF, 0xF0, 0x00, 0x00, 0x00, 0x01,
  0xFF, 0xF0, 0x00, 0x00, 0x00, 0x03, 0xFF, 0xF0, 0x00, 0x00, 0x00, 0x03,
  0xFF, 0xE0, 0x00, 0x00, 0x00, 0x07, 0xFF, 0xE0, 0x00, 0x00, 0x00, 0x07,
  0xFF, 0xC0, 0x00, 0x00, 0x00, 0x07, 0xFF, 0xC0, 0x00, 0x00, 0x00, 0x0F,
  0xFF, 0xC0, 0x00, 0x00, 0x00, 0x0F, 0xFF, 0x80, 0x00, 0x00, 0x00, 0x1F,
  0xFF, 0x80, 0x00, 0x00, 0x00, 0x1F, 0xFF, 0x00, 0x00, 0x00, 0x00, 0x3F,
  0xFF, 0x00, 0x00, 0x00, 0x00, 0x3F, 0xFE, 0x00, 0x00, 0x00, 0x00, 0x3F,
  0xFE, 0x00, 0x00, 0x00, 0x00, 0x7F, 0xFE, 0x00, 0x00, 0x00, 0x00, 0xFF,
  0xFC, 0x00, 0x00, 0x00, 0x00, 0x00, 0x1F, 0xFC, 0x00, 0x00, 0x00, 0x00,
  0xFF, 0xFF, 0xE0, 0x00, 0x00, 0x01, 0xFF, 0xFF, 0xFC, 0x00, 0x00, 0x03,
  0xFF, 0xFF, 0xFF, 0x80, 0x00, 0x03, 0xFF, 0xFF, 0xFF, 0xE0, 0x00, 0x07,
  0xFF, 0xFF, 0xFF, 0xFC, 0x00, 0x07, 0xFF, 0xFF, 0xFF, 0xFF, 0x00, 0x07,
  0xFF, 0xFF, 0xFF, 0xFF, 0x80, 0x03, 0xFF, 0xFF, 0xFF, 0xFF, 0xE0, 0x03,
  0xFF, 0xFF, 0xFF, 0xFF, 0xF8, 0x03, 0xFF, 0xFF, 0xFF, 0xFF, 0xFC, 0x01,
  0xFF, 0xFE, 0x00, 0xFF, 0xFF, 0x01, 0xFF, 0xFC, 0x00, 0x1F, 0xFF, 0x80,
  0xFF, 0xFC, 0x00, 0x07, 0xFF, 0xE0, 0x7F, 0xFC, 0x00, 0x01, 0xFF, 0xF0,
  0x3F, 0xFC, 0x00, 0x00, 0xFF, 0xF8, 0x3F, 0xFE, 0x00, 0x00, 0x3F, 0xFC,
  0x1F, 0xFF, 0x00, 0x00, 0x1F, 0xFF, 0x0F, 0xFF, 0x00, 0x00, 0x0F, 0xFF,
  0x87, 0xFF, 0x80, 0x00, 0x03, 0xFF, 0xC3, 0xFF, 0xC0, 0x00, 0x01, 0xFF,
  0xE1, 0xFF, 0xE0, 0x00, 0x00, 0xFF, 0xF0, 0xFF, 0xF0, 0x00, 0x00, 0x7F,
  0xF0, 0x3F, 0xF8, 0x00, 0x00, 0x7F, 0xF8, 0x1F, 0xFE, 0x00, 0x00, 0x3F,
  0xFC, 0x0F, 0xFF, 0x00, 0x00, 0x1F, 0xFE, 0x07, 0xFF, 0xC0, 0x00, 0x1F,
  0xFE, 0x01, 0xFF, 0xE0, 0x00, 0x1F, 0xFF, 0x00, 0xFF, 0xF8, 0x00, 0x0F,
  0xFF, 0x00, 0x3F, 0xFF, 0x00, 0x1F, 0xFF, 0x80, 0x0F, 0xFF, 0xE0, 0x3F,
  0xFF, 0x80, 0x03, 0xFF, 0xFF, 0xFF, 0xFF, 0x80, 0x00, 0xFF, 0xFF, 0xFF,
  0xFF, 0x80, 0x00, 0x3F, 0xFF, 0xFF, 0xFF, 0x00, 0x00, 0x07, 0xFF, 0xFF,
  0xFF, 0x00, 0x00, 0x00, 0x7F, 0xFF, 0xFC, 0x00, 0x00, 0x01, 0xFF, 0xFF,
  0xFF, 0xC0, 0x00, 0x03, 0xFF, 0xFF, 0xFF, 0xF8, 0x00, 0x07, 0xFF, 0xFF,
  0xFF, 0xFF, 0x00, 0x07, 0xFF, 0xFF, 0xFF, 0xFF, 0xC0, 0x07, 0xFF, 0xFF,
  0xFF, 0xFF, 0xF0, 0x07, 0xFF, 0xFC, 0x07, 0xFF, 0xFC, 0x07, 0xFF, 0xF0,
  0x00, 0x7F, 0xFE, 0x03, 0xFF, 0xE0, 0x00, 0x1F, 0xFF, 0x83, 0xFF, 0xE0,
  0x00, 0x03, 0xFF, 0xE1, 0xFF, 0xE0, 0x00, 0x01, 0xFF, 0xF1, 0xFF, 0xF0,
  0x00, 0x00, 0x7F, 0xFC, 0xFF, 0xF0, 0x00, 0x00, 0x1F, 0xFE, 0x7F, 0xF8,
  0x00, 0x00, 0x0F, 0xFF, 0x7F, 0xF8, 0x00, 0x00, 0x07, 0xFF, 0xBF, 0xFC,
  0x00, 0x00, 0x01, 0xFF, 0xDF, 0xFE, 0x00, 0x00, 0x00, 0xFF, 0xFF, 0xFF,
  0x00, 0x00, 0x00, 0x7F, 0xFF, 0xFF, 0x80, 0x00, 0x00, 0x3F, 0xFF, 0xFF,
  0xC0, 0x00, 0x00, 0x3F, 0xFF, 0xFF, 0xF0, 0x00, 0x00, 0x1F, 0xFE, 0xFF,
  0xF8, 0x00, 0x00, 0x0F, 0xFF, 0x3F, 0xFC, 0x00, 0x00, 0x0F, 0xFF, 0x9F,
  0xFF, 0x00, 0x00, 0x07, 0xFF, 0xCF, 0xFF, 0xC0, 0x00, 0x07, 0xFF, 0xE7,
  0xFF, 0xF0, 0x00, 0x07, 0xFF, 0xE1, 0xFF, 0xFC, 0x00, 0x0F, 0xFF, 0xF0,
  0xFF, 0xFF, 0x80, 0x1F, 0xFF, 0xF0, 0x3F, 0xFF, 0xFF, 0xFF, 0xFF, 0xF8,
  0x0F, 0xFF, 0xFF, 0xFF, 0xFF, 0xF8, 0x07, 0xFF, 0xFF, 0xFF, 0xFF, 0xF8,
  0x01, 0xFF, 0xFF, 0xFF, 0xFF, 0xFC, 0x00, 0x7F, 0xFF, 0xFF, 0xFF, 0xFC,
  0x00, 0x1F, 0xFF, 0xFF, 0xFF, 0xF8, 0x00, 0x03, 0xFF, 0xFF, 0xFF, 0xF8,
  0x00, 0x00, 0xFF, 0xFF, 0xFF, 0xF8, 0x00, 0x00, 0x1F, 0xFF, 0xFF, 0xF0,
  0x00, 0x00, 0x01, 0xFF, 0xFF, 0xC0, 0x00, 0x00, 0x00, 0x1F, 0xFF, 0x00,
  0x00, 0x00, 0x00, 0x00, 0x1F, 0xFC, 0x00, 0x00, 0x00, 0x00, 0xFF, 0xFF,
  0xE0, 0x00, 0x00, 0x03, 0xFF, 0xFF, 0xFC, 0x00, 0x00, 0x03, 0xFF, 0xFF,
  0xFF, 0x80, 0x00, 0x07, 0xFF, 0xFF, 0xFF, 0xF0, 0x00, 0x07, 0xFF, 0xFF,
  0xFF, 0xFC, 0x00, 0x07, 0xFF, 0xFF, 0xFF, 0xFF, 0x00, 0x07, 0xFF, 0xFF,
  0xFF, 0xFF, 0xC0, 0x07, 0xFF, 0xFF, 0xFF, 0xFF, 0xF0, 0x07, 0xFF, 0xFF,
  0xFF, 0xFF, 0xFC, 0x03, 0xFF, 0xFF, 0xFF, 0xFF, 0xFE, 0x03, 0xFF, 0xFE,
  0x00, 0xFF, 0xFF, 0x83, 0xFF, 0xFC, 0x00, 0x1F, 0xFF, 0xC1, 0xFF, 0xF8,
  0x00, 0x03, 0xFF, 0xF0, 0xFF, 0xF8, 0x00, 0x00, 0xFF, 0xF8, 0xFF, 0xFC,
  0x00, 0x00, 0x7F, 0xFC, 0x7F, 0xFC, 0x00, 0x00, 0x1F, 0xFF, 0x3F, 0xFC,
  0x00, 0x00, 0x0F, 0xFF, 0x9F, 0xFE, 0x00, 0x00, 0x03, 0xFF, 0xDF, 0xFF,
  0x00, 0x00, 0x01, 0xFF, 0xEF, 0xFF, 0x00, 0x00, 0x00, 0xFF, 0xF7, 0xFF,
  0x80, 0x00, 0x00, 0x7F, 0xFF, 0xFF, 0xC0, 0x00, 0x00, 0x1F, 0xFF, 0xFF,
  0xE0, 0x00, 0x00, 0x0F, 0xFF, 0xFF, 0xF0, 0x00, 0x00, 0x0F, 0xFF, 0xFF,
  0xF8, 0x00, 0x00, 0x07, 0xFF, 0xFF, 0xFE, 0x00, 0x00, 0x03, 0xFF, 0xDF,
  0xFF, 0x00, 0x00, 0x01, 0xFF, 0xE7, 0xFF, 0x80, 0x00, 0x00, 0xFF, 0xF3,
  0xFF, 0xC0, 0x00, 0x00, 0xFF, 0xF9, 0xFF, 0xF0, 0x00, 0x00, 0x7F, 0xFC,
  0xFF, 0xFC, 0x00, 0x00, 0x7F, 0xFC, 0x3F, 0xFF, 0x00, 0x00, 0x7F, 0xFE,
  0x1F, 0xFF, 0xC0, 0x00, 0x7F, 0xFF, 0x07, 0xFF, 0xF0, 0x00, 0x7F, 0xFF,
  0x83, 0xFF, 0xFF, 0x01, 0xFF, 0xFF, 0x80, 0xFF, 0xFF, 0xFF, 0xFF, 0xFF,
  0xC0, 0x7F, 0xFF, 0xFF, 0xFF, 0xFF, 0xC0, 0x1F, 0xFF, 0xFF, 0xFF, 0xFF,
  0xE0, 0x07, 0xFF, 0xFF, 0xFF, 0xFF, 0xE0, 0x01, 0xFF, 0xFF, 0xFF, 0xFF,
  0xF0, 0x00, 0x7F, 0xFF, 0xFF, 0xFF, 0xF0, 0x00, 0x0F, 0xFF, 0xFF, 0xFF,
  0xF8, 0x00, 0x03, 0xFF, 0xFF, 0xFF, 0xF8, 0x00, 0x00, 0x7F, 0xFF, 0xFF,
  0xFC, 0x00, 0x00, 0x03, 0xFE, 0x7F, 0xFC, 0x00, 0x00, 0x00, 0x00, 0x7F,
  0xFE, 0x00, 0x00, 0x00, 0x00, 0x3F, 0xFE, 0x00, 0x00, 0x00, 0x00, 0x3F,
  0xFF, 0x00, 0x00, 0x00, 0x00, 0x1F, 0xFF, 0x00, 0x00, 0x00, 0x00, 0x1F,
  0xFF, 0x80, 0x00, 0x00, 0x00, 0x1F, 0xFF, 0x80, 0x00, 0x00, 0x00, 0x0F,
  0xFF, 0xC0, 0x00, 0x00, 0x00, 0x0F, 0xFF, 0xC0, 0x00, 0x00, 0x00, 0x07,
  0xFF, 0xC0, 0x00, 0x00, 0x00, 0x07, 0xFF, 0xE0, 0x00, 0x00, 0x00, 0x03,
  0xFF, 0xE0, 0x00, 0x00, 0x00, 0x03, 0xFF, 0xF0, 0x00, 0x00, 0x00, 0x03,
  0xFF, 0xF0, 0x00, 0x00, 0x00, 0x01, 0xFF, 0xF8, 0x00, 0x00, 0x00, 0x01,
  0xFF, 0xF8, 0x00, 0x00, 0x00, 0x00, 0xFF, 0xFC, 0x00, 0x00, 0x00, 0x00,
  0xFF, 0xFC, 0x00, 0x00, 0x00, 0x00, 0x7F, 0xFE, 0x00, 0x00, 0x00, 0x00,
  0x7F, 0xFE, 0x00, 0x00, 0x00, 0x00, 0x7F, 0xFE, 0x00, 0x00, 0x00, 0x00,
  0x3F, 0xFF, 0x00, 0x00, 0x00, 0x00, 0x3F, 0xFF, 0x00, 0x00, 0x00, 0x00,
  0x1F, 0xFF, 0x80, 0x00, 0x00, 0x00, 0x1F, 0xFF, 0x80, 0x00, 0x00, 0x00,
  0x0F, 0xFF, 0xC0, 0x00, 0x00, 0x00, 0x0F, 0xFF, 0xC0, 0x00, 0x00, 0x00,
  0x0F, 0xFF, 0xE0, 0x00, 0x00, 0x00, 0x03, 0xF8, 0x01, 0xFF, 0xC0, 0xFF,
  0xFC, 0x1F, 0xFF, 0xC7, 0xFF, 0xFC, 0xFF, 0xFF, 0xBF, 0xFF, 0xF7, 0xFF,
  0xFF, 0xFF, 0xFF, 0xDF, 0xFF, 0xF9, 0xFF, 0xFF, 0x3F, 0xFF, 0xE3, 0xFF,
  0xF8, 0x7F, 0xFE, 0x03, 0xFF, 0x80, 0x1F, 0xC0, 0x00, 0x00, 0x00, 0x00,
  0x00, 0x00, 0x00, 0x00, 0x00, 0x00, 0x00, 0x00, 0x00, 0x00, 0x00, 0x00,
  0x00, 0x00, 0x00, 0x00, 0x00, 0x00, 0x00, 0x00, 0x00, 0x00, 0x00, 0x00,
  0x00, 0x00, 0x00, 0x00, 0x00, 0x00, 0x00, 0x00, 0x00, 0x00, 0x00, 0x00,
  0x00, 0x00, 0x00, 0x00, 0x00, 0x00, 0x00, 0x00, 0x00, 0x00, 0x00, 0x00,
  0x00, 0x00, 0x00, 0x00, 0x00, 0x03, 0xF8, 0x01, 0xFF, 0xC0, 0xFF, 0xFC,
  0x1F, 0xFF, 0xC7, 0xFF, 0xFC, 0xFF, 0xFF, 0xBF, 0xFF, 0xF7, 0xFF, 0xFF,
  0xFF, 0xFF, 0xDF, 0xFF, 0xF9, 0xFF, 0xFF, 0x3F, 0xFF, 0xE3, 0xFF, 0xF8,
  0x7F, 0xFE, 0x03, 0xFF, 0x80, 0x1F, 0xC0, 0x01, 0xFE, 0x00, 0x3F, 0xFC,
  0x03, 0xFF, 0xF0, 0x1F, 0xFF, 0xC1, 0xFF, 0xFF, 0x0F, 0xFF, 0xF8, 0xFF,
  0xFF, 0xC7, 0xFF, 0xFF, 0x3F, 0xFF, 0xF9, 0xFF, 0xFF, 0xC7, 0xFF, 0xFC,
  0x3F, 0xFF, 0xE1, 0xFF, 0xFE, 0x07, 0xFF, 0xE0, 0x1F, 0xFE, 0x00, 0x3F,
  0xC0, 0x00, 0x00, 0x00, 0x00, 0x00, 0x00, 0x00, 0x00, 0x00, 0x00, 0x00,
  0x00, 0x00, 0x00, 0x00, 0x00, 0x00, 0x00, 0x00, 0x00, 0x00, 0x00, 0x00,
  0x00, 0x00, 0x00, 0x00, 0x00, 0x00, 0x00, 0x00, 0x00, 0x00, 0x00, 0x00,
  0x00, 0x00, 0x00, 0x00, 0x00, 0x00, 0x00, 0x00, 0x00, 0x00, 0x00, 0x00,
  0x00, 0x00, 0x00, 0x00, 0x00, 0x00, 0x00, 0x00, 0x00, 0x00, 0x00, 0x00,
  0x00, 0x00, 0x00, 0x00, 0x07, 0xFF, 0xE0, 0x3F, 0xFF, 0x01, 0xFF, 0xF8,
  0x0F, 0xFF, 0x80, 0x7F, 0xFC, 0x07, 0xFF, 0xE0, 0x3F, 0xFF, 0x01, 0xFF,
  0xF0, 0x0F, 0xFF, 0x80, 0x7F, 0xFC, 0x07, 0xFF, 0xE0, 0x3F, 0xFF, 0x01,
  0xFF, 0xF0, 0x0F, 0xFF, 0x80, 0x7F, 0xFC, 0x03, 0xFF, 0xE0, 0x3F, 0xFE,
  0x01, 0xFF, 0xF0, 0x0F, 0xFF, 0x80, 0x7F, 0xFC, 0x03, 0xFF, 0xC0, 0x1F,
  0xFE, 0x01, 0xFF, 0xF0, 0x0F, 0xFF, 0x80, 0x7F, 0xF8, 0x03, 0xFF, 0xC0,
  0x1F, 0xFE, 0x00, 0xFF, 0xF0, 0x0F, 0xFF, 0x00, 0x7F, 0xF8, 0x00, 0x00,
  0x00, 0x00, 0x00, 0x00, 0x10, 0x00, 0x00, 0x00, 0x00, 0x07, 0x00, 0x00,
  0x00, 0x00, 0x01, 0xF0, 0x00, 0x00, 0x00, 0x00, 0x7F, 0x00, 0x00, 0x00,
  0x00, 0x1F, 0xF0, 0x00, 0x00, 0x00, 0x0F, 0xFF, 0x00, 0x00, 0x00, 0x03,
  0xFF, 0xF0, 0x00, 0x00, 0x00, 0xFF, 0xFF, 0x00, 0x00, 0x00, 0x3F, 0xFF,
  0xF0, 0x00, 0x00, 0x0F, 0xFF, 0xFF, 0x00, 0x00, 0x03, 0xFF, 0xFF, 0xF0,
  0x00, 0x00, 0xFF, 0xFF, 0xFF, 0x00, 0x00, 0x3F, 0xFF, 0xFF, 0xC0, 0x00,
  0x1F, 0xFF, 0xFF, 0xE0, 0x00, 0x07, 0xFF, 0xFF, 0xF8, 0x00, 0x01, 0xFF,
  0xFF, 0xFE, 0x00, 0x00, 0x7F, 0xFF, 0xFF, 0x80, 0x00, 0x1F, 0xFF, 0xFF,
  0xE0, 0x00, 0x07, 0xFF, 0xFF, 0xF8, 0x00, 0x01, 0xFF, 0xFF, 0xFC, 0x00,
  0x00, 0x7F, 0xFF, 0xFF, 0x00, 0x00, 0x0F, 0xFF, 0xFF, 0xC0, 0x00, 0x00,
  0xFF, 0xFF, 0xF0, 0x00, 0x00, 0x0F, 0xFF, 0xFC, 0x00, 0x00, 0x00, 0xFF,
  0xFE, 0x00, 0x00, 0x00, 0x0F, 0xFF, 0x80, 0x00, 0x00, 0x00, 0xFF, 0xC0,
  0x00, 0x00, 0x00, 0x0F, 0xFF, 0x00, 0x00, 0x00, 0x00, 0xFF, 0xFE, 0x00,
  0x00, 0x00, 0x0F, 0xFF, 0xF8, 0x00, 0x00, 0x00, 0xFF, 0xFF, 0xE0, 0x00,
  0x00, 0x0F, 0xFF, 0xFF, 0xC0, 0x00, 0x00, 0xFF, 0xFF, 0xFF, 0x00, 0x00,
  0x03, 0xFF, 0xFF, 0xFC, 0x00, 0x00, 0x0F, 0xFF, 0xFF, 0xF0, 0x00, 0x00,
  0x3F, 0xFF, 0xFF, 0xC0, 0x00, 0x00, 0xFF, 0xFF, 0xFF, 0x00, 0x00, 0x03,
  0xFF, 0xFF, 0xFE, 0x00, 0x00, 0x0F, 0xFF, 0xFF, 0xF8, 0x00, 0x00, 0x1F,
  0xFF, 0xFF, 0xE0, 0x00, 0x00, 0x7F, 0xFF, 0xFF, 0x80, 0x00, 0x01, 0xFF,
  0xFF, 0xFE, 0x00, 0x00, 0x07, 0xFF, 0xFF, 0xF0, 0x00, 0x00, 0x1F, 0xFF,
  0xFF, 0x00, 0x00, 0x00, 0x7F, 0xFF, 0xF0, 0x00, 0x00, 0x01, 0xFF, 0xFF,
  0x00, 0x00, 0x00, 0x07, 0xFF, 0xF0, 0x00, 0x00, 0x00, 0x0F, 0xFF, 0x00,
  0x00, 0x00, 0x00, 0x3F, 0xF0, 0x00, 0x00, 0x00, 0x00, 0xFF, 0x00, 0x00,
  0x00, 0x00, 0x03, 0xF0, 0x00, 0x00, 0x00, 0x00, 0x0F, 0x00, 0x00, 0x00,
  0x00, 0x00, 0x30, 0x00, 0x00, 0x00, 0x00, 0x01, 0xFF, 0xFF, 0xFF, 0xFF,
  0xFF, 0xFF, 0xFF, 0xFF, 0xFF, 0xFF, 0xFF, 0xFF, 0xFF, 0xFF, 0xFF, 0xFF,
  0xFF, 0xFF, 0xFF, 0xFF, 0xFF, 0xFF, 0xFF, 0xFF, 0xFF, 0xFF, 0xFF, 0xFF,
  0xFF, 0xFF, 0xFF, 0xFF, 0xFF, 0xFF, 0xFF, 0xFF, 0xFF, 0xFF, 0xFF, 0xFF,
  0xFF, 0xFF, 0xFF, 0xFF, 0xFF, 0xFF, 0xFF, 0xFF, 0xFF, 0xFF, 0xFF, 0xFF,
  0xFF, 0xFF, 0xFF, 0xFF, 0xFF, 0xFF, 0xFF, 0x80, 0x00, 0x00, 0x00, 0x00,
  0x00, 0x00, 0x00, 0x00, 0x00, 0x00, 0x00, 0x00, 0x00, 0x00, 0x00, 0x00,
  0x00, 0x00, 0x00, 0x00, 0x00, 0x00, 0x00, 0x00, 0x00, 0x00, 0x00, 0x00,
  0x00, 0x00, 0x00, 0x00, 0x00, 0x00, 0x00, 0x00, 0x00, 0x00, 0x00, 0x00,
  0x00, 0x00, 0x00, 0x00, 0x00, 0x00, 0x00, 0x00, 0x00, 0x00, 0x00, 0x00,
  0x00, 0x00, 0x00, 0x00, 0x00, 0x00, 0x00, 0x00, 0x00, 0x00, 0x00, 0x00,
  0x00, 0x00, 0x00, 0x00, 0x00, 0xFF, 0xFF, 0xFF, 0xFF, 0xFF, 0xFF, 0xFF,
  0xFF, 0xFF, 0xFF, 0xFF, 0xFF, 0xFF, 0xFF, 0xFF, 0xFF, 0xFF, 0xFF, 0xFF,
  0xFF, 0xFF, 0xFF, 0xFF, 0xFF, 0xFF, 0xFF, 0xFF, 0xFF, 0xFF, 0xFF, 0xFF,
  0xFF, 0xFF, 0xFF, 0xFF, 0xFF, 0xFF, 0xFF, 0xFF, 0xFF, 0xFF, 0xFF, 0xFF,
  0xFF, 0xFF, 0xFF, 0xFF, 0xFF, 0xFF, 0xFF, 0xFF, 0xFF, 0xFF, 0xFF, 0xFF,
  0xFF, 0xFF, 0xFF, 0xFF, 0x80, 0xC0, 0x00, 0x00, 0x00, 0x00, 0x0F, 0x00,
  0x00, 0x00, 0x00, 0x00, 0xFC, 0x00, 0x00, 0x00, 0x00, 0x0F, 0xF0, 0x00,
  0x00, 0x00, 0x00, 0xFF, 0xC0, 0x00, 0x00, 0x00, 0x0F, 0xFF, 0x00, 0x00,
  0x00, 0x00, 0xFF, 0xFC, 0x00, 0x00, 0x00, 0x0F, 0xFF, 0xF8, 0x00, 0x00,
  0x00, 0xFF, 0xFF, 0xE0, 0x00, 0x00, 0x0F, 0xFF, 0xFF, 0x80, 0x00, 0x00,
  0xFF, 0xFF, 0xFE, 0x00, 0x00, 0x07, 0xFF, 0xFF, 0xF8, 0x00, 0x00, 0x1F,
  0xFF, 0xFF, 0xE0, 0x00, 0x00, 0x7F, 0xFF, 0xFF, 0x80, 0x00, 0x01, 0xFF,
  0xFF, 0xFE, 0x00, 0x00, 0x07, 0xFF, 0xFF, 0xFC, 0x00, 0x00, 0x1F, 0xFF,
  0xFF, 0xF0, 0x00, 0x00, 0x3F, 0xFF, 0xFF, 0xC0, 0x00, 0x00, 0xFF, 0xFF,
  0xFF, 0x00, 0x00, 0x03, 0xFF, 0xFF, 0xFC, 0x00, 0x00, 0x0F, 0xFF, 0xFF,
  0xF0, 0x00, 0x00, 0x3F, 0xFF, 0xFF, 0x00, 0x00, 0x00, 0xFF, 0xFF, 0xF0,
  0x00, 0x00, 0x03, 0xFF, 0xFF, 0x00, 0x00, 0x00, 0x07, 0xFF, 0xF0, 0x00,
  0x00, 0x00, 0x1F, 0xFF, 0x00, 0x00, 0x00, 0x00, 0x1F, 0xF0, 0x00, 0x00,
  0x00, 0x07, 0xFF, 0x00, 0x00, 0x00, 0x03, 0xFF, 0xF0, 0x00, 0x00, 0x00,
  0xFF, 0xFF, 0x00, 0x00, 0x00, 0x3F, 0xFF, 0xF0, 0x00, 0x00, 0x0F, 0xFF,
  0xFF, 0x00, 0x00, 0x03, 0xFF, 0xFF, 0xF0, 0x00, 0x01, 0xFF, 0xFF, 0xFE,
  0x00, 0x00, 0x7F, 0xFF, 0xFF, 0x80, 0x00, 0x1F, 0xFF, 0xFF, 0xE0, 0x00,
  0x07, 0xFF, 0xFF, 0xF8, 0x00, 0x01, 0xFF, 0xFF, 0xFC, 0x00, 0x00, 0x7F,
  0xFF, 0xFF, 0x00, 0x00, 0x3F, 0xFF, 0xFF, 0xC0, 0x00, 0x0F, 0xFF, 0xFF,
  0xF0, 0x00, 0x03, 0xFF, 0xFF, 0xFC, 0x00, 0x00, 0xFF, 0xFF, 0xFF, 0x00,
  0x00, 0x0F, 0xFF, 0xFF, 0xC0, 0x00, 0x00, 0xFF, 0xFF, 0xF0, 0x00, 0x00,
  0x0F, 0xFF, 0xF8, 0x00, 0x00, 0x00, 0xFF, 0xFE, 0x00, 0x00, 0x00, 0x0F,
  0xFF, 0x80, 0x00, 0x00, 0x00, 0xFF, 0xE0, 0x00, 0x00, 0x00, 0x0F, 0xF8,
  0x00, 0x00, 0x00, 0x00, 0xFE, 0x00, 0x00, 0x00, 0x00, 0x0F, 0x80, 0x00,
  0x00, 0x00, 0x00, 0xE0, 0x00, 0x00, 0x00, 0x00, 0x08, 0x00, 0x00, 0x00,
  0x00, 0x00, 0xFF, 0xFF, 0xF0, 0x00, 0x03, 0xFF, 0xFF, 0xFC, 0x00, 0x0F,
  0xFF, 0xFF, 0xFE, 0x00, 0x3F, 0xFF, 0xFF, 0xFC, 0x00, 0xFF, 0xFF, 0xFF,
  0xFC, 0x03, 0xFF, 0xFF, 0xFF, 0xF8, 0x0F, 0xFF, 0xFF, 0xFF, 0xF0, 0x3F,
  0xFF, 0xFF, 0xFF, 0xE0, 0xFF, 0xFF, 0xFF, 0xFF, 0xC3, 0xFF, 0xFF, 0xFF,
  0xFF, 0x8F, 0xFF, 0xFF, 0xFF, 0xFE, 0x3F, 0xFF, 0xFF, 0xFF, 0xFC, 0x00,
  0x00, 0x1F, 0xFF, 0xF0, 0x00, 0x00, 0x1F, 0xFF, 0xE0, 0x00, 0x00, 0x1F,
  0xFF, 0x80, 0x00, 0x00, 0x3F, 0xFE, 0x00, 0x00, 0x00, 0xFF, 0xFC, 0x00,
  0x00, 0x01, 0xFF, 0xF0, 0x00, 0x00, 0x07, 0xFF, 0xC0, 0x00, 0x00, 0x0F,
  0xFF, 0x00, 0x00, 0x00, 0x3F, 0xFC, 0x00, 0x00, 0x00, 0xFF, 0xF0, 0x00,
  0x00, 0x03, 0xFF, 0xC0, 0x00, 0x00, 0x0F, 0xFF, 0x00, 0x00, 0x00, 0x7F,
  0xFC, 0x00, 0x00, 0x01, 0xFF, 0xF0, 0x00, 0x00, 0x07, 0xFF, 0x80, 0x00,
  0x00, 0x3F, 0xFE, 0x00, 0x00, 0x01, 0xFF, 0xF8, 0x00, 0x00, 0x0F, 0xFF,
  0xE0, 0x00, 0x00, 0xFF, 0xFF, 0x00, 0x7F, 0xFF, 0xFF, 0xFC, 0x01, 0xFF,
  0xFF, 0xFF, 0xE0, 0x07, 0xFF, 0xFF, 0xFF, 0x80, 0x1F, 0xFF, 0xFF, 0xFC,
  0x00, 0x7F, 0xFF, 0xFF, 0xE0, 0x01, 0xFF, 0xFF, 0xFF, 0x00, 0x07, 0xFF,
  0xFF, 0xF8, 0x00, 0x1F, 0xFF, 0xFF, 0xC0, 0x00, 0x7F, 0xFF, 0xFC, 0x00,
  0x01, 0xFF, 0xFF, 0xC0, 0x00, 0x07, 0xFF, 0xF8, 0x00, 0x00, 0x1F, 0xFC,
  0x00, 0x00, 0x00, 0x7F, 0xF0, 0x00, 0x00, 0x01, 0xFF, 0xC0, 0x00, 0x00,
  0x07, 0xFF, 0x00, 0x00, 0x00, 0x1F, 0xFC, 0x00, 0x00, 0x00, 0x7F, 0xF0,
  0x00, 0x00, 0x01, 0xFF, 0xC0, 0x00, 0x00, 0x07, 0xFF, 0x00, 0x00, 0x00,
  0x00, 0x00, 0x00, 0x00, 0x00, 0x00, 0x00, 0x00, 0x00, 0x00, 0x00, 0x00,
  0x00, 0x00, 0x00, 0x00, 0x00, 0x00, 0x00, 0x00, 0x00, 0x00, 0x00, 0x00,
  0x00, 0x00, 0x00, 0x00, 0x00, 0x00, 0x00, 0x00, 0x00, 0x00, 0x00, 0x00,
  0x00, 0x00, 0x00, 0x00, 0x00, 0x00, 0x00, 0x00, 0x00, 0x00, 0x00, 0x00,
  0x7F, 0x80, 0x00, 0x00, 0x07, 0xFF, 0x80, 0x00, 0x00, 0x3F, 0xFF, 0x00,
  0x00, 0x01, 0xFF, 0xFC, 0x00, 0x00, 0x07, 0xFF, 0xF8, 0x00, 0x00, 0x1F,
  0xFF, 0xE0, 0x00, 0x00, 0x7F, 0xFF, 0x80, 0x00, 0x01, 0xFF, 0xFE, 0x00,
  0x00, 0x07, 0xFF, 0xF8, 0x00, 0x00, 0x1F, 0xFF, 0xC0, 0x00, 0x00, 0x3F,
  0xFF, 0x00, 0x00, 0x00, 0x7F, 0xF8, 0x00, 0x00, 0x00, 0x7F, 0x80, 0x00,
  0x00, 0x00, 0x00, 0x03, 0xFF, 0xC0, 0x00, 0x00, 0x00, 0x01, 0xFF, 0xFF,
  0xE0, 0x00, 0x00, 0x00, 0x7F, 0xFF, 0xFF, 0xC0, 0x00, 0x00, 0x0F, 0xFF,
  0xFF, 0xFF, 0x80, 0x00, 0x01, 0xFF, 0xFF, 0xFF, 0xFF, 0x00, 0x00, 0x1F,
  0xFF, 0xFF, 0xFF, 0xFC, 0x00, 0x01, 0xFF, 0xFF, 0xFF, 0xFF, 0xF0, 0x00,
  0x1F, 0xFF, 0xFF, 0xFF, 0xFF, 0xC0, 0x01, 0xFF, 0xFF, 0xFF, 0xFF, 0xFF,
  0x00, 0x1F, 0xFF, 0xF0, 0x07, 0xFF, 0xFC, 0x01, 0xFF, 0xFC, 0x00, 0x07,
  0xFF, 0xE0, 0x0F, 0xFF, 0x80, 0x00, 0x0F, 0xFF, 0x80, 0xFF, 0xF8, 0x00,
  0x00, 0x3F, 0xFE, 0x0F, 0xFF, 0x80, 0x00, 0x00, 0xFF, 0xF0, 0x7F, 0xF8,
  0x00, 0x00, 0x03, 0xFF, 0x83, 0xFF, 0x80, 0x00, 0x00, 0x0F, 0xFE, 0x3F,
  0xF8, 0x00, 0x00, 0x00, 0x7F, 0xF1, 0xFF, 0xC0, 0x00, 0x00, 0x01, 0xFF,
  0x8F, 0xFC, 0x00, 0x00, 0x00, 0x0F, 0xFE, 0xFF, 0xE0, 0x00, 0x00, 0x00,
  0x7F, 0xF7, 0xFF, 0x00, 0x00, 0x00, 0x01, 0xFF, 0xBF, 0xF0, 0x00, 0x00,
  0x00, 0x0F, 0xFD, 0xFF, 0x80, 0x00, 0x00, 0x00, 0x7F, 0xEF, 0xFC, 0x00,
  0x00, 0x00, 0x03, 0xFF, 0xFF, 0xE0, 0x00, 0x00, 0x00, 0x1F, 0xFF, 0xFF,
  0x00, 0x00, 0x3F, 0xC0, 0xFF, 0xFF, 0xF0, 0x00, 0x0F, 0xFF, 0x87, 0xFF,
  0xFF, 0x80, 0x00, 0xFF, 0xFE, 0x3F, 0xFF, 0xFC, 0x00, 0x0F, 0xFF, 0xF9,
  0xFF, 0xFF, 0xE0, 0x00, 0xFF, 0xFF, 0xEF, 0xFF, 0xFF, 0x00, 0x0F, 0xFF,
  0xFF, 0xFF, 0xFF, 0xF8, 0x00, 0x7F, 0xFF, 0xFF, 0xFF, 0xFF, 0xC0, 0x07,
  0xFF, 0x81, 0xFF, 0xFF, 0xFE, 0x00, 0x3F, 0xF8, 0x07, 0xFF, 0xFF, 0xF0,
  0x03, 0xFF, 0x80, 0x1F, 0xFF, 0xFF, 0x80, 0x1F, 0xF8, 0x00, 0x7F, 0xFF,
  0xFC, 0x00, 0xFF, 0xC0, 0x03, 0xFF, 0xFF, 0xE0, 0x07, 0xFE, 0x00, 0x0F,
  0xFF, 0xFF, 0x00, 0x3F, 0xF0, 0x00, 0x7F, 0xFF, 0xF8, 0x01, 0xFF, 0x80,
  0x03, 0xFF, 0xFF, 0xC0, 0x0F, 0xFC, 0x00, 0x1F, 0xFF, 0xFE, 0x00, 0x7F,
  0xE0, 0x00, 0xFF, 0xFF, 0xF0, 0x03, 0xFF, 0x00, 0x07, 0xFF, 0xFF, 0x80,
  0x1F, 0xF8, 0x00, 0x3F, 0xFF, 0xFC, 0x00, 0xFF, 0xC0, 0x01, 0xFF, 0xFF,
  0xE0, 0x07, 0xFE, 0x00, 0x0F, 0xFF, 0xFF, 0x00, 0x3F, 0xF0, 0x00, 0x7F,
  0xFF, 0xF8, 0x01, 0xFF, 0x80, 0x03, 0xFF, 0xFF, 0xC0, 0x0F, 0xFC, 0x00,
  0x1F, 0xFF, 0xFE, 0x00, 0x7F, 0xE0, 0x00, 0xFF, 0xFF, 0xF0, 0x03, 0xFF,
  0x00, 0x07, 0xFF, 0xFF, 0x80, 0x1F, 0xF8, 0x00, 0x3F, 0xFF, 0xFC, 0x00,
  0xFF, 0xC0, 0x01, 0xFF, 0xFF, 0xE0, 0x07, 0xFE, 0x00, 0x0F, 0xFF, 0xFF,
  0x00, 0x3F, 0xF0, 0x00, 0x7F, 0xFF, 0xF8, 0x01, 0xFF, 0x80, 0x07, 0xFF,
  0xFF, 0xC0, 0x0F, 0xFE, 0x00, 0x3F, 0xF7, 0xFE, 0x00, 0x7F, 0xF0, 0x03,
  0xFF, 0xBF, 0xF0, 0x01, 0xFF, 0xC0, 0x3F, 0xFD, 0xFF, 0x80, 0x0F, 0xFF,
  0x83, 0xFF, 0xCF, 0xFC, 0x00, 0x3F, 0xFF, 0xFF, 0xFE, 0x7F, 0xE0, 0x01,
  0xFF, 0xFF, 0xFF, 0xE3, 0xFF, 0x00, 0x07, 0xFF, 0xFF, 0xFE, 0x1F, 0xF8,
  0x00, 0x1F, 0xFF, 0xFF, 0xE0, 0xFF, 0xC0, 0x00, 0x7F, 0xFF, 0xFE, 0x07,
  0xFF, 0x00, 0x00, 0xFF, 0xFF, 0xE0, 0x3F, 0xF8, 0x00, 0x03, 0xFF, 0xFC,
  0x00, 0xFF, 0xC0, 0x00, 0x03, 0xFF, 0x00, 0x07, 0xFE, 0x00, 0x00, 0x00,
  0x00, 0x00, 0x3F, 0xF0, 0x00, 0x00, 0x00, 0x00, 0x01, 0xFF, 0xC0, 0x00,
  0x00, 0x00, 0x00, 0x0F, 0xFE, 0x00, 0x00, 0x00, 0x00, 0x00, 0x3F, 0xF0,
  0x00, 0x00, 0x00, 0x00, 0x01, 0xFF, 0xC0, 0x00, 0x00, 0x00, 0x00, 0x0F,
  0xFE, 0x00, 0x00, 0x00, 0x00, 0x00, 0x3F, 0xF8, 0x00, 0x00, 0x00, 0x00,
  0x01, 0xFF, 0xE0, 0x00, 0x00, 0x00, 0x00, 0x07, 0xFF, 0x80, 0x00, 0x00,
  0x00, 0x00, 0x3F, 0xFE, 0x00, 0x00, 0x00, 0x00, 0x00, 0xFF, 0xFC, 0x00,
  0x00, 0x00, 0x00, 0x03, 0xFF, 0xF8, 0x00, 0x00, 0x00, 0x00, 0x1F, 0xFF,
  0xF8, 0x00, 0x00, 0x00, 0x00, 0x7F, 0xFF, 0xFF, 0xFF, 0xC0, 0x00, 0x01,
  0xFF, 0xFF, 0xFF, 0xFE, 0x00, 0x00, 0x07, 0xFF, 0xFF, 0xFF, 0xF0, 0x00,
  0x00, 0x1F, 0xFF, 0xFF, 0xFF, 0x80, 0x00, 0x00, 0x3F, 0xFF, 0xFF, 0xFC,
  0x00, 0x00, 0x00, 0x7F, 0xFF, 0xFF, 0xE0, 0x00, 0x00, 0x00, 0xFF, 0xFF,
  0xFF, 0x00, 0x00, 0x00, 0x01, 0xFF, 0xFF, 0xF8, 0x00, 0x00, 0x00, 0x00,
  0xFF, 0xFF, 0xC0, 0x00, 0x00, 0x00, 0x3F, 0xFF, 0xC0, 0x00, 0x00, 0x00,
  0x03, 0xFF, 0xFE, 0x00, 0x00, 0x00, 0x00, 0x3F, 0xFF, 0xE0, 0x00, 0x00,
  0x00, 0x03, 0xFF, 0xFE, 0x00, 0x00, 0x00, 0x00, 0x7F, 0xFF, 0xE0, 0x00,
  0x00, 0x00, 0x07, 0xFF, 0xFF, 0x00, 0x00, 0x00, 0x00, 0x7F, 0xFF, 0xF0,
  0x00, 0x00, 0x00, 0x07, 0xFF, 0xFF, 0x00, 0x00, 0x00, 0x00, 0xFF, 0xFF,
  0xF0, 0x00, 0x00, 0x00, 0x0F, 0xFF, 0xFF, 0x80, 0x00, 0x00, 0x00, 0xFF,
  0xFF, 0xF8, 0x00, 0x00, 0x00, 0x0F, 0xFF, 0xFF, 0x80, 0x00, 0x00, 0x01,
  0xFF, 0xDF, 0xF8, 0x00, 0x00, 0x00, 0x1F, 0xFD, 0xFF, 0xC0, 0x00, 0x00,
  0x01, 0xFF, 0xDF, 0xFC, 0x00, 0x00, 0x00, 0x1F, 0xFD, 0xFF, 0xC0, 0x00,
  0x00, 0x03, 0xFF, 0x9F, 0xFC, 0x00, 0x00, 0x00, 0x3F, 0xF8, 0xFF, 0xE0,
  0x00, 0x00, 0x03, 0xFF, 0x8F, 0xFE, 0x00, 0x00, 0x00, 0x3F, 0xF8, 0xFF,
  0xE0, 0x00, 0x00, 0x07, 0xFF, 0x8F, 0xFE, 0x00, 0x00, 0x00, 0x7F, 0xF0,
  0xFF, 0xF0, 0x00, 0x00, 0x07, 0xFF, 0x07, 0xFF, 0x00, 0x00, 0x00, 0x7F,
  0xF0, 0x7F, 0xF0, 0x00, 0x00, 0x0F, 0xFF, 0x07, 0xFF, 0x00, 0x00, 0x00,
  0xFF, 0xF0, 0x7F, 0xF8, 0x00, 0x00, 0x0F, 0xFE, 0x03, 0xFF, 0x80, 0x00,
  0x00, 0xFF, 0xE0, 0x3F, 0xF8, 0x00, 0x00, 0x1F, 0xFE, 0x03, 0xFF, 0x80,
  0x00, 0x01, 0xFF, 0xE0, 0x3F, 0xFC, 0x00, 0x00, 0x1F, 0xFC, 0x03, 0xFF,
  0xC0, 0x00, 0x01, 0xFF, 0xC0, 0x1F, 0xFC, 0x00, 0x00, 0x3F, 0xFC, 0x01,
  0xFF, 0xC0, 0x00, 0x03, 0xFF, 0xC0, 0x1F, 0xFE, 0x00, 0x00, 0x3F, 0xF8,
  0x01, 0xFF, 0xE0, 0x00, 0x03, 0xFF, 0x80, 0x0F, 0xFE, 0x00, 0x00, 0x7F,
  0xF8, 0x00, 0xFF, 0xE0, 0x00, 0x07, 0xFF, 0x80, 0x0F, 0xFF, 0x00, 0x00,
  0x7F, 0xF8, 0x00, 0xFF, 0xF0, 0x00, 0x07, 0xFF, 0x00, 0x0F, 0xFF, 0x00,
  0x00, 0xFF, 0xF0, 0x00, 0x7F, 0xF0, 0x00, 0x0F, 0xFF, 0x00, 0x07, 0xFF,
  0x80, 0x00, 0xFF, 0xF0, 0x00, 0x7F, 0xF8, 0x00, 0x0F, 0xFE, 0x00, 0x07,
  0xFF, 0x80, 0x01, 0xFF, 0xE0, 0x00, 0x3F, 0xF8, 0x00, 0x1F, 0xFF, 0xFF,
  0xFF, 0xFF, 0xC0, 0x01, 0xFF, 0xFF, 0xFF, 0xFF, 0xFC, 0x00, 0x1F, 0xFF,
  0xFF, 0xFF, 0xFF, 0xC0, 0x03, 0xFF, 0xFF, 0xFF, 0xFF, 0xFC, 0x00, 0x3F,
  0xFF, 0xFF, 0xFF, 0xFF, 0xE0, 0x03, 0xFF, 0xFF, 0xFF, 0xFF, 0xFE, 0x00,
  0x3F, 0xFF, 0xFF, 0xFF, 0xFF, 0xE0, 0x07, 0xFF, 0xFF, 0xFF, 0xFF, 0xFE,
  0x00, 0x7F, 0xFF, 0xFF, 0xFF, 0xFF, 0xF0, 0x07, 0xFF, 0xFF, 0xFF, 0xFF,
  0xFF, 0x00, 0x7F, 0xF8, 0x00, 0x00, 0xFF, 0xF0, 0x0F, 0xFF, 0x80, 0x00,
  0x0F, 0xFF, 0x00, 0xFF, 0xF0, 0x00, 0x00, 0xFF, 0xF8, 0x0F, 0xFF, 0x00,
  0x00, 0x07, 0xFF, 0x80, 0xFF, 0xF0, 0x00, 0x00, 0x7F, 0xF8, 0x1F, 0xFF,
  0x00, 0x00, 0x07, 0xFF, 0x81, 0xFF, 0xE0, 0x00, 0x00, 0x7F, 0xFC, 0x1F,
  0xFE, 0x00, 0x00, 0x03, 0xFF, 0xC1, 0xFF, 0xE0, 0x00, 0x00, 0x3F, 0xFC,
  0x3F, 0xFE, 0x00, 0x00, 0x03, 0xFF, 0xC3, 0xFF, 0xC0, 0x00, 0x00, 0x3F,
  0xFE, 0x3F, 0xFC, 0x00, 0x00, 0x01, 0xFF, 0xE3, 0xFF, 0xC0, 0x00, 0x00,
  0x1F, 0xFE, 0x7F, 0xFC, 0x00, 0x00, 0x01, 0xFF, 0xE7, 0xFF, 0xC0, 0x00,
  0x00, 0x1F, 0xFF, 0x7F, 0xF8, 0x00, 0x00, 0x01, 0xFF, 0xFF, 0xFF, 0x80,
  0x00, 0x00, 0x0F, 0xFF, 0xFF, 0xFF, 0xFF, 0xF0, 0x00, 0x03, 0xFF, 0xFF,
  0xFF, 0xF8, 0x00, 0x0F, 0xFF, 0xFF, 0xFF, 0xFC, 0x00, 0x3F, 0xFF, 0xFF,
  0xFF, 0xFC, 0x00, 0xFF, 0xFF, 0xFF, 0xFF, 0xF8, 0x03, 0xFF, 0xFF, 0xFF,
  0xFF, 0xF0, 0x0F, 0xFF, 0xFF, 0xFF, 0xFF, 0xE0, 0x3F, 0xFF, 0xFF, 0xFF,
  0xFF, 0xC0, 0xFF, 0xFF, 0xFF, 0xFF, 0xFF, 0x83, 0xFF, 0xFF, 0xFF, 0xFF,
  0xFF, 0x0F, 0xFF, 0xFF, 0xFF, 0xFF, 0xFC, 0x3F, 0xFC, 0x00, 0x0F, 0xFF,
  0xF8, 0xFF, 0xF0, 0x00, 0x0F, 0xFF, 0xE3, 0xFF, 0xC0, 0x00, 0x1F, 0xFF,
  0x8F, 0xFF, 0x00, 0x00, 0x3F, 0xFF, 0x3F, 0xFC, 0x00, 0x00, 0x7F, 0xFC,
  0xFF, 0xF0, 0x00, 0x01, 0xFF, 0xF3, 0xFF, 0xC0, 0x00, 0x07, 0xFF, 0xCF,
  0xFF, 0x00, 0x00, 0x0F, 0xFF, 0x3F, 0xFC, 0x00, 0x00, 0x3F, 0xFC, 0xFF,
  0xF0, 0x00, 0x00, 0xFF, 0xF3, 0xFF, 0xC0, 0x00, 0x03, 0xFF, 0xCF, 0xFF,
  0x00, 0x00, 0x0F, 0xFF, 0x3F, 0xFC, 0x00, 0x00, 0x7F, 0xF8, 0xFF, 0xF0,
  0x00, 0x01, 0xFF, 0xE3, 0xFF, 0xC0, 0x00, 0x0F, 0xFF, 0x8F, 0xFF, 0x00,
  0x00, 0x3F, 0xFC, 0x3F, 0xFC, 0x00, 0x01, 0xFF, 0xF0, 0xFF, 0xF0, 0x00,
  0x1F, 0xFF, 0x83, 0xFF, 0xC0, 0x01, 0xFF, 0xFC, 0x0F, 0xFF, 0xFF, 0xFF,
  0xFF, 0xE0, 0x3F, 0xFF, 0xFF, 0xFF, 0xFF, 0x00, 0xFF, 0xFF, 0xFF, 0xFF,
  0xF8, 0x03, 0xFF, 0xFF, 0xFF, 0xFF, 0x80, 0x0F, 0xFF, 0xFF, 0xFF, 0xF8,
  0x00, 0x3F, 0xFF, 0xFF, 0xFF, 0xFC, 0x00, 0xFF, 0xFF, 0xFF, 0xFF, 0xFC,
  0x03, 0xFF, 0xFF, 0xFF, 0xFF, 0xF8, 0x0F, 0xFF, 0xFF, 0xFF, 0xFF, 0xF0,
  0x3F, 0xFF, 0xFF, 0xFF, 0xFF, 0xE0, 0xFF, 0xF0, 0x00, 0x3F, 0xFF, 0xC3,
  0xFF, 0xC0, 0x00, 0x3F, 0xFF, 0x8F, 0xFF, 0x00, 0x00, 0x3F, 0xFE, 0x3F,
  0xFC, 0x00, 0x00, 0x7F, 0xFC, 0xFF, 0xF0, 0x00, 0x00, 0xFF, 0xF3, 0xFF,
  0xC0, 0x00, 0x03, 0xFF, 0xEF, 0xFF, 0x00, 0x00, 0x07, 0xFF, 0xBF, 0xFC,
  0x00, 0x00, 0x1F, 0xFE, 0xFF, 0xF0, 0x00, 0x00, 0x7F, 0xFB, 0xFF, 0xC0,
  0x00, 0x01, 0xFF, 0xFF, 0xFF, 0x00, 0x00, 0x07, 0xFF, 0xFF, 0xFC, 0x00,
  0x00, 0x1F, 0xFF, 0xFF, 0xF0, 0x00, 0x00, 0x7F, 0xFF, 0xFF, 0xC0, 0x00,
  0x01, 0xFF, 0xFF, 0xFF, 0x00, 0x00, 0x07, 0xFF, 0xFF, 0xFC, 0x00, 0x00,
  0x1F, 0xFE, 0xFF, 0xF0, 0x00, 0x00, 0xFF, 0xFB, 0xFF, 0xC0, 0x00, 0x07,
  0xFF, 0xEF, 0xFF, 0x00, 0x00, 0x3F, 0xFF, 0xBF, 0xFC, 0x00, 0x01, 0xFF,
  0xFC, 0xFF, 0xF0, 0x00, 0x1F, 0xFF, 0xF3, 0xFF, 0xFF, 0xFF, 0xFF, 0xFF,
  0x8F, 0xFF, 0xFF, 0xFF, 0xFF, 0xFE, 0x3F, 0xFF, 0xFF, 0xFF, 0xFF, 0xF0,
  0xFF, 0xFF, 0xFF, 0xFF, 0xFF, 0x83, 0xFF, 0xFF, 0xFF, 0xFF, 0xFE, 0x0F,
  0xFF, 0xFF, 0xFF, 0xFF, 0xE0, 0x3F, 0xFF, 0xFF, 0xFF, 0xFF, 0x00, 0xFF,
  0xFF, 0xFF, 0xFF, 0xF8, 0x03, 0xFF, 0xFF, 0xFF, 0xFF, 0x80, 0x0F, 0xFF,
  0xFF, 0xFF, 0xF8, 0x00, 0x3F, 0xFF, 0xFF, 0xFC, 0x00, 0x00, 0x00, 0x00,
  0x7F, 0xF8, 0x00, 0x00, 0x00, 0x0F, 0xFF, 0xFE, 0x00, 0x00, 0x01, 0xFF,
  0xFF, 0xFE, 0x00, 0x00, 0x0F, 0xFF, 0xFF, 0xFE, 0x00, 0x00, 0xFF, 0xFF,
  0xFF, 0xFC, 0x00, 0x07, 0xFF, 0xFF, 0xFF, 0xF8, 0x00, 0x3F, 0xFF, 0xFF,
  0xFF, 0xF0, 0x01, 0xFF, 0xFF, 0xFF, 0xFF, 0xE0, 0x0F, 0xFF, 0xFF, 0xFF,
  0xFF, 0xC0, 0x3F, 0xFF, 0xFF, 0xFF, 0xFF, 0x81, 0xFF, 0xFF, 0xFF, 0xFF,
  0xFE, 0x0F, 0xFF, 0xF8, 0x03, 0xFF, 0xFC, 0x3F, 0xFF, 0x80, 0x03, 0xFF,
  0xF0, 0xFF, 0xF8, 0x00, 0x07, 0xFF, 0xE7, 0xFF, 0xC0, 0x00, 0x0F, 0xFF,
  0x9F, 0xFF, 0x00, 0x00, 0x3F, 0xFE, 0x7F, 0xF8, 0x00, 0x00, 0x7F, 0xFD,
  0xFF, 0xE0, 0x00, 0x01, 0xFF, 0xF7, 0xFF, 0x80, 0x00, 0x07, 0xFF, 0xFF,
  0xFE, 0x00, 0x00, 0x1F, 0xFF, 0xFF, 0xF8, 0x00, 0x00, 0x3F, 0xFF, 0xFF,
  0xE0, 0x00, 0x00, 0x00, 0x0F, 0xFF, 0x80, 0x00, 0x00, 0x00, 0x3F, 0xFE,
  0x00, 0x00, 0x00, 0x00, 0xFF, 0xF8, 0x00, 0x00, 0x00, 0x03, 0xFF, 0xE0,
  0x00, 0x00, 0x00, 0x0F, 0xFF, 0x80, 0x00, 0x00, 0x00, 0x3F, 0xFE, 0x00,
  0x00, 0x00, 0x00, 0xFF, 0xF8, 0x00, 0x00, 0x00, 0x03, 0xFF, 0xE0, 0x00,
  0x00, 0x00, 0x0F, 0xFF, 0x80, 0x00, 0x00, 0x00, 0x3F, 0xFE, 0x00, 0x00,
  0x00, 0x00, 0xFF, 0xF8, 0x00, 0x00, 0x00, 0x03, 0xFF, 0xE0, 0x00, 0x00,
  0x00, 0x0F, 0xFF, 0x80, 0x00, 0x00, 0x00, 0x3F, 0xFE, 0x00, 0x00, 0x00,
  0x00, 0xFF, 0xF8, 0x00, 0x00, 0x00, 0x03, 0xFF, 0xE0, 0x00, 0x00, 0x00,
  0x0F, 0xFF, 0x80, 0x00, 0x00, 0x00, 0x3F, 0xFE, 0x00, 0x00, 0x00, 0x00,
  0xFF, 0xF8, 0x00, 0x00, 0x00, 0x03, 0xFF, 0xE0, 0x00, 0x00, 0x00, 0x0F,
  0xFF, 0x80, 0x00, 0x00, 0x00, 0x3F, 0xFE, 0x00, 0x00, 0x00, 0x00, 0xFF,
  0xF8, 0x00, 0x00, 0x00, 0x03, 0xFF, 0xE0, 0x00, 0x00, 0x00, 0x0F, 0xFF,
  0x80, 0x00, 0x00, 0x00, 0x3F, 0xFE, 0x00, 0x00, 0x00, 0x00, 0xFF, 0xF8,
  0x00, 0x00, 0x00, 0x03, 0xFF, 0xE0, 0x00, 0x00, 0x00, 0x0F, 0xFF, 0x80,
  0x00, 0x00, 0x00, 0x3F, 0xFE, 0x00, 0x00, 0x00, 0x00, 0xFF, 0xF8, 0x00,
  0x00, 0x00, 0x03, 0xFF, 0xE0, 0x00, 0x00, 0xFF, 0xFF, 0xFF, 0x80, 0x00,
  0x07, 0xFF, 0xDF, 0xFE, 0x00, 0x00, 0x1F, 0xFF, 0x7F, 0xF8, 0x00, 0x00,
  0x7F, 0xFD, 0xFF, 0xE0, 0x00, 0x01, 0xFF, 0xE7, 0xFF, 0xC0, 0x00, 0x0F,
  0xFF, 0x9F, 0xFF, 0x80, 0x00, 0x3F, 0xFE, 0x3F, 0xFE, 0x00, 0x01, 0xFF,
  0xF8, 0xFF, 0xFE, 0x00, 0x0F, 0xFF, 0xC3, 0xFF, 0xFC, 0x00, 0xFF, 0xFF,
  0x07, 0xFF, 0xFF, 0xFF, 0xFF, 0xF8, 0x0F, 0xFF, 0xFF, 0xFF, 0xFF, 0xE0,
  0x3F, 0xFF, 0xFF, 0xFF, 0xFF, 0x00, 0x7F, 0xFF, 0xFF, 0xFF, 0xF8, 0x00,
  0xFF, 0xFF, 0xFF, 0xFF, 0xC0, 0x01, 0xFF, 0xFF, 0xFF, 0xFE, 0x00, 0x03,
  0xFF, 0xFF, 0xFF, 0xF0, 0x00, 0x03, 0xFF, 0xFF, 0xFF, 0x80, 0x00, 0x07,
  0xFF, 0xFF, 0xF8, 0x00, 0x00, 0x03, 0xFF, 0xFF, 0x80, 0x00, 0x00, 0x01,
  0xFF, 0xE0, 0x00, 0x00, 0xFF, 0xFF, 0xFF, 0xE0, 0x00, 0x07, 0xFF, 0xFF,
  0xFF, 0xF0, 0x00, 0x3F, 0xFF, 0xFF, 0xFF, 0xF0, 0x01, 0xFF, 0xFF, 0xFF,
  0xFF, 0xC0, 0x0F, 0xFF, 0xFF, 0xFF, 0xFF, 0x80, 0x7F, 0xFF, 0xFF, 0xFF,
  0xFE, 0x03, 0xFF, 0xFF, 0xFF, 0xFF, 0xF8, 0x1F, 0xFF, 0xFF, 0xFF, 0xFF,
  0xE0, 0xFF, 0xFF, 0xFF, 0xFF, 0xFF, 0x87, 0xFF, 0xFF, 0xFF, 0xFF, 0xFE,
  0x3F, 0xFF, 0xFF, 0xFF, 0xFF, 0xF1, 0xFF, 0xF0, 0x00, 0x7F, 0xFF, 0xCF,
  0xFF, 0x80, 0x00, 0xFF, 0xFE, 0x7F, 0xFC, 0x00, 0x01, 0xFF, 0xFB, 0xFF,
  0xE0, 0x00, 0x07, 0xFF, 0xDF, 0xFF, 0x00, 0x00, 0x3F, 0xFF, 0xFF, 0xF8,
  0x00, 0x00, 0xFF, 0xFF, 0xFF, 0xC0, 0x00, 0x07, 0xFF, 0xFF, 0xFE, 0x00,
  0x00, 0x1F, 0xFF, 0xFF, 0xF0, 0x00, 0x00, 0xFF, 0xFF, 0xFF, 0x80, 0x00,
  0x07, 0xFF, 0xFF, 0xFC, 0x00, 0x00, 0x3F, 0xFF, 0xFF, 0xE0, 0x00, 0x01,
  0xFF, 0xFF, 0xFF, 0x00, 0x00, 0x0F, 0xFF, 0xFF, 0xF8, 0x00, 0x00, 0x7F,
  0xFF, 0xFF, 0xC0, 0x00, 0x03, 0xFF, 0xFF, 0xFE, 0x00, 0x00, 0x1F, 0xFF,
  0xFF, 0xF0, 0x00, 0x00, 0xFF, 0xFF, 0xFF, 0x80, 0x00, 0x07, 0xFF, 0xFF,
  0xFC, 0x00, 0x00, 0x3F, 0xFF, 0xFF, 0xE0, 0x00, 0x01, 0xFF, 0xFF, 0xFF,
  0x00, 0x00, 0x0F, 0xFF, 0xFF, 0xF8, 0x00, 0x00, 0x7F, 0xFF, 0xFF, 0xC0,
  0x00, 0x03, 0xFF, 0xFF, 0xFE, 0x00, 0x00, 0x1F, 0xFF, 0xFF, 0xF0, 0x00,
  0x00, 0xFF, 0xFF, 0xFF, 0x80, 0x00, 0x07, 0xFF, 0xFF, 0xFC, 0x00, 0x00,
  0x3F, 0xFF, 0xFF, 0xE0, 0x00, 0x01, 0xFF, 0xFF, 0xFF, 0x00, 0x00, 0x0F,
  0xFF, 0xFF, 0xF8, 0x00, 0x00, 0x7F, 0xFF, 0xFF, 0xC0, 0x00, 0x03, 0xFF,
  0xFF, 0xFE, 0x00, 0x00, 0x1F, 0xFF, 0xFF, 0xF0, 0x00, 0x00, 0xFF, 0xFF,
  0xFF, 0x80, 0x00, 0x07, 0xFF, 0xFF, 0xFC, 0x00, 0x00, 0x3F, 0xFF, 0xFF,
  0xE0, 0x00, 0x01, 0xFF, 0xFF, 0xFF, 0x00, 0x00, 0x0F, 0xFF, 0xFF, 0xF8,
  0x00, 0x00, 0x7F, 0xFF, 0xFF, 0xC0, 0x00, 0x03, 0xFF, 0xFF, 0xFE, 0x00,
  0x00, 0x1F, 0xFF, 0xFF, 0xF0, 0x00, 0x00, 0xFF, 0xFF, 0xFF, 0x80, 0x00,
  0x07, 0xFF, 0xFF, 0xFC, 0x00, 0x00, 0x3F, 0xFF, 0xFF, 0xE0, 0x00, 0x03,
  0xFF, 0xFF, 0xFF, 0x00, 0x00, 0x1F, 0xFF, 0xFF, 0xF8, 0x00, 0x01, 0xFF,
  0xF7, 0xFF, 0xC0, 0x00, 0x0F, 0xFF, 0xBF, 0xFE, 0x00, 0x00, 0xFF, 0xFD,
  0xFF, 0xF0, 0x00, 0x1F, 0xFF, 0xCF, 0xFF, 0x80, 0x03, 0xFF, 0xFE, 0x7F,
  0xFF, 0xFF, 0xFF, 0xFF, 0xE3, 0xFF, 0xFF, 0xFF, 0xFF, 0xFF, 0x1F, 0xFF,
  0xFF, 0xFF, 0xFF, 0xF0, 0xFF, 0xFF, 0xFF, 0xFF, 0xFF, 0x07, 0xFF, 0xFF,
  0xFF, 0xFF, 0xF0, 0x3F, 0xFF, 0xFF, 0xFF, 0xFF, 0x01, 0xFF, 0xFF, 0xFF,
  0xFF, 0xF0, 0x0F, 0xFF, 0xFF, 0xFF, 0xFE, 0x00, 0x7F, 0xFF, 0xFF, 0xFF,
  0xE0, 0x03, 0xFF, 0xFF, 0xFF, 0xF8, 0x00, 0x1F, 0xFF, 0xFF, 0xFE, 0x00,
  0x00, 0xFF, 0xFF, 0xFF, 0xFF, 0xFF, 0xFF, 0xFF, 0xFF, 0xFF, 0xFF, 0xFF,
  0xFF, 0xFF, 0xFF, 0xFF, 0xFF, 0xFF, 0xFF, 0xFF, 0xFF, 0xFF, 0xFF, 0xFF,
  0xFF, 0xFF, 0xFF, 0xFF, 0xFF, 0xFF, 0xFF, 0xFF, 0xFF, 0xFF, 0xFF, 0xFF,
  0xFF, 0xFF, 0xFF, 0xFF, 0xFF, 0xFF, 0xFF, 0xFF, 0xFF, 0xFF, 0xFF, 0xFF,
  0xFF, 0xFF, 0xFF, 0xFF, 0xFF, 0xFF, 0xFF, 0xFF, 0xFF, 0xFF, 0xFF, 0xFF,
  0xFF, 0xF8, 0x00, 0x00, 0x00, 0x0F, 0xFF, 0x00, 0x00, 0x00, 0x01, 0xFF,
  0xE0, 0x00, 0x00, 0x00, 0x3F, 0xFC, 0x00, 0x00, 0x00, 0x07, 0xFF, 0x80,
  0x00, 0x00, 0x00, 0xFF, 0xF0, 0x00, 0x00, 0x00, 0x1F, 0xFE, 0x00, 0x00,
  0x00, 0x03, 0xFF, 0xC0, 0x00, 0x00, 0x00, 0x7F, 0xF8, 0x00, 0x00, 0x00,
  0x0F, 0xFF, 0x00, 0x00, 0x00, 0x01, 0xFF, 0xE0, 0x00, 0x00, 0x00, 0x3F,
  0xFC, 0x00, 0x00, 0x00, 0x07, 0xFF, 0x80, 0x00, 0x00, 0x00, 0xFF, 0xF0,
  0x00, 0x00, 0x00, 0x1F, 0xFE, 0x00, 0x00, 0x00, 0x03, 0xFF, 0xC0, 0x00,
  0x00, 0x00, 0x7F, 0xF8, 0x00, 0x00, 0x00, 0x0F, 0xFF, 0x00, 0x00, 0x00,
  0x01, 0xFF, 0xFF, 0xFF, 0xFF, 0xFC, 0x3F, 0xFF, 0xFF, 0xFF, 0xFF, 0x87,
  0xFF, 0xFF, 0xFF, 0xFF, 0xF0, 0xFF, 0xFF, 0xFF, 0xFF, 0xFE, 0x1F, 0xFF,
  0xFF, 0xFF, 0xFF, 0xC3, 0xFF, 0xFF, 0xFF, 0xFF, 0xF8, 0x7F, 0xFF, 0xFF,
  0xFF, 0xFF, 0x0F, 0xFF, 0xFF, 0xFF, 0xFF, 0xE1, 0xFF, 0xFF, 0xFF, 0xFF,
  0xFC, 0x3F, 0xFF, 0xFF, 0xFF, 0xFF, 0x87, 0xFF, 0xFF, 0xFF, 0xFF, 0xF0,
  0xFF, 0xF0, 0x00, 0x00, 0x00, 0x1F, 0xFE, 0x00, 0x00, 0x00, 0x03, 0xFF,
  0xC0, 0x00, 0x00, 0x00, 0x7F, 0xF8, 0x00, 0x00, 0x00, 0x0F, 0xFF, 0x00,
  0x00, 0x00, 0x01, 0xFF, 0xE0, 0x00, 0x00, 0x00, 0x3F, 0xFC, 0x00, 0x00,
  0x00, 0x07, 0xFF, 0x80, 0x00, 0x00, 0x00, 0xFF, 0xF0, 0x00, 0x00, 0x00,
  0x1F, 0xFE, 0x00, 0x00, 0x00, 0x03, 0xFF, 0xC0, 0x00, 0x00, 0x00, 0x7F,
  0xF8, 0x00, 0x00, 0x00, 0x0F, 0xFF, 0x00, 0x00, 0x00, 0x01, 0xFF, 0xE0,
  0x00, 0x00, 0x00, 0x3F, 0xFC, 0x00, 0x00, 0x00, 0x07, 0xFF, 0x80, 0x00,
  0x00, 0x00, 0xFF, 0xF0, 0x00, 0x00, 0x00, 0x1F, 0xFE, 0x00, 0x00, 0x00,
  0x03, 0xFF, 0xC0, 0x00, 0x00, 0x00, 0x7F, 0xF8, 0x00, 0x00, 0x00, 0x0F,
  0xFF, 0x00, 0x00, 0x00, 0x01, 0xFF, 0xFF, 0xFF, 0xFF, 0xFF, 0xFF, 0xFF,
  0xFF, 0xFF, 0xFF, 0xFF, 0xFF, 0xFF, 0xFF, 0xFF, 0xFF, 0xFF, 0xFF, 0xFF,
  0xFF, 0xFF, 0xFF, 0xFF, 0xFF, 0xFF, 0xFF, 0xFF, 0xFF, 0xFF, 0xFF, 0xFF,
  0xFF, 0xFF, 0xFF, 0xFF, 0xFF, 0xFF, 0xFF, 0xFF, 0xFF, 0xFF, 0xFF, 0xFF,
  0xFF, 0xFF, 0xFF, 0xFF, 0xFF, 0xFF, 0xFF, 0xFF, 0xFF, 0xFF, 0xFF, 0xFF,
  0xFF, 0xFF, 0xFF, 0xFF, 0xFF, 0xFF, 0xFF, 0xFF, 0xFF, 0xFF, 0xFF, 0xFF,
  0xFF, 0xFF, 0xFF, 0xFF, 0xFF, 0xFF, 0xFF, 0xFF, 0xFF, 0xFF, 0xFF, 0xFF,
  0xFF, 0xFF, 0xFF, 0xFF, 0xFF, 0xFF, 0xFF, 0xFF, 0xFF, 0xFF, 0xFF, 0xFF,
  0xFF, 0xFF, 0xFF, 0xFF, 0xFF, 0xFF, 0xFF, 0xFF, 0xFF, 0xFF, 0xFF, 0xFF,
  0xFF, 0xFF, 0xFF, 0xFF, 0xFF, 0xFF, 0xFF, 0xFF, 0xFF, 0xFF, 0xFF, 0xFF,
  0xFF, 0xFF, 0xFF, 0xFF, 0xFF, 0xFF, 0x00, 0x00, 0x00, 0x00, 0xFF, 0xF0,
  0x00, 0x00, 0x00, 0x0F, 0xFF, 0x00, 0x00, 0x00, 0x00, 0xFF, 0xF0, 0x00,
  0x00, 0x00, 0x0F, 0xFF, 0x00, 0x00, 0x00, 0x00, 0xFF, 0xF0, 0x00, 0x00,
  0x00, 0x0F, 0xFF, 0x00, 0x00, 0x00, 0x00, 0xFF, 0xF0, 0x00, 0x00, 0x00,
  0x0F, 0xFF, 0x00, 0x00, 0x00, 0x00, 0xFF, 0xF0, 0x00, 0x00, 0x00, 0x0F,
  0xFF, 0x00, 0x00, 0x00, 0x00, 0xFF, 0xF0, 0x00, 0x00, 0x00, 0x0F, 0xFF,
  0x00, 0x00, 0x00, 0x00, 0xFF, 0xF0, 0x00, 0x00, 0x00, 0x0F, 0xFF, 0x00,
  0x00, 0x00, 0x00, 0xFF, 0xF0, 0x00, 0x00, 0x00, 0x0F, 0xFF, 0x00, 0x00,
  0x00, 0x00, 0xFF, 0xF0, 0x00, 0x00, 0x00, 0x0F, 0xFF, 0x00, 0x00, 0x00,
  0x00, 0xFF, 0xF0, 0x00, 0x00, 0x00, 0x0F, 0xFF, 0xFF, 0xFF, 0xFF, 0xFC,
  0xFF, 0xFF, 0xFF, 0xFF, 0xFF, 0xCF, 0xFF, 0xFF, 0xFF, 0xFF, 0xFC, 0xFF,
  0xFF, 0xFF, 0xFF, 0xFF, 0xCF, 0xFF, 0xFF, 0xFF, 0xFF, 0xFC, 0xFF, 0xFF,
  0xFF, 0xFF, 0xFF, 0xCF, 0xFF, 0xFF, 0xFF, 0xFF, 0xFC, 0xFF, 0xFF, 0xFF,
  0xFF, 0xFF, 0xCF, 0xFF, 0xFF, 0xFF, 0xFF, 0xFC, 0xFF, 0xFF, 0xFF, 0xFF,
  0xFF, 0xCF, 0xFF, 0xFF, 0xFF, 0xFF, 0xFC, 0xFF, 0xF0, 0x00, 0x00, 0x00,
  0x0F, 0xFF, 0x00, 0x00, 0x00, 0x00, 0xFF, 0xF0, 0x00, 0x00, 0x00, 0x0F,
  0xFF, 0x00, 0x00, 0x00, 0x00, 0xFF, 0xF0, 0x00, 0x00, 0x00, 0x0F, 0xFF,
  0x00, 0x00, 0x00, 0x00, 0xFF, 0xF0, 0x00, 0x00, 0x00, 0x0F, 0xFF, 0x00,
  0x00, 0x00, 0x00, 0xFF, 0xF0, 0x00, 0x00, 0x00, 0x0F, 0xFF, 0x00, 0x00,
  0x00, 0x00, 0xFF, 0xF0, 0x00, 0x00, 0x00, 0x0F, 0xFF, 0x00, 0x00, 0x00,
  0x00, 0xFF, 0xF0, 0x00, 0x00, 0x00, 0x0F, 0xFF, 0x00, 0x00, 0x00, 0x00,
  0xFF, 0xF0, 0x00, 0x00, 0x00, 0x0F, 0xFF, 0x00, 0x00, 0x00, 0x00, 0xFF,
  0xF0, 0x00, 0x00, 0x00, 0x0F, 0xFF, 0x00, 0x00, 0x00, 0x00, 0xFF, 0xF0,
  0x00, 0x00, 0x00, 0x0F, 0xFF, 0x00, 0x00, 0x00, 0x00, 0xFF, 0xF0, 0x00,
  0x00, 0x00, 0x0F, 0xFF, 0x00, 0x00, 0x00, 0x00, 0xFF, 0xF0, 0x00, 0x00,
  0x00, 0x0F, 0xFF, 0x00, 0x00, 0x00, 0x00, 0xFF, 0xF0, 0x00, 0x00, 0x00,
  0x0F, 0xFF, 0x00, 0x00, 0x00, 0x00, 0xFF, 0xF0, 0x00, 0x00, 0x00, 0x0F,
  0xFF, 0x00, 0x00, 0x00, 0x00, 0xFF, 0xF0, 0x00, 0x00, 0x00, 0x0F, 0xFF,
  0x00, 0x00, 0x00, 0x00, 0x00, 0x00, 0x7F, 0xF8, 0x00, 0x00, 0x00, 0x1F,
  0xFF, 0xFC, 0x00, 0x00, 0x01, 0xFF, 0xFF, 0xFE, 0x00, 0x00, 0x1F, 0xFF,
  0xFF, 0xFC, 0x00, 0x00, 0xFF, 0xFF, 0xFF, 0xFC, 0x00, 0x0F, 0xFF, 0xFF,
  0xFF, 0xF8, 0x00, 0x7F, 0xFF, 0xFF, 0xFF, 0xF0, 0x01, 0xFF, 0xFF, 0xFF,
  0xFF, 0xE0, 0x0F, 0xFF, 0xFF, 0xFF, 0xFF, 0xC0, 0x7F, 0xFF, 0xFF, 0xFF,
  0xFF, 0x01, 0xFF, 0xFF, 0xFF, 0xFF, 0xFE, 0x0F, 0xFF, 0xF0, 0x07, 0xFF,
  0xF8, 0x3F, 0xFF, 0x00, 0x07, 0xFF, 0xF1, 0xFF, 0xF8, 0x00, 0x0F, 0xFF,
  0xC7, 0xFF, 0xC0, 0x00, 0x1F, 0xFF, 0x9F, 0xFE, 0x00, 0x00, 0x3F, 0xFE,
  0xFF, 0xF8, 0x00, 0x00, 0xFF, 0xFB, 0xFF, 0xE0, 0x00, 0x01, 0xFF, 0xEF,
  0xFF, 0x00, 0x00, 0x07, 0xFF, 0xBF, 0xFC, 0x00, 0x00, 0x1F, 0xFE, 0xFF,
  0xF0, 0x00, 0x00, 0x7F, 0xFF, 0xFF, 0xC0, 0x00, 0x00, 0x00, 0x0F, 0xFF,
  0x00, 0x00, 0x00, 0x00, 0x3F, 0xFC, 0x00, 0x00, 0x00, 0x00, 0xFF, 0xF0,
  0x00, 0x00, 0x00, 0x03, 0xFF, 0xC0, 0x00, 0x00, 0x00, 0x0F, 0xFF, 0x00,
  0x00, 0x00, 0x00, 0x3F, 0xFC, 0x00, 0x00, 0x00, 0x00, 0xFF, 0xF0, 0x00,
  0x00, 0x00, 0x03, 0xFF, 0xC0, 0x00, 0x00, 0x00, 0x0F, 0xFF, 0x00, 0x00,
  0x00, 0x00, 0x3F, 0xFC, 0x00, 0x00, 0x00, 0x00, 0xFF, 0xF0, 0x00, 0x00,
  0x00, 0x03, 0xFF, 0xC0, 0x00, 0x00, 0x00, 0x0F, 0xFF, 0x00, 0x7F, 0xFF,
  0xFF, 0xFF, 0xFC, 0x01, 0xFF, 0xFF, 0xFF, 0xFF, 0xF0, 0x07, 0xFF, 0xFF,
  0xFF, 0xFF, 0xC0, 0x1F, 0xFF, 0xFF, 0xFF, 0xFF, 0x00, 0x7F, 0xFF, 0xFF,
  0xFF, 0xFC, 0x01, 0xFF, 0xFF, 0xFF, 0xFF, 0xF0, 0x07, 0xFF, 0xFF, 0xFF,
  0xFF, 0xC0, 0x1F, 0xFF, 0xFF, 0xFF, 0xFF, 0x00, 0x7F, 0xFF, 0xFF, 0xFF,
  0xFC, 0x01, 0xFF, 0xFF, 0xFF, 0xFF, 0xF0, 0x07, 0xFF, 0xFF, 0xFF, 0xFF,
  0xC0, 0x00, 0x01, 0xFF, 0xFF, 0xFF, 0x00, 0x00, 0x07, 0xFF, 0xFF, 0xFC,
  0x00, 0x00, 0x1F, 0xFF, 0xFF, 0xF0, 0x00, 0x00, 0x7F, 0xFF, 0xFF, 0xC0,
  0x00, 0x01, 0xFF, 0xFF, 0xFF, 0x00, 0x00, 0x07, 0xFF, 0xFF, 0xFC, 0x00,
  0x00, 0x1F, 0xFF, 0xFF, 0xF0, 0x00, 0x00, 0x7F, 0xFF, 0xFF, 0xC0, 0x00,
  0x01, 0xFF, 0xFF, 0xFF, 0x00, 0x00, 0x07, 0xFF, 0xBF, 0xFE, 0x00, 0x00,
  0x1F, 0xFE, 0xFF, 0xF8, 0x00, 0x00, 0x7F, 0xFB, 0xFF, 0xE0, 0x00, 0x03,
  0xFF, 0xE7, 0xFF, 0xC0, 0x00, 0x0F, 0xFF, 0x9F, 0xFF, 0x00, 0x00, 0x7F,
  0xFE, 0x7F, 0xFE, 0x00, 0x01, 0xFF, 0xF0, 0xFF, 0xFC, 0x00, 0x1F, 0xFF,
  0xC3, 0xFF, 0xFC, 0x00, 0xFF, 0xFE, 0x07, 0xFF, 0xFF, 0xFF, 0xFF, 0xF8,
  0x1F, 0xFF, 0xFF, 0xFF, 0xFF, 0xC0, 0x3F, 0xFF, 0xFF, 0xFF, 0xFF, 0x00,
  0x7F, 0xFF, 0xFF, 0xFF, 0xF8, 0x01, 0xFF, 0xFF, 0xFF, 0xFF, 0xC0, 0x03,
  0xFF, 0xFF, 0xFF, 0xFE, 0x00, 0x03, 0xFF, 0xFF, 0xFF, 0xF0, 0x00, 0x07,
  0xFF, 0xFF, 0xFF, 0x00, 0x00, 0x07, 0xFF, 0xFF, 0xF8, 0x00, 0x00, 0x07,
  0xFF, 0xFF, 0x00, 0x00, 0x00, 0x01, 0xFF, 0xC0, 0x00, 0x00, 0xFF, 0xF0,
  0x00, 0x01, 0xFF, 0xFF, 0xFE, 0x00, 0x00, 0x3F, 0xFF, 0xFF, 0xC0, 0x00,
  0x07, 0xFF, 0xFF, 0xF8, 0x00, 0x00, 0xFF, 0xFF, 0xFF, 0x00, 0x00, 0x1F,
  0xFF, 0xFF, 0xE0, 0x00, 0x03, 0xFF, 0xFF, 0xFC, 0x00, 0x00, 0x7F, 0xFF,
  0xFF, 0x80, 0x00, 0x0F, 0xFF, 0xFF, 0xF0, 0x00, 0x01, 0xFF, 0xFF, 0xFE,
  0x00, 0x00, 0x3F, 0xFF, 0xFF, 0xC0, 0x00, 0x07, 0xFF, 0xFF, 0xF8, 0x00,
  0x00, 0xFF, 0xFF, 0xFF, 0x00, 0x00, 0x1F, 0xFF, 0xFF, 0xE0, 0x00, 0x03,
  0xFF, 0xFF, 0xFC, 0x00, 0x00, 0x7F, 0xFF, 0xFF, 0x80, 0x00, 0x0F, 0xFF,
  0xFF, 0xF0, 0x00, 0x01, 0xFF, 0xFF, 0xFE, 0x00, 0x00, 0x3F, 0xFF, 0xFF,
  0xC0, 0x00, 0x07, 0xFF, 0xFF, 0xF8, 0x00, 0x00, 0xFF, 0xFF, 0xFF, 0x00,
  0x00, 0x1F, 0xFF, 0xFF, 0xE0, 0x00, 0x03, 0xFF, 0xFF, 0xFC, 0x00, 0x00,
  0x7F, 0xFF, 0xFF, 0x80, 0x00, 0x0F, 0xFF, 0xFF, 0xF0, 0x00, 0x01, 0xFF,
  0xFF, 0xFE, 0x00, 0x00, 0x3F, 0xFF, 0xFF, 0xC0, 0x00, 0x07, 0xFF, 0xFF,
  0xF8, 0x00, 0x00, 0xFF, 0xFF, 0xFF, 0x00, 0x00, 0x1F, 0xFF, 0xFF, 0xFF,
  0xFF, 0xFF, 0xFF, 0xFF, 0xFF, 0xFF, 0xFF, 0xFF, 0xFF, 0xFF, 0xFF, 0xFF,
  0xFF, 0xFF, 0xFF, 0xFF, 0xFF, 0xFF, 0xFF, 0xFF, 0xFF, 0xFF, 0xFF, 0xFF,
  0xFF, 0xFF, 0xFF, 0xFF, 0xFF, 0xFF, 0xFF, 0xFF, 0xFF, 0xFF, 0xFF, 0xFF,
  0xFF, 0xFF, 0xFF, 0xFF, 0xFF, 0xFF, 0xFF, 0xFF, 0xFF, 0xFF, 0xFF, 0xFF,
  0xFF, 0xFF, 0xFF, 0xFF, 0xFF, 0xFF, 0xFF, 0xFF, 0xFF, 0xFF, 0xF0, 0x00,
  0x01, 0xFF, 0xFF, 0xFE, 0x00, 0x00, 0x3F, 0xFF, 0xFF, 0xC0, 0x00, 0x07,
  0xFF, 0xFF, 0xF8, 0x00, 0x00, 0xFF, 0xFF, 0xFF, 0x00, 0x00, 0x1F, 0xFF,
  0xFF, 0xE0, 0x00, 0x03, 0xFF, 0xFF, 0xFC, 0x00, 0x00, 0x7F, 0xFF, 0xFF,
  0x80, 0x00, 0x0F, 0xFF, 0xFF, 0xF0, 0x00, 0x01, 0xFF, 0xFF, 0xFE, 0x00,
  0x00, 0x3F, 0xFF, 0xFF, 0xC0, 0x00, 0x07, 0xFF, 0xFF, 0xF8, 0x00, 0x00,
  0xFF, 0xFF, 0xFF, 0x00, 0x00, 0x1F, 0xFF, 0xFF, 0xE0, 0x00, 0x03, 0xFF,
  0xFF, 0xFC, 0x00, 0x00, 0x7F, 0xFF, 0xFF, 0x80, 0x00, 0x0F, 0xFF, 0xFF,
  0xF0, 0x00, 0x01, 0xFF, 0xFF, 0xFE, 0x00, 0x00, 0x3F, 0xFF, 0xFF, 0xC0,
  0x00, 0x07, 0xFF, 0xFF, 0xF8, 0x00, 0x00, 0xFF, 0xFF, 0xFF, 0x00, 0x00,
  0x1F, 0xFF, 0xFF, 0xE0, 0x00, 0x03, 0xFF, 0xFF, 0xFC, 0x00, 0x00, 0x7F,
  0xFF, 0xFF, 0x80, 0x00, 0x0F, 0xFF, 0xFF, 0xF0, 0x00, 0x01, 0xFF, 0xFF,
  0xFE, 0x00, 0x00, 0x3F, 0xFF, 0xFF, 0xC0, 0x00, 0x07, 0xFF, 0xFF, 0xF8,
  0x00, 0x00, 0xFF, 0xFF, 0xFF, 0x00, 0x00, 0x1F, 0xFF, 0xFF, 0xE0, 0x00,
  0x03, 0xFF, 0xFF, 0xFC, 0x00, 0x00, 0x7F, 0xFF, 0xFF, 0x80, 0x00, 0x0F,
  0xFF, 0xFF, 0xFF, 0xFF, 0xFF, 0xFF, 0xFF, 0xFF, 0xFF, 0xFF, 0xFF, 0xFF,
  0xFF, 0xFF, 0xFF, 0xFF, 0xFF, 0xFF, 0xFF, 0xFF, 0xFF, 0xFF, 0xFF, 0xFF,
  0xFF, 0xFF, 0xFF, 0xFF, 0xFF, 0xFF, 0xFF, 0xFF, 0xFF, 0xFF, 0xFF, 0xFF,
  0xFF, 0xFF, 0xFF, 0xFF, 0xFF, 0xFF, 0xFF, 0xFF, 0xFF, 0xFF, 0xFF, 0xFF,
  0xFF, 0xFF, 0xFF, 0xFF, 0xFF, 0xFF, 0xFF, 0xFF, 0xFF, 0xE0, 0x00, 0x7F,
  0xFC, 0x00, 0x00, 0x00, 0x3F, 0xFE, 0x00, 0x00, 0x00, 0x1F, 0xFF, 0x00,
  0x00, 0x00, 0x0F, 0xFF, 0x80, 0x00, 0x00, 0x07, 0xFF, 0xC0, 0x00, 0x00,
  0x03, 0xFF, 0xE0, 0x00, 0x00, 0x01, 0xFF, 0xF0, 0x00, 0x00, 0x00, 0xFF,
  0xF8, 0x00, 0x00, 0x00, 0x7F, 0xFC, 0x00, 0x00, 0x00, 0x3F, 0xFE, 0x00,
  0x00, 0x00, 0x1F, 0xFF, 0x00, 0x00, 0x00, 0x0F, 0xFF, 0x80, 0x00, 0x00,
  0x07, 0xFF, 0xC0, 0x00, 0x00, 0x03, 0xFF, 0xE0, 0x00, 0x00, 0x01, 0xFF,
  0xF0, 0x00, 0x00, 0x00, 0xFF, 0xF8, 0x00, 0x00, 0x00, 0x7F, 0xFC, 0x00,
  0x00, 0x00, 0x3F, 0xFE, 0x00, 0x00, 0x00, 0x1F, 0xFF, 0x00, 0x00, 0x00,
  0x0F, 0xFF, 0x80, 0x00, 0x00, 0x07, 0xFF, 0xC0, 0x00, 0x00, 0x03, 0xFF,
  0xE0, 0x00, 0x00, 0x01, 0xFF, 0xF0, 0x00, 0x00, 0x00, 0xFF, 0xF8, 0x00,
  0x00, 0x00, 0x7F, 0xFC, 0x00, 0x00, 0x00, 0x3F, 0xFE, 0x00, 0x00, 0x00,
  0x1F, 0xFF, 0x00, 0x00, 0x00, 0x0F, 0xFF, 0x80, 0x00, 0x00, 0x07, 0xFF,
  0xC0, 0x00, 0x00, 0x03, 0xFF, 0xE0, 0x00, 0x00, 0x01, 0xFF, 0xF0, 0x00,
  0x00, 0x00, 0xFF, 0xF8, 0x00, 0x00, 0x00, 0x7F, 0xFC, 0x00, 0x00, 0x00,
  0x3F, 0xFE, 0x00, 0x00, 0x00, 0x1F, 0xFF, 0x00, 0x00, 0x00, 0x0F, 0xFF,
  0x80, 0x00, 0x00, 0x07, 0xFF, 0xC0, 0x00, 0x00, 0x03, 0xFF, 0xE0, 0x00,
  0x00, 0x01, 0xFF, 0xF0, 0x00, 0x00, 0x00, 0xFF, 0xF8, 0x00, 0x00, 0x00,
  0x7F, 0xFC, 0x00, 0x00, 0x00, 0x3F, 0xFE, 0x00, 0x00, 0x00, 0x1F, 0xFF,
  0x00, 0x00, 0x00, 0x0F, 0xFF, 0x80, 0x00, 0x00, 0x07, 0xFF, 0xC0, 0x00,
  0x00, 0x03, 0xFF, 0xE0, 0x00, 0x00, 0x01, 0xFF, 0xF0, 0x00, 0x00, 0x00,
  0xFF, 0xF8, 0x00, 0x00, 0x00, 0x7F, 0xFC, 0x00, 0x00, 0x00, 0x3F, 0xFE,
  0x00, 0x07, 0xFF, 0xFF, 0xFF, 0xFF, 0xFF, 0xFF, 0xFF, 0xFF, 0xFF, 0xFF,
  0xFF, 0xFF, 0xFF, 0xFF, 0xFF, 0xFF, 0xFF, 0xFF, 0xFF, 0xFF, 0xFF, 0xFF,
  0xFF, 0xFF, 0xFF, 0xFF, 0xFF, 0xFF, 0xFF, 0xFF, 0xFF, 0xFF, 0xFF, 0xFF,
  0xFF, 0xFF, 0xFF, 0xFF, 0xFF, 0xFF, 0xFF, 0xFF, 0xFF, 0xFF, 0xFF, 0xFF,
  0xFF, 0xFF, 0xFF, 0xFF, 0xFF, 0xFF, 0xFF, 0xFF, 0xFF, 0xFF, 0x00, 0x00,
  0x00, 0x00, 0x1F, 0xFE, 0x00, 0x00, 0x00, 0x00, 0x3F, 0xFC, 0x00, 0x00,
  0x00, 0x00, 0x7F, 0xF8, 0x00, 0x00, 0x00, 0x00, 0xFF, 0xF0, 0x00, 0x00,
  0x00, 0x01, 0xFF, 0xE0, 0x00, 0x00, 0x00, 0x03, 0xFF, 0xC0, 0x00, 0x00,
  0x00, 0x07, 0xFF, 0x80, 0x00, 0x00, 0x00, 0x0F, 0xFF, 0x00, 0x00, 0x00,
  0x00, 0x1F, 0xFE, 0x00, 0x00, 0x00, 0x00, 0x3F, 0xFC, 0x00, 0x00, 0x00,
  0x00, 0x7F, 0xF8, 0x00, 0x00, 0x00, 0x00, 0xFF, 0xF0, 0x00, 0x00, 0x00,
  0x01, 0xFF, 0xE0, 0x00, 0x00, 0x00, 0x03, 0xFF, 0xC0, 0x00, 0x00, 0x00,
  0x07, 0xFF, 0x80, 0x00, 0x00, 0x00, 0x0F, 0xFF, 0x00, 0x00, 0x00, 0x00,
  0x1F, 0xFE, 0x00, 0x00, 0x00, 0x00, 0x3F, 0xFC, 0x00, 0x00, 0x00, 0x00,
  0x7F, 0xF8, 0x00, 0x00, 0x00, 0x00, 0xFF, 0xF0, 0x00, 0x00, 0x00, 0x01,
  0xFF, 0xE0, 0x00, 0x00, 0x00, 0x03, 0xFF, 0xC0, 0x00, 0x00, 0x00, 0x07,
  0xFF, 0x80, 0x00, 0x00, 0x00, 0x0F, 0xFF, 0x00, 0x00, 0x00, 0x00, 0x1F,
  0xFE, 0x00, 0x00, 0x00, 0x00, 0x3F, 0xFC, 0x00, 0x00, 0x00, 0x00, 0x7F,
  0xF8, 0x00, 0x00, 0x00, 0x00, 0xFF, 0xF0, 0x00, 0x00, 0x00, 0x01, 0xFF,
  0xE0, 0x00, 0x00, 0x00, 0x03, 0xFF, 0xC0, 0x00, 0x00, 0x00, 0x07, 0xFF,
  0x80, 0x00, 0x00, 0x00, 0x0F, 0xFF, 0x00, 0x00, 0x00, 0x00, 0x1F, 0xFE,
  0x00, 0x00, 0x00, 0x00, 0x3F, 0xFC, 0x00, 0x00, 0x00, 0x00, 0x7F, 0xF8,
  0x00, 0x00, 0x00, 0x00, 0xFF, 0xF0, 0x00, 0x00, 0x00, 0x01, 0xFF, 0xE0,
  0x00, 0x00, 0x00, 0x03, 0xFF, 0xC0, 0x00, 0x00, 0x00, 0x07, 0xFF, 0x80,
  0x00, 0x00, 0x00, 0x0F, 0xFF, 0x00, 0x00, 0x00, 0x00, 0x1F, 0xFE, 0x00,
  0x00, 0x00, 0x00, 0x3F, 0xFC, 0x00, 0x00, 0x00, 0x00, 0x7F, 0xF8, 0x00,
  0x00, 0x00, 0x00, 0xFF, 0xF0, 0x00, 0x00, 0x00, 0x01, 0xFF, 0xE0, 0x00,
  0x00, 0x00, 0x03, 0xFF, 0xC0, 0x00, 0x00, 0x00, 0x07, 0xFF, 0x80, 0x00,
  0x00, 0x00, 0x0F, 0xFF, 0x00, 0x00, 0x00, 0x00, 0x1F, 0xFE, 0x00, 0x00,
  0x00, 0x00, 0x3F, 0xFC, 0x00, 0x00, 0x00, 0x00, 0x7F, 0xFF, 0xFF, 0x80,
  0x00, 0x00, 0xFF, 0xFF, 0xFF, 0x00, 0x00, 0x01, 0xFF, 0xFF, 0xFE, 0x00,
  0x00, 0x03, 0xFF, 0xFF, 0xFE, 0x00, 0x00, 0x0F, 0xFF, 0xFF, 0xFC, 0x00,
  0x00, 0x1F, 0xFF, 0xFF, 0xF8, 0x00, 0x00, 0x3F, 0xFC, 0xFF, 0xF8, 0x00,
  0x00, 0xFF, 0xF9, 0xFF, 0xF8, 0x00, 0x03, 0xFF, 0xF3, 0xFF, 0xF8, 0x00,
  0x0F, 0xFF, 0xE3, 0xFF, 0xF8, 0x00, 0x3F, 0xFF, 0x87, 0xFF, 0xFC, 0x01,
  0xFF, 0xFF, 0x07, 0xFF, 0xFF, 0xFF, 0xFF, 0xFC, 0x0F, 0xFF, 0xFF, 0xFF,
  0xFF, 0xF8, 0x0F, 0xFF, 0xFF, 0xFF, 0xFF, 0xE0, 0x0F, 0xFF, 0xFF, 0xFF,
  0xFF, 0x80, 0x0F, 0xFF, 0xFF, 0xFF, 0xFE, 0x00, 0x0F, 0xFF, 0xFF, 0xFF,
  0xF8, 0x00, 0x0F, 0xFF, 0xFF, 0xFF, 0xE0, 0x00, 0x0F, 0xFF, 0xFF, 0xFF,
  0x80, 0x00, 0x07, 0xFF, 0xFF, 0xFC, 0x00, 0x00, 0x01, 0xFF, 0xFF, 0xC0,
  0x00, 0x00, 0x00, 0x7F, 0xF8, 0x00, 0x00, 0xFF, 0xF8, 0x00, 0x00, 0x1F,
  0xFF, 0x7F, 0xFC, 0x00, 0x00, 0x1F, 0xFF, 0x3F, 0xFE, 0x00, 0x00, 0x0F,
  0xFF, 0x9F, 0xFF, 0x00, 0x00, 0x0F, 0xFF, 0x8F, 0xFF, 0x80, 0x00, 0x07,
  0xFF, 0xC7, 0xFF, 0xC0, 0x00, 0x07, 0xFF, 0xC3, 0xFF, 0xE0, 0x00, 0x03,
  0xFF, 0xE1, 0xFF, 0xF0, 0x00, 0x03, 0xFF, 0xE0, 0xFF, 0xF8, 0x00, 0x01,
  0xFF, 0xF0, 0x7F, 0xFC, 0x00, 0x01, 0xFF, 0xF8, 0x3F, 0xFE, 0x00, 0x00,
  0xFF, 0xF8, 0x1F, 0xFF, 0x00, 0x00, 0xFF, 0xFC, 0x0F, 0xFF, 0x80, 0x00,
  0x7F, 0xFC, 0x07, 0xFF, 0xC0, 0x00, 0x7F, 0xFE, 0x03, 0xFF, 0xE0, 0x00,
  0x3F, 0xFE, 0x01, 0xFF, 0xF0, 0x00, 0x1F, 0xFF, 0x00, 0xFF, 0xF8, 0x00,
  0x1F, 0xFF, 0x00, 0x7F, 0xFC, 0x00, 0x0F, 0xFF, 0x80, 0x3F, 0xFE, 0x00,
  0x0F, 0xFF, 0x80, 0x1F, 0xFF, 0x00, 0x07, 0xFF, 0xC0, 0x0F, 0xFF, 0x80,
  0x07, 0xFF, 0xC0, 0x07, 0xFF, 0xC0, 0x03, 0xFF, 0xE0, 0x03, 0xFF, 0xE0,
  0x03, 0xFF, 0xE0, 0x01, 0xFF, 0xF0, 0x01, 0xFF, 0xF0, 0x00, 0xFF, 0xF8,
  0x01, 0xFF, 0xF8, 0x00, 0x7F, 0xFC, 0x00, 0xFF, 0xF8, 0x00, 0x3F, 0xFE,
  0x00, 0xFF, 0xFC, 0x00, 0x1F, 0xFF, 0x00, 0x7F, 0xFC, 0x00, 0x0F, 0xFF,
  0x80, 0x7F, 0xFE, 0x00, 0x07, 0xFF, 0xFF, 0xFF, 0xFE, 0x00, 0x03, 0xFF,
  0xFF, 0xFF, 0xFF, 0x00, 0x01, 0xFF, 0xFF, 0xFF, 0xFF, 0x00, 0x00, 0xFF,
  0xFF, 0xFF, 0xFF, 0x80, 0x00, 0x7F, 0xFF, 0xFF, 0xFF, 0x80, 0x00, 0x3F,
  0xFF, 0xFF, 0xFF, 0xC0, 0x00, 0x1F, 0xFF, 0xFF, 0xFF, 0xE0, 0x00, 0x0F,
  0xFF, 0xFF, 0xFF, 0xF8, 0x00, 0x07, 0xFF, 0xFF, 0xFF, 0xFC, 0x00, 0x03,
  0xFF, 0xFF, 0xFF, 0xFF, 0x00, 0x01, 0xFF, 0xFF, 0xFF, 0xFF, 0x80, 0x00,
  0xFF, 0xF8, 0x07, 0xFF, 0xE0, 0x00, 0x7F, 0xFC, 0x01, 0xFF, 0xF0, 0x00,
  0x3F, 0xFE, 0x00, 0xFF, 0xFC, 0x00, 0x1F, 0xFF, 0x00, 0x3F, 0xFE, 0x00,
  0x0F, 0xFF, 0x80, 0x1F, 0xFF, 0x00, 0x07, 0xFF, 0xC0, 0x0F, 0xFF, 0xC0,
  0x03, 0xFF, 0xE0, 0x03, 0xFF, 0xE0, 0x01, 0xFF, 0xF0, 0x01, 0xFF, 0xF8,
  0x00, 0xFF, 0xF8, 0x00, 0x7F, 0xFC, 0x00, 0x7F, 0xFC, 0x00, 0x3F, 0xFF,
  0x00, 0x3F, 0xFE, 0x00, 0x0F, 0xFF, 0x80, 0x1F, 0xFF, 0x00, 0x07, 0xFF,
  0xE0, 0x0F, 0xFF, 0x80, 0x01, 0xFF, 0xF0, 0x07, 0xFF, 0xC0, 0x00, 0xFF,
  0xFC, 0x03, 0xFF, 0xE0, 0x00, 0x7F, 0xFE, 0x01, 0xFF, 0xF0, 0x00, 0x1F,
  0xFF, 0x00, 0xFF, 0xF8, 0x00, 0x0F, 0xFF, 0xC0, 0x7F, 0xFC, 0x00, 0x03,
  0xFF, 0xE0, 0x3F, 0xFE, 0x00, 0x01, 0xFF, 0xF8, 0x1F, 0xFF, 0x00, 0x00,
  0x7F, 0xFC, 0x0F, 0xFF, 0x80, 0x00, 0x3F, 0xFF, 0x07, 0xFF, 0xC0, 0x00,
  0x0F, 0xFF, 0x83, 0xFF, 0xE0, 0x00, 0x07, 0xFF, 0xE1, 0xFF, 0xF0, 0x00,
  0x03, 0xFF, 0xF0, 0xFF, 0xF8, 0x00, 0x00, 0xFF, 0xF8, 0x7F, 0xFC, 0x00,
  0x00, 0x7F, 0xFE, 0x3F, 0xFE, 0x00, 0x00, 0x1F, 0xFF, 0x1F, 0xFF, 0x00,
  0x00, 0x0F, 0xFF, 0xCF, 0xFF, 0x80, 0x00, 0x03, 0xFF, 0xE7, 0xFF, 0xC0,
  0x00, 0x01, 0xFF, 0xFB, 0xFF, 0xE0, 0x00, 0x00, 0xFF, 0xFD, 0xFF, 0xF0,
  0x00, 0x00, 0x3F, 0xFF, 0xFF, 0xF0, 0x00, 0x00, 0x00, 0x3F, 0xFC, 0x00,
  0x00, 0x00, 0x0F, 0xFF, 0x00, 0x00, 0x00, 0x03, 0xFF, 0xC0, 0x00, 0x00,
  0x00, 0xFF, 0xF0, 0x00, 0x00, 0x00, 0x3F, 0xFC, 0x00, 0x00, 0x00, 0x0F,
  0xFF, 0x00, 0x00, 0x00, 0x03, 0xFF, 0xC0, 0x00, 0x00, 0x00, 0xFF, 0xF0,
  0x00, 0x00, 0x00, 0x3F, 0xFC, 0x00, 0x00, 0x00, 0x0F, 0xFF, 0x00, 0x00,
  0x00, 0x03, 0xFF, 0xC0, 0x00, 0x00, 0x00, 0xFF, 0xF0, 0x00, 0x00, 0x00,
  0x3F, 0xFC, 0x00, 0x00, 0x00, 0x0F, 0xFF, 0x00, 0x00, 0x00, 0x03, 0xFF,
  0xC0, 0x00, 0x00, 0x00, 0xFF, 0xF0, 0x00, 0x00, 0x00, 0x3F, 0xFC, 0x00,
  0x00, 0x00, 0x0F, 0xFF, 0x00, 0x00, 0x00, 0x03, 0xFF, 0xC0, 0x00, 0x00,
  0x00, 0xFF, 0xF0, 0x00, 0x00, 0x00, 0x3F, 0xFC, 0x00, 0x00, 0x00, 0x0F,
  0xFF, 0x00, 0x00, 0x00, 0x03, 0xFF, 0xC0, 0x00, 0x00, 0x00, 0xFF, 0xF0,
  0x00, 0x00, 0x00, 0x3F, 0xFC, 0x00, 0x00, 0x00, 0x0F, 0xFF, 0x00, 0x00,
  0x00, 0x03, 0xFF, 0xC0, 0x00, 0x00, 0x00, 0xFF, 0xF0, 0x00, 0x00, 0x00,
  0x3F, 0xFC, 0x00, 0x00, 0x00, 0x0F, 0xFF, 0x00, 0x00, 0x00, 0x03, 0xFF,
  0xC0, 0x00, 0x00, 0x00, 0xFF, 0xF0, 0x00, 0x00, 0x00, 0x3F, 0xFC, 0x00,
  0x00, 0x00, 0x0F, 0xFF, 0x00, 0x00, 0x00, 0x03, 0xFF, 0xC0, 0x00, 0x00,
  0x00, 0xFF, 0xF0, 0x00, 0x00, 0x00, 0x3F, 0xFC, 0x00, 0x00, 0x00, 0x0F,
  0xFF, 0x00, 0x00, 0x00, 0x03, 0xFF, 0xC0, 0x00, 0x00, 0x00, 0xFF, 0xF0,
  0x00, 0x00, 0x00, 0x3F, 0xFC, 0x00, 0x00, 0x00, 0x0F, 0xFF, 0x00, 0x00,
  0x00, 0x03, 0xFF, 0xC0, 0x00, 0x00, 0x00, 0xFF, 0xF0, 0x00, 0x00, 0x00,
  0x3F, 0xFC, 0x00, 0x00, 0x00, 0x0F, 0xFF, 0x00, 0x00, 0x00, 0x03, 0xFF,
  0xC0, 0x00, 0x00, 0x00, 0xFF, 0xF0, 0x00, 0x00, 0x00, 0x3F, 0xFC, 0x00,
  0x00, 0x00, 0x0F, 0xFF, 0x00, 0x00, 0x00, 0x03, 0xFF, 0xC0, 0x00, 0x00,
  0x00, 0xFF, 0xF0, 0x00, 0x00, 0x00, 0x3F, 0xFC, 0x00, 0x00, 0x00, 0x0F,
  0xFF, 0x00, 0x00, 0x00, 0x03, 0xFF, 0xC0, 0x00, 0x00, 0x00, 0xFF, 0xF0,
  0x00, 0x00, 0x00, 0x3F, 0xFC, 0x00, 0x00, 0x00, 0x0F, 0xFF, 0x00, 0x00,
  0x00, 0x03, 0xFF, 0xC0, 0x00, 0x00, 0x00, 0xFF, 0xF0, 0x00, 0x00, 0x00,
  0x3F, 0xFF, 0xFF, 0xFF, 0xFF, 0xFF, 0xFF, 0xFF, 0xFF, 0xFF, 0xFF, 0xFF,
  0xFF, 0xFF, 0xFF, 0xFF, 0xFF, 0xFF, 0xFF, 0xFF, 0xFF, 0xFF, 0xFF, 0xFF,
  0xFF, 0xFF, 0xFF, 0xFF, 0xFF, 0xFF, 0xFF, 0xFF, 0xFF, 0xFF, 0xFF, 0xFF,
  0xFF, 0xFF, 0xFF, 0xFF, 0xFF, 0xFF, 0xFF, 0xFF, 0xFF, 0xFF, 0xFF, 0xFF,
  0xFF, 0xFF, 0xFF, 0xFF, 0xFF, 0xFF, 0xFF, 0xFF, 0xFF, 0xFF, 0xFF, 0xFF,
  0x00, 0x00, 0xFF, 0xFF, 0xFF, 0xFF, 0xC0, 0x00, 0x7F, 0xFF, 0xFF, 0xFF,
  0xE0, 0x00, 0x3F, 0xFF, 0xFF, 0xFF, 0xF0, 0x00, 0x1F, 0xFF, 0xFF, 0xFF,
  0xF8, 0x00, 0x1F, 0xFF, 0xFF, 0xFF, 0xFE, 0x00, 0x0F, 0xFF, 0xFF, 0xFF,
  0xFF, 0x00, 0x07, 0xFF, 0xFF, 0xFF, 0xFF, 0x80, 0x07, 0xFF, 0xFF, 0xFF,
  0xFF, 0xC0, 0x03, 0xFD, 0xFF, 0xFF, 0xFF, 0xF0, 0x01, 0xFE, 0xFF, 0xFF,
  0xF7, 0xF8, 0x00, 0xFF, 0x7F, 0xFF, 0xFB, 0xFC, 0x00, 0xFF, 0x3F, 0xFF,
  0xFD, 0xFF, 0x00, 0x7F, 0xBF, 0xFF, 0xFE, 0x7F, 0x80, 0x3F, 0xDF, 0xFF,
  0xFF, 0x3F, 0xC0, 0x1F, 0xEF, 0xFF, 0xFF, 0x9F, 0xE0, 0x1F, 0xE7, 0xFF,
  0xFF, 0xEF, 0xF8, 0x0F, 0xF3, 0xFF, 0xFF, 0xF3, 0xFC, 0x07, 0xF9, 0xFF,
  0xFF, 0xF9, 0xFE, 0x03, 0xF8, 0xFF, 0xFF, 0xFC, 0xFF, 0x03, 0xFC, 0x7F,
  0xFF, 0xFE, 0x3F, 0xC1, 0xFE, 0x3F, 0xFF, 0xFF, 0x1F, 0xE0, 0xFF, 0x1F,
  0xFF, 0xFF, 0x8F, 0xF0, 0x7F, 0x0F, 0xFF, 0xFF, 0xC7, 0xF8, 0x7F, 0x87,
  0xFF, 0xFF, 0xE1, 0xFE, 0x3F, 0xC3, 0xFF, 0xFF, 0xF0, 0xFF, 0x1F, 0xC1,
  0xFF, 0xFF, 0xF8, 0x7F, 0x9F, 0xE0, 0xFF, 0xFF, 0xFC, 0x3F, 0xCF, 0xF0,
  0xFF, 0xFF, 0xFE, 0x0F, 0xF7, 0xF8, 0x7F, 0xFF, 0xFF, 0x07, 0xFB, 0xF8,
  0x3F, 0xFF, 0xFF, 0xC3, 0xFF, 0xFC, 0x1F, 0xFF, 0xFF, 0xE0, 0xFF, 0xFE,
  0x0F, 0xFF, 0xFF, 0xF0, 0x7F, 0xFF, 0x07, 0xFF, 0xFF, 0xF8, 0x3F, 0xFF,
  0x03, 0xFF, 0xFF, 0xFC, 0x1F, 0xFF, 0x81, 0xFF, 0xFF, 0xFE, 0x07, 0xFF,
  0xC0, 0xFF, 0xFF, 0xFF, 0x03, 0xFF, 0xC0, 0x7F, 0xFF, 0xFF, 0x81, 0xFF,
  0xE0, 0x3F, 0xFF, 0xFF, 0xC0, 0xFF, 0xF0, 0x1F, 0xFF, 0xFF, 0xE0, 0x3F,
  0xF8, 0x0F, 0xFF, 0xFF, 0xF0, 0x1F, 0xF8, 0x07, 0xFF, 0xFF, 0xF8, 0x00,
  0x00, 0x03, 0xFF, 0xFF, 0xFC, 0x00, 0x00, 0x01, 0xFF, 0xFF, 0xFE, 0x00,
  0x00, 0x00, 0xFF, 0xFF, 0xFF, 0x00, 0x00, 0x00, 0x7F, 0xFF, 0xFF, 0x80,
  0x00, 0x00, 0x3F, 0xFF, 0xFF, 0xC0, 0x00, 0x00, 0x1F, 0xFF, 0xFF, 0xE0,
  0x00, 0x00, 0x0F, 0xFF, 0xFF, 0xF0, 0x00, 0x00, 0x07, 0xFF, 0xFF, 0xF8,
  0x00, 0x00, 0x03, 0xFF, 0xFF, 0xFC, 0x00, 0x00, 0x01, 0xFF, 0xFF, 0xFE,
  0x00, 0x00, 0x00, 0xFF, 0xFF, 0xFF, 0x00, 0x00, 0x00, 0x7F, 0xFF, 0xFF,
  0x80, 0x00, 0x00, 0x3F, 0xFF, 0xFF, 0xC0, 0x00, 0x00, 0x1F, 0xFF, 0xFF,
  0xE0, 0x00, 0x00, 0x0F, 0xFF, 0xFF, 0xF0, 0x00, 0x00, 0x07, 0xFF, 0xFF,
  0xF8, 0x00, 0x00, 0x03, 0xFF, 0xFF, 0xFC, 0x00, 0x00, 0x01, 0xFF, 0xFF,
  0xFE, 0x00, 0x00, 0x00, 0xFF, 0xFF, 0xFF, 0x00, 0x00, 0x00, 0x7F, 0xFF,
  0xFF, 0x80, 0x00, 0x00, 0x3F, 0xFF, 0xFF, 0xC0, 0x00, 0x00, 0x1F, 0xFF,
  0xFF, 0xE0, 0x00, 0x00, 0x0F, 0xFF, 0xFF, 0xF0, 0x00, 0x00, 0x07, 0xFF,
  0xFF, 0xF8, 0x00, 0x00, 0x03, 0xFF, 0xFF, 0xFC, 0x00, 0x00, 0x01, 0xFF,
  0xFF, 0xFE, 0x00, 0x00, 0x00, 0xFF, 0xFF, 0xFF, 0x00, 0x00, 0x00, 0x7F,
  0xFF, 0xFF, 0x80, 0x00, 0x00, 0x3F, 0xFF, 0xFF, 0xC0, 0x00, 0x00, 0x1F,
  0xFF, 0xFF, 0xE0, 0x00, 0x00, 0x0F, 0xFF, 0xFF, 0xFE, 0x00, 0x00, 0x3F,
  0xFF, 0xFF, 0xF8, 0x00, 0x01, 0xFF, 0xFF, 0xFF, 0xC0, 0x00, 0x0F, 0xFF,
  0xFF, 0xFE, 0x00, 0x00, 0x7F, 0xFF, 0xFF, 0xF8, 0x00, 0x03, 0xFF, 0xFF,
  0xFF, 0xC0, 0x00, 0x1F, 0xFF, 0xFF, 0xFE, 0x00, 0x00, 0xFF, 0xFF, 0xFF,
  0xF8, 0x00, 0x07, 0xFF, 0xFF, 0xFF, 0xC0, 0x00, 0x3F, 0xFF, 0xFF, 0xFE,
  0x00, 0x01, 0xFF, 0xFF, 0xFF, 0xF8, 0x00, 0x0F, 0xFF, 0xFF, 0xFF, 0xC0,
  0x00, 0x7F, 0xFF, 0xFF, 0xFE, 0x00, 0x03, 0xFF, 0xFF, 0xFF, 0xF8, 0x00,
  0x1F, 0xFF, 0xFF, 0xFF, 0xC0, 0x00, 0xFF, 0xFF, 0xFB, 0xFE, 0x00, 0x07,
  0xFF, 0xFF, 0xDF, 0xF8, 0x00, 0x3F, 0xFF, 0xFE, 0xFF, 0xC0, 0x01, 0xFF,
  0xFF, 0xF3, 0xFE, 0x00, 0x0F, 0xFF, 0xFF, 0x9F, 0xF8, 0x00, 0x7F, 0xFF,
  0xFE, 0xFF, 0xC0, 0x03, 0xFF, 0xFF, 0xF3, 0xFE, 0x00, 0x1F, 0xFF, 0xFF,
  0x9F, 0xF8, 0x00, 0xFF, 0xFF, 0xFC, 0xFF, 0xC0, 0x07, 0xFF, 0xFF, 0xE3,
  0xFE, 0x00, 0x3F, 0xFF, 0xFF, 0x1F, 0xF8, 0x01, 0xFF, 0xFF, 0xF8, 0xFF,
  0xC0, 0x0F, 0xFF, 0xFF, 0xC3, 0xFE, 0x00, 0x7F, 0xFF, 0xFE, 0x1F, 0xF8,
  0x03, 0xFF, 0xFF, 0xF0, 0xFF, 0xC0, 0x1F, 0xFF, 0xFF, 0x83, 0xFE, 0x00,
  0xFF, 0xFF, 0xFC, 0x1F, 0xF8, 0x07, 0xFF, 0xFF, 0xE0, 0xFF, 0xC0, 0x3F,
  0xFF, 0xFF, 0x03, 0xFE, 0x01, 0xFF, 0xFF, 0xF8, 0x1F, 0xF8, 0x0F, 0xFF,
  0xFF, 0xC0, 0xFF, 0xC0, 0x7F, 0xFF, 0xFE, 0x03, 0xFF, 0x03, 0xFF, 0xFF,
  0xF0, 0x1F, 0xF8, 0x1F, 0xFF, 0xFF, 0x80, 0xFF, 0xC0, 0xFF, 0xFF, 0xFC,
  0x03, 0xFF, 0x07, 0xFF, 0xFF, 0xE0, 0x1F, 0xF8, 0x3F, 0xFF, 0xFF, 0x00,
  0xFF, 0xC1, 0xFF, 0xFF, 0xF8, 0x03, 0xFF, 0x0F, 0xFF, 0xFF, 0xC0, 0x1F,
  0xF8, 0x7F, 0xFF, 0xFE, 0x00, 0xFF, 0xC3, 0xFF, 0xFF, 0xF0, 0x03, 0xFF,
  0x1F, 0xFF, 0xFF, 0x80, 0x1F, 0xF8, 0xFF, 0xFF, 0xFC, 0x00, 0xFF, 0xC7,
  0xFF, 0xFF, 0xE0, 0x03, 0xFF, 0x3F, 0xFF, 0xFF, 0x00, 0x1F, 0xF9, 0xFF,
  0xFF, 0xF8, 0x00, 0xFF, 0xCF, 0xFF, 0xFF, 0xC0, 0x03, 0xFF, 0x7F, 0xFF,
  0xFE, 0x00, 0x1F, 0xFB, 0xFF, 0xFF, 0xF0, 0x00, 0xFF, 0xCF, 0xFF, 0xFF,
  0x80, 0x03, 0xFF, 0x7F, 0xFF, 0xFC, 0x00, 0x1F, 0xFB, 0xFF, 0xFF, 0xE0,
  0x00, 0xFF, 0xDF, 0xFF, 0xFF, 0x00, 0x03, 0xFF, 0xFF, 0xFF, 0xF8, 0x00,
  0x1F, 0xFF, 0xFF, 0xFF, 0xC0, 0x00, 0xFF, 0xFF, 0xFF, 0xFE, 0x00, 0x03,
  0xFF, 0xFF, 0xFF, 0xF0, 0x00, 0x1F, 0xFF, 0xFF, 0xFF, 0x80, 0x00, 0x7F,
  0xFF, 0xFF, 0xFC, 0x00, 0x03, 0xFF, 0xFF, 0xFF, 0xE0, 0x00, 0x1F, 0xFF,
  0xFF, 0xFF, 0x00, 0x00, 0x7F, 0xFF, 0xFF, 0xF8, 0x00, 0x03, 0xFF, 0xFF,
  0xFF, 0xC0, 0x00, 0x1F, 0xFF, 0xFF, 0xFE, 0x00, 0x00, 0x7F, 0xFF, 0xFF,
  0xF0, 0x00, 0x03, 0xFF, 0xFF, 0xFF, 0x80, 0x00, 0x1F, 0xFF, 0xFF, 0xFC,
  0x00, 0x00, 0x7F, 0xFF, 0x00, 0x00, 0x7F, 0xF0, 0x00, 0x00, 0x00, 0x3F,
  0xFF, 0xF8, 0x00, 0x00, 0x07, 0xFF, 0xFF, 0xF0, 0x00, 0x00, 0xFF, 0xFF,
  0xFF, 0xE0, 0x00, 0x0F, 0xFF, 0xFF, 0xFF, 0x80, 0x00, 0xFF, 0xFF, 0xFF,
  0xFE, 0x00, 0x1F, 0xFF, 0xFF, 0xFF, 0xF8, 0x00, 0xFF, 0xFF, 0xFF, 0xFF,
  0xE0, 0x0F, 0xFF, 0xFF, 0xFF, 0xFF, 0x80, 0xFF, 0xFF, 0xFF, 0xFF, 0xFE,
  0x07, 0xFF, 0xFF, 0xFF, 0xFF, 0xF0, 0x7F, 0xFF, 0x80, 0x3F, 0xFF, 0xC3,
  0xFF, 0xF0, 0x00, 0x7F, 0xFE, 0x3F, 0xFF, 0x00, 0x01, 0xFF, 0xF1, 0xFF,
  0xF0, 0x00, 0x07, 0xFF, 0xCF, 0xFF, 0x00, 0x00, 0x3F, 0xFE, 0x7F, 0xF8,
  0x00, 0x00, 0xFF, 0xF7, 0xFF, 0xC0, 0x00, 0x07, 0xFF, 0xBF, 0xFE, 0x00,
  0x00, 0x3F, 0xFF, 0xFF, 0xE0, 0x00, 0x01, 0xFF, 0xFF, 0xFF, 0x00, 0x00,
  0x0F, 0xFF, 0xFF, 0xF8, 0x00, 0x00, 0x7F, 0xFF, 0xFF, 0xC0, 0x00, 0x03,
  0xFF, 0xFF, 0xFE, 0x00, 0x00, 0x1F, 0xFF, 0xFF, 0xF0, 0x00, 0x00, 0xFF,
  0xFF, 0xFF, 0x80, 0x00, 0x07, 0xFF, 0xFF, 0xFC, 0x00, 0x00, 0x3F, 0xFF,
  0xFF, 0xE0, 0x00, 0x01, 0xFF, 0xFF, 0xFF, 0x00, 0x00, 0x0F, 0xFF, 0xFF,
  0xF8, 0x00, 0x00, 0x7F, 0xFF, 0xFF, 0xC0, 0x00, 0x03, 0xFF, 0xFF, 0xFE,
  0x00, 0x00, 0x1F, 0xFF, 0xFF, 0xF0, 0x00, 0x00, 0xFF, 0xFF, 0xFF, 0x80,
  0x00, 0x07, 0xFF, 0xFF, 0xFC, 0x00, 0x00, 0x3F, 0xFF, 0xFF, 0xE0, 0x00,
  0x01, 0xFF, 0xFF, 0xFF, 0x00, 0x00, 0x0F, 0xFF, 0xFF, 0xF8, 0x00, 0x00,
  0x7F, 0xFF, 0xFF, 0xC0, 0x00, 0x03, 0xFF, 0xFF, 0xFE, 0x00, 0x00, 0x1F,
  0xFF, 0xFF, 0xF0, 0x00, 0x00, 0xFF, 0xFF, 0xFF, 0x80, 0x00, 0x07, 0xFF,
  0xFF, 0xFC, 0x00, 0x00, 0x3F, 0xFF, 0xFF, 0xE0, 0x00, 0x01, 0xFF, 0xFF,
  0xFF, 0x00, 0x00, 0x0F, 0xFF, 0xFF, 0xF8, 0x00, 0x00, 0x7F, 0xFF, 0xFF,
  0xC0, 0x00, 0x03, 0xFF, 0xFF, 0xFE, 0x00, 0x00, 0x1F, 0xFF, 0xFF, 0xF0,
  0x00, 0x00, 0xFF, 0xFF, 0xFF, 0x80, 0x00, 0x07, 0xFF, 0xFF, 0xFC, 0x00,
  0x00, 0x3F, 0xFF, 0xFF, 0xE0, 0x00, 0x01, 0xFF, 0xFF, 0xFF, 0x00, 0x00,
  0x0F, 0xFF, 0xFF, 0xF8, 0x00, 0x00, 0x7F, 0xFF, 0xFF, 0xC0, 0x00, 0x03,
  0xFF, 0xFF, 0xFF, 0x00, 0x00, 0x1F, 0xFF, 0xFF, 0xF8, 0x00, 0x00, 0xFF,
  0xF3, 0xFF, 0xC0, 0x00, 0x07, 0xFF, 0x9F, 0xFE, 0x00, 0x00, 0x7F, 0xFC,
  0xFF, 0xF8, 0x00, 0x03, 0xFF, 0xE7, 0xFF, 0xE0, 0x00, 0x3F, 0xFE, 0x1F,
  0xFF, 0x80, 0x03, 0xFF, 0xF0, 0xFF, 0xFF, 0x00, 0x7F, 0xFF, 0x83, 0xFF,
  0xFF, 0xFF, 0xFF, 0xF8, 0x1F, 0xFF, 0xFF, 0xFF, 0xFF, 0xC0, 0x7F, 0xFF,
  0xFF, 0xFF, 0xFC, 0x01, 0xFF, 0xFF, 0xFF, 0xFF, 0xC0, 0x0F, 0xFF, 0xFF,
  0xFF, 0xFC, 0x00, 0x3F, 0xFF, 0xFF, 0xFF, 0xC0, 0x00, 0x7F, 0xFF, 0xFF,
  0xFC, 0x00, 0x01, 0xFF, 0xFF, 0xFF, 0xC0, 0x00, 0x03, 0xFF, 0xFF, 0xF8,
  0x00, 0x00, 0x07, 0xFF, 0xFF, 0x00, 0x00, 0x00, 0x03, 0xFF, 0x80, 0x00,
  0x00, 0xFF, 0xFF, 0xFF, 0xF8, 0x00, 0x01, 0xFF, 0xFF, 0xFF, 0xFF, 0x00,
  0x03, 0xFF, 0xFF, 0xFF, 0xFF, 0x80, 0x07, 0xFF, 0xFF, 0xFF, 0xFF, 0xC0,
  0x0F, 0xFF, 0xFF, 0xFF, 0xFF, 0xE0, 0x1F, 0xFF, 0xFF, 0xFF, 0xFF, 0xE0,
  0x3F, 0xFF, 0xFF, 0xFF, 0xFF, 0xE0, 0x7F, 0xFF, 0xFF, 0xFF, 0xFF, 0xE0,
  0xFF, 0xFF, 0xFF, 0xFF, 0xFF, 0xE1, 0xFF, 0xFF, 0xFF, 0xFF, 0xFF, 0xC3,
  0xFF, 0xFF, 0xFF, 0xFF, 0xFF, 0xC7, 0xFF, 0x80, 0x00, 0x7F, 0xFF, 0xCF,
  0xFF, 0x00, 0x00, 0x3F, 0xFF, 0x9F, 0xFE, 0x00, 0x00, 0x3F, 0xFF, 0xBF,
  0xFC, 0x00, 0x00, 0x3F, 0xFF, 0x7F, 0xF8, 0x00, 0x00, 0x3F, 0xFE, 0xFF,
  0xF0, 0x00, 0x00, 0x7F, 0xFD, 0xFF, 0xE0, 0x00, 0x00, 0x7F, 0xFF, 0xFF,
  0xC0, 0x00, 0x00, 0xFF, 0xFF, 0xFF, 0x80, 0x00, 0x01, 0xFF, 0xFF, 0xFF,
  0x00, 0x00, 0x03, 0xFF, 0xFF, 0xFE, 0x00, 0x00, 0x03, 0xFF, 0xFF, 0xFC,
  0x00, 0x00, 0x07, 0xFF, 0xFF, 0xF8, 0x00, 0x00, 0x0F, 0xFF, 0xFF, 0xF0,
  0x00, 0x00, 0x3F, 0xFF, 0xFF, 0xE0, 0x00, 0x00, 0x7F, 0xFF, 0xFF, 0xC0,
  0x00, 0x00, 0xFF, 0xFF, 0xFF, 0x80, 0x00, 0x01, 0xFF, 0xFF, 0xFF, 0x00,
  0x00, 0x07, 0xFF, 0xDF, 0xFE, 0x00, 0x00, 0x0F, 0xFF, 0xBF, 0xFC, 0x00,
  0x00, 0x3F, 0xFF, 0x7F, 0xF8, 0x00, 0x00, 0xFF, 0xFC, 0xFF, 0xF0, 0x00,
  0x07, 0xFF, 0xF9, 0xFF, 0xE0, 0x00, 0x3F, 0xFF, 0xE3, 0xFF, 0xFF, 0xFF,
  0xFF, 0xFF, 0xC7, 0xFF, 0xFF, 0xFF, 0xFF, 0xFF, 0x0F, 0xFF, 0xFF, 0xFF,
  0xFF, 0xFE, 0x1F, 0xFF, 0xFF, 0xFF, 0xFF, 0xF8, 0x3F, 0xFF, 0xFF, 0xFF,
  0xFF, 0xE0, 0x7F, 0xFF, 0xFF, 0xFF, 0xFF, 0x80, 0xFF, 0xFF, 0xFF, 0xFF,
  0xFC, 0x01, 0xFF, 0xFF, 0xFF, 0xFF, 0xF0, 0x03, 0xFF, 0xFF, 0xFF, 0xFF,
  0x80, 0x07, 0xFF, 0xFF, 0xFF, 0xF8, 0x00, 0x0F, 0xFF, 0xFF, 0xFE, 0x00,
  0x00, 0x1F, 0xFE, 0x00, 0x00, 0x00, 0x00, 0x3F, 0xFC, 0x00, 0x00, 0x00,
  0x00, 0x7F, 0xF8, 0x00, 0x00, 0x00, 0x00, 0xFF, 0xF0, 0x00, 0x00, 0x00,
  0x01, 0xFF, 0xE0, 0x00, 0x00, 0x00, 0x03, 0xFF, 0xC0, 0x00, 0x00, 0x00,
  0x07, 0xFF, 0x80, 0x00, 0x00, 0x00, 0x0F, 0xFF, 0x00, 0x00, 0x00, 0x00,
  0x1F, 0xFE, 0x00, 0x00, 0x00, 0x00, 0x3F, 0xFC, 0x00, 0x00, 0x00, 0x00,
  0x7F, 0xF8, 0x00, 0x00, 0x00, 0x00, 0xFF, 0xF0, 0x00, 0x00, 0x00, 0x01,
  0xFF, 0xE0, 0x00, 0x00, 0x00, 0x03, 0xFF, 0xC0, 0x00, 0x00, 0x00, 0x07,
  0xFF, 0x80, 0x00, 0x00, 0x00, 0x0F, 0xFF, 0x00, 0x00, 0x00, 0x00, 0x1F,
  0xFE, 0x00, 0x00, 0x00, 0x00, 0x3F, 0xFC, 0x00, 0x00, 0x00, 0x00, 0x7F,
  0xF8, 0x00, 0x00, 0x00, 0x00, 0xFF, 0xF0, 0x00, 0x00, 0x00, 0x01, 0xFF,
  0xE0, 0x00, 0x00, 0x00, 0x03, 0xFF, 0xC0, 0x00, 0x00, 0x00, 0x07, 0xFF,
  0x80, 0x00, 0x00, 0x00, 0x0F, 0xFF, 0x00, 0x00, 0x00, 0x00, 0x1F, 0xFE,
  0x00, 0x00, 0x00, 0x00, 0x3F, 0xFC, 0x00, 0x00, 0x00, 0x00, 0x7F, 0xF8,
  0x00, 0x00, 0x00, 0x00, 0x00, 0x00, 0x7F, 0xF0, 0x00, 0x00, 0x00, 0x1F,
  0xFF, 0xFC, 0x00, 0x00, 0x01, 0xFF, 0xFF, 0xFC, 0x00, 0x00, 0x1F, 0xFF,
  0xFF, 0xFC, 0x00, 0x01, 0xFF, 0xFF, 0xFF, 0xF8, 0x00, 0x0F, 0xFF, 0xFF,
  0xFF, 0xF0, 0x00, 0x7F, 0xFF, 0xFF, 0xFF, 0xF0, 0x03, 0xFF, 0xFF, 0xFF,
  0xFF, 0xC0, 0x0F, 0xFF, 0xFF, 0xFF, 0xFF, 0x80, 0x7F, 0xFF, 0xFF, 0xFF,
  0xFF, 0x03, 0xFF, 0xFF, 0xFF, 0xFF, 0xFC, 0x0F, 0xFF, 0xF0, 0x07, 0xFF,
  0xF8, 0x7F, 0xFF, 0x00, 0x07, 0xFF, 0xE1, 0xFF, 0xF8, 0x00, 0x0F, 0xFF,
  0xC7, 0xFF, 0xC0, 0x00, 0x1F, 0xFF, 0x3F, 0xFE, 0x00, 0x00, 0x7F, 0xFC,
  0xFF, 0xF8, 0x00, 0x00, 0xFF, 0xFB, 0xFF, 0xC0, 0x00, 0x03, 0xFF, 0xEF,
  0xFF, 0x00, 0x00, 0x07, 0xFF, 0xBF, 0xFC, 0x00, 0x00, 0x1F, 0xFE, 0xFF,
  0xF0, 0x00, 0x00, 0x7F, 0xFB, 0xFF, 0xC0, 0x00, 0x01, 0xFF, 0xEF, 0xFF,
  0x00, 0x00, 0x07, 0xFF, 0xBF, 0xFC, 0x00, 0x00, 0x1F, 0xFE, 0xFF, 0xF0,
  0x00, 0x00, 0x7F, 0xFB, 0xFF, 0xC0, 0x00, 0x01, 0xFF, 0xEF, 0xFF, 0x00,
  0x00, 0x07, 0xFF, 0xBF, 0xFC, 0x00, 0x00, 0x1F, 0xFE, 0xFF, 0xF0, 0x00,
  0x00, 0x7F, 0xFB, 0xFF, 0xC0, 0x00, 0x01, 0xFF, 0xEF, 0xFF, 0x00, 0x00,
  0x07, 0xFF, 0xBF, 0xFC, 0x00, 0x00, 0x1F, 0xFE, 0xFF, 0xF0, 0x00, 0x00,
  0x7F, 0xFB, 0xFF, 0xC0, 0x00, 0x01, 0xFF, 0xEF, 0xFF, 0x00, 0x00, 0x07,
  0xFF, 0xBF, 0xFC, 0x00, 0x00, 0x1F, 0xFE, 0xFF, 0xF0, 0x00, 0x00, 0x7F,
  0xFB, 0xFF, 0xC0, 0x00, 0x01, 0xFF, 0xEF, 0xFF, 0x00, 0x00, 0x07, 0xFF,
  0xBF, 0xFC, 0x00, 0x00, 0x1F, 0xFE, 0xFF, 0xF0, 0x00, 0x00, 0x7F, 0xFB,
  0xFF, 0xC0, 0x00, 0x01, 0xFF, 0xEF, 0xFF, 0x00, 0x00, 0x07, 0xFF, 0xBF,
  0xFC, 0x00, 0x00, 0x1F, 0xFE, 0xFF, 0xF0, 0x00, 0x00, 0x7F, 0xFB, 0xFF,
  0xC0, 0x00, 0x01, 0xFF, 0xEF, 0xFF, 0x00, 0x00, 0x07, 0xFF, 0xBF, 0xFC,
  0x00, 0x00, 0x1F, 0xFE, 0xFF, 0xF0, 0x00, 0x00, 0x7F, 0xFB, 0xFF, 0xC0,
  0x00, 0x01, 0xFF, 0xEF, 0xFF, 0x00, 0x00, 0x07, 0xFF, 0xBF, 0xFC, 0x00,
  0x00, 0x1F, 0xFE, 0xFF, 0xF0, 0x00, 0x00, 0x7F, 0xFB, 0xFF, 0xC0, 0x00,
  0x01, 0xFF, 0xEF, 0xFF, 0x00, 0x00, 0x07, 0xFF, 0xBF, 0xFC, 0x00, 0x00,
  0x1F, 0xFE, 0xFF, 0xF0, 0x00, 0x00, 0xFF, 0xFB, 0xFF, 0xE0, 0x00, 0x03,
  0xFF, 0xEF, 0xFF, 0x80, 0x00, 0x0F, 0xFF, 0x1F, 0xFF, 0x00, 0x00, 0x7F,
  0xFC, 0x7F, 0xFE, 0x00, 0x03, 0xFF, 0xF1, 0xFF, 0xFC, 0x00, 0x1F, 0xFF,
  0xC3, 0xFF, 0xFC, 0x01, 0xFF, 0xFE, 0x0F, 0xFF, 0xFF, 0xFF, 0xFF, 0xF8,
  0x1F, 0xFF, 0xFF, 0xFF, 0xFF, 0xC0, 0x3F, 0xFF, 0xFF, 0xFF, 0xFE, 0x00,
  0xFF, 0xFF, 0xFF, 0xFF, 0xF8, 0x01, 0xFF, 0xFF, 0xFF, 0xFF, 0xC0, 0x03,
  0xFF, 0xFF, 0xFF, 0xFE, 0x00, 0x07, 0xFF, 0xFF, 0xFF, 0xE0, 0x00, 0x07,
  0xFF, 0xFF, 0xFF, 0x00, 0x00, 0x07, 0xFF, 0xFF, 0xF8, 0x00, 0x00, 0x07,
  0xFF, 0xFF, 0xE0, 0x00, 0x00, 0x01, 0xFF, 0xFF, 0xC0, 0x00, 0x00, 0x00,
  0x1F, 0xFF, 0x00, 0x00, 0x00, 0x00, 0x3F, 0xFE, 0x00, 0x00, 0x00, 0x00,
  0xFF, 0xFC, 0x00, 0x00, 0x00, 0x01, 0xFF, 0xF0, 0x00, 0x00, 0x00, 0x03,
  0xFF, 0xE0, 0x00, 0x00, 0x00, 0x0F, 0xFF, 0x80, 0x00, 0x00, 0x00, 0x1F,
  0xFF, 0x00, 0x00, 0x00, 0x00, 0x7F, 0xFE, 0x00, 0x00, 0x00, 0x00, 0xFF,
  0xF8, 0x00, 0x00, 0x00, 0x01, 0xFF, 0xF0, 0x00, 0x00, 0x00, 0x07, 0xFF,
  0xC0, 0x00, 0x00, 0x00, 0x0F, 0xFF, 0x80, 0x00, 0x00, 0x00, 0x3F, 0xFF,
  0x00, 0x00, 0x00, 0x00, 0x7F, 0xFC, 0x00, 0x00, 0x00, 0x00, 0xFF, 0xF8,
  0x00, 0x00, 0x00, 0x03, 0xFF, 0xE0, 0x00, 0x00, 0x00, 0x07, 0xFF, 0xC0,
  0xFF, 0xFF, 0xFF, 0xF0, 0x00, 0x01, 0xFF, 0xFF, 0xFF, 0xFE, 0x00, 0x03,
  0xFF, 0xFF, 0xFF, 0xFF, 0x00, 0x07, 0xFF, 0xFF, 0xFF, 0xFF, 0x80, 0x0F,
  0xFF, 0xFF, 0xFF, 0xFF, 0x80, 0x1F, 0xFF, 0xFF, 0xFF, 0xFF, 0xC0, 0x3F,
  0xFF, 0xFF, 0xFF, 0xFF, 0xC0, 0x7F, 0xFF, 0xFF, 0xFF, 0xFF, 0xC0, 0xFF,
  0xFF, 0xFF, 0xFF, 0xFF, 0xC1, 0xFF, 0xFF, 0xFF, 0xFF, 0xFF, 0x83, 0xFF,
  0xFF, 0xFF, 0xFF, 0xFF, 0x87, 0xFF, 0x80, 0x00, 0xFF, 0xFF, 0x0F, 0xFF,
  0x00, 0x00, 0x7F, 0xFF, 0x1F, 0xFE, 0x00, 0x00, 0x7F, 0xFE, 0x3F, 0xFC,
  0x00, 0x00, 0x7F, 0xFE, 0x7F, 0xF8, 0x00, 0x00, 0x7F, 0xFC, 0xFF, 0xF0,
  0x00, 0x00, 0xFF, 0xF9, 0xFF, 0xE0, 0x00, 0x01, 0xFF, 0xF3, 0xFF, 0xC0,
  0x00, 0x01, 0xFF, 0xE7, 0xFF, 0x80, 0x00, 0x03, 0xFF, 0xEF, 0xFF, 0x00,
  0x00, 0x07, 0xFF, 0xDF, 0xFE, 0x00, 0x00, 0x0F, 0xFF, 0xBF, 0xFC, 0x00,
  0x00, 0x1F, 0xFF, 0x7F, 0xF8, 0x00, 0x00, 0x3F, 0xFE, 0xFF, 0xF0, 0x00,
  0x00, 0x7F, 0xF9, 0xFF, 0xE0, 0x00, 0x00, 0xFF, 0xF3, 0xFF, 0xC0, 0x00,
  0x03, 0xFF, 0xE7, 0xFF, 0x80, 0x00, 0x07, 0xFF, 0xCF, 0xFF, 0x00, 0x00,
  0x1F, 0xFF, 0x9F, 0xFE, 0x00, 0x00, 0x3F, 0xFE, 0x3F, 0xFC, 0x00, 0x00,
  0xFF, 0xFC, 0x7F, 0xF8, 0x00, 0x07, 0xFF, 0xF8, 0xFF, 0xF0, 0x00, 0x3F,
  0xFF, 0xE1, 0xFF, 0xFF, 0xFF, 0xFF, 0xFF, 0xC3, 0xFF, 0xFF, 0xFF, 0xFF,
  0xFF, 0x07, 0xFF, 0xFF, 0xFF, 0xFF, 0xFC, 0x0F, 0xFF, 0xFF, 0xFF, 0xFF,
  0xF0, 0x1F, 0xFF, 0xFF, 0xFF, 0xFF, 0xC0, 0x3F, 0xFF, 0xFF, 0xFF, 0xFF,
  0x00, 0x7F, 0xFF, 0xFF, 0xFF, 0xFC, 0x00, 0xFF, 0xFF, 0xFF, 0xFF, 0xF0,
  0x01, 0xFF, 0xFF, 0xFF, 0xFF, 0x80, 0x03, 0xFF, 0xFF, 0xFF, 0xFE, 0x00,
  0x07, 0xFF, 0xFF, 0xFF, 0xFC, 0x00, 0x0F, 0xFF, 0x00, 0x7F, 0xFC, 0x00,
  0x1F, 0xFE, 0x00, 0xFF, 0xF8, 0x00, 0x3F, 0xFC, 0x00, 0xFF, 0xF8, 0x00,
  0x7F, 0xF8, 0x01, 0xFF, 0xF0, 0x00, 0xFF, 0xF0, 0x01, 0xFF, 0xF0, 0x01,
  0xFF, 0xE0, 0x03, 0xFF, 0xE0, 0x03, 0xFF, 0xC0, 0x03, 0xFF, 0xE0, 0x07,
  0xFF, 0x80, 0x07, 0xFF, 0xC0, 0x0F, 0xFF, 0x00, 0x07, 0xFF, 0xC0, 0x1F,
  0xFE, 0x00, 0x0F, 0xFF, 0x80, 0x3F, 0xFC, 0x00, 0x1F, 0xFF, 0x00, 0x7F,
  0xF8, 0x00, 0x1F, 0xFF, 0x00, 0xFF, 0xF0, 0x00, 0x3F, 0xFE, 0x01, 0xFF,
  0xE0, 0x00, 0x3F, 0xFE, 0x03, 0xFF, 0xC0, 0x00, 0x7F, 0xFC, 0x07, 0xFF,
  0x80, 0x00, 0x7F, 0xFC, 0x0F, 0xFF, 0x00, 0x00, 0xFF, 0xF8, 0x1F, 0xFE,
  0x00, 0x01, 0xFF, 0xF8, 0x3F, 0xFC, 0x00, 0x01, 0xFF, 0xF0, 0x7F, 0xF8,
  0x00, 0x03, 0xFF, 0xF0, 0xFF, 0xF0, 0x00, 0x03, 0xFF, 0xE1, 0xFF, 0xE0,
  0x00, 0x07, 0xFF, 0xE3, 0xFF, 0xC0, 0x00, 0x07, 0xFF, 0xC7, 0xFF, 0x80,
  0x00, 0x0F, 0xFF, 0xCF, 0xFF, 0x00, 0x00, 0x0F, 0xFF, 0x9F, 0xFE, 0x00,
  0x00, 0x1F, 0xFF, 0x3F, 0xFC, 0x00, 0x00, 0x3F, 0xFF, 0x7F, 0xF8, 0x00,
  0x00, 0x3F, 0xFF, 0x00, 0x00, 0x7F, 0xF8, 0x00, 0x00, 0x00, 0x07, 0xFF,
  0xFF, 0x00, 0x00, 0x00, 0x7F, 0xFF, 0xFF, 0x80, 0x00, 0x01, 0xFF, 0xFF,
  0xFF, 0xC0, 0x00, 0x0F, 0xFF, 0xFF, 0xFF, 0xC0, 0x00, 0x3F, 0xFF, 0xFF,
  0xFF, 0xC0, 0x00, 0xFF, 0xFF, 0xFF, 0xFF, 0xC0, 0x03, 0xFF, 0xFF, 0xFF,
  0xFF, 0xC0, 0x0F, 0xFF, 0xFF, 0xFF, 0xFF, 0xC0, 0x1F, 0xFF, 0xFF, 0xFF,
  0xFF, 0xC0, 0x7F, 0xFF, 0xFF, 0xFF, 0xFF, 0x80, 0xFF, 0xFF, 0x00, 0x7F,
  0xFF, 0x83, 0xFF, 0xF8, 0x00, 0x7F, 0xFF, 0x07, 0xFF, 0xC0, 0x00, 0x3F,
  0xFE, 0x0F, 0xFF, 0x80, 0x00, 0x3F, 0xFE, 0x3F, 0xFE, 0x00, 0x00, 0x7F,
  0xFC, 0x7F, 0xFC, 0x00, 0x00, 0x7F, 0xF8, 0xFF, 0xF0, 0x00, 0x00, 0xFF,
  0xF1, 0xFF, 0xE0, 0x00, 0x01, 0xFF, 0xE3, 0xFF, 0xC0, 0x00, 0x03, 0xFF,
  0xC7, 0xFF, 0x80, 0x00, 0x00, 0x00, 0x0F, 0xFF, 0x00, 0x00, 0x00, 0x00,
  0x1F, 0xFE, 0x00, 0x00, 0x00, 0x00, 0x3F, 0xFE, 0x00, 0x00, 0x00, 0x00,
  0x7F, 0xFC, 0x00, 0x00, 0x00, 0x00, 0x7F, 0xFC, 0x00, 0x00, 0x00, 0x00,
  0xFF, 0xFC, 0x00, 0x00, 0x00, 0x01, 0xFF, 0xFE, 0x00, 0x00, 0x00, 0x01,
  0xFF, 0xFF, 0x80, 0x00, 0x00, 0x03, 0xFF, 0xFF, 0xF0, 0x00, 0x00, 0x03,
  0xFF, 0xFF, 0xFE, 0x00, 0x00, 0x07, 0xFF, 0xFF, 0xFF, 0x80, 0x00, 0x07,
  0xFF, 0xFF, 0xFF, 0xE0, 0x00, 0x07, 0xFF, 0xFF, 0xFF, 0xF0, 0x00, 0x07,
  0xFF, 0xFF, 0xFF, 0xF0, 0x00, 0x07, 0xFF, 0xFF, 0xFF, 0xF8, 0x00, 0x07,
  0xFF, 0xFF, 0xFF, 0xF8, 0x00, 0x03, 0xFF, 0xFF, 0xFF, 0xF8, 0x00, 0x03,
  0xFF, 0xFF, 0xFF, 0xF0, 0x00, 0x00, 0xFF, 0xFF, 0xFF, 0xF0, 0x00, 0x00,
  0x3F, 0xFF, 0xFF, 0xF0, 0x00, 0x00, 0x07, 0xFF, 0xFF, 0xE0, 0x00, 0x00,
  0x00, 0xFF, 0xFF, 0xE0, 0x00, 0x00, 0x00, 0x3F, 0xFF, 0xC0, 0x00, 0x00,
  0x00, 0x1F, 0xFF, 0xC0, 0x00, 0x00, 0x00, 0x1F, 0xFF, 0x80, 0x00, 0x00,
  0x00, 0x1F, 0xFF, 0x00, 0x00, 0x00, 0x00, 0x1F, 0xFF, 0x00, 0x00, 0x00,
  0x00, 0x3F, 0xFE, 0x00, 0x00, 0x00, 0x00, 0x3F, 0xFC, 0x00, 0x00, 0x00,
  0x00, 0x7F, 0xF8, 0x00, 0x00, 0x00, 0x00, 0xFF, 0xF0, 0x00, 0x00, 0x00,
  0x01, 0xFF, 0xFF, 0xFE, 0x00, 0x00, 0x03, 0xFF, 0xFF, 0xFC, 0x00, 0x00,
  0x07, 0xFF, 0xFF, 0xF8, 0x00, 0x00, 0x0F, 0xFF, 0xFF, 0xF0, 0x00, 0x00,
  0x1F, 0xFF, 0xFF, 0xF0, 0x00, 0x00, 0x7F, 0xFF, 0xFF, 0xE0, 0x00, 0x00,
  0xFF, 0xFF, 0xFF, 0xE0, 0x00, 0x03, 0xFF, 0xE7, 0xFF, 0xE0, 0x00, 0x0F,
  0xFF, 0xCF, 0xFF, 0xE0, 0x00, 0x3F, 0xFF, 0x8F, 0xFF, 0xF8, 0x01, 0xFF,
  0xFE, 0x1F, 0xFF, 0xFF, 0xFF, 0xFF, 0xFC, 0x1F, 0xFF, 0xFF, 0xFF, 0xFF,
  0xF0, 0x3F, 0xFF, 0xFF, 0xFF, 0xFF, 0xC0, 0x3F, 0xFF, 0xFF, 0xFF, 0xFF,
  0x00, 0x3F, 0xFF, 0xFF, 0xFF, 0xFE, 0x00, 0x3F, 0xFF, 0xFF, 0xFF, 0xF8,
  0x00, 0x1F, 0xFF, 0xFF, 0xFF, 0xC0, 0x00, 0x1F, 0xFF, 0xFF, 0xFF, 0x00,
  0x00, 0x0F, 0xFF, 0xFF, 0xF8, 0x00, 0x00, 0x03, 0xFF, 0xFF, 0x80, 0x00,
  0x00, 0x00, 0x7F, 0xF0, 0x00, 0x00, 0xFF, 0xFF, 0xFF, 0xFF, 0xFF, 0xFF,
  0xFF, 0xFF, 0xFF, 0xFF, 0xFF, 0xFF, 0xFF, 0xFF, 0xFF, 0xFF, 0xFF, 0xFF,
  0xFF, 0xFF, 0xFF, 0xFF, 0xFF, 0xFF, 0xFF, 0xFF, 0xFF, 0xFF, 0xFF, 0xFF,
  0xFF, 0xFF, 0xFF, 0xFF, 0xFF, 0xFF, 0xFF, 0xFF, 0xFF, 0xFF, 0xFF, 0xFF,
  0xFF, 0xFF, 0xFF, 0xFF, 0xFF, 0xFF, 0xFF, 0xFF, 0xFF, 0xFF, 0xFF, 0xFF,
  0xFF, 0xFF, 0xFF, 0xFF, 0xFF, 0xFF, 0xFF, 0xFF, 0xFF, 0xFF, 0xFF, 0xFF,
  0xFF, 0xE0, 0x00, 0x07, 0xFF, 0xC0, 0x00, 0x00, 0x00, 0x03, 0xFF, 0xE0,
  0x00, 0x00, 0x00, 0x01, 0xFF, 0xF0, 0x00, 0x00, 0x00, 0x00, 0xFF, 0xF8,
  0x00, 0x00, 0x00, 0x00, 0x7F, 0xFC, 0x00, 0x00, 0x00, 0x00, 0x3F, 0xFE,
  0x00, 0x00, 0x00, 0x00, 0x1F, 0xFF, 0x00, 0x00, 0x00, 0x00, 0x0F, 0xFF,
  0x80, 0x00, 0x00, 0x00, 0x07, 0xFF, 0xC0, 0x00, 0x00, 0x00, 0x03, 0xFF,
  0xE0, 0x00, 0x00, 0x00, 0x01, 0xFF, 0xF0, 0x00, 0x00, 0x00, 0x00, 0xFF,
  0xF8, 0x00, 0x00, 0x00, 0x00, 0x7F, 0xFC, 0x00, 0x00, 0x00, 0x00, 0x3F,
  0xFE, 0x00, 0x00, 0x00, 0x00, 0x1F, 0xFF, 0x00, 0x00, 0x00, 0x00, 0x0F,
  0xFF, 0x80, 0x00, 0x00, 0x00, 0x07, 0xFF, 0xC0, 0x00, 0x00, 0x00, 0x03,
  0xFF, 0xE0, 0x00, 0x00, 0x00, 0x01, 0xFF, 0xF0, 0x00, 0x00, 0x00, 0x00,
  0xFF, 0xF8, 0x00, 0x00, 0x00, 0x00, 0x7F, 0xFC, 0x00, 0x00, 0x00, 0x00,
  0x3F, 0xFE, 0x00, 0x00, 0x00, 0x00, 0x1F, 0xFF, 0x00, 0x00, 0x00, 0x00,
  0x0F, 0xFF, 0x80, 0x00, 0x00, 0x00, 0x07, 0xFF, 0xC0, 0x00, 0x00, 0x00,
  0x03, 0xFF, 0xE0, 0x00, 0x00, 0x00, 0x01, 0xFF, 0xF0, 0x00, 0x00, 0x00,
  0x00, 0xFF, 0xF8, 0x00, 0x00, 0x00, 0x00, 0x7F, 0xFC, 0x00, 0x00, 0x00,
  0x00, 0x3F, 0xFE, 0x00, 0x00, 0x00, 0x00, 0x1F, 0xFF, 0x00, 0x00, 0x00,
  0x00, 0x0F, 0xFF, 0x80, 0x00, 0x00, 0x00, 0x07, 0xFF, 0xC0, 0x00, 0x00,
  0x00, 0x03, 0xFF, 0xE0, 0x00, 0x00, 0x00, 0x01, 0xFF, 0xF0, 0x00, 0x00,
  0x00, 0x00, 0xFF, 0xF8, 0x00, 0x00, 0x00, 0x00, 0x7F, 0xFC, 0x00, 0x00,
  0x00, 0x00, 0x3F, 0xFE, 0x00, 0x00, 0x00, 0x00, 0x1F, 0xFF, 0x00, 0x00,
  0x00, 0x00, 0x0F, 0xFF, 0x80, 0x00, 0x00, 0x00, 0x07, 0xFF, 0xC0, 0x00,
  0x00, 0x00, 0x03, 0xFF, 0xE0, 0x00, 0x00, 0x00, 0x01, 0xFF, 0xF0, 0x00,
  0x00, 0x00, 0x00, 0xFF, 0xF8, 0x00, 0x00, 0x00, 0x00, 0x7F, 0xFC, 0x00,
  0x00, 0x00, 0x00, 0x3F, 0xFE, 0x00, 0x00, 0x00, 0x00, 0x1F, 0xFF, 0x00,
  0x00, 0x00, 0x00, 0x0F, 0xFF, 0x80, 0x00, 0x00, 0x00, 0x07, 0xFF, 0xC0,
  0x00, 0x00, 0x00, 0x03, 0xFF, 0xE0, 0x00, 0x00, 0x00, 0x01, 0xFF, 0xF0,
  0x00, 0x00, 0x00, 0x00, 0xFF, 0xF8, 0x00, 0x00, 0x00, 0x00, 0x7F, 0xFC,
  0x00, 0x00, 0x00, 0x00, 0x3F, 0xFE, 0x00, 0x00, 0x00, 0x00, 0x1F, 0xFF,
  0x00, 0x00, 0x00, 0x00, 0x0F, 0xFF, 0x80, 0x00, 0x00, 0x00, 0x07, 0xFF,
  0xC0, 0x00, 0x00, 0x00, 0x03, 0xFF, 0xE0, 0x00, 0x00, 0x00, 0x01, 0xFF,
  0xF0, 0x00, 0x00, 0x00, 0x00, 0xFF, 0xF8, 0x00, 0x00, 0x00, 0x00, 0x7F,
  0xFC, 0x00, 0x00, 0xFF, 0xF0, 0x00, 0x00, 0xFF, 0xFF, 0xFF, 0x80, 0x00,
  0x07, 0xFF, 0xFF, 0xFC, 0x00, 0x00, 0x3F, 0xFF, 0xFF, 0xE0, 0x00, 0x01,
  0xFF, 0xFF, 0xFF, 0x00, 0x00, 0x0F, 0xFF, 0xFF, 0xF8, 0x00, 0x00, 0x7F,
  0xFF, 0xFF, 0xC0, 0x00, 0x03, 0xFF, 0xFF, 0xFE, 0x00, 0x00, 0x1F, 0xFF,
  0xFF, 0xF0, 0x00, 0x00, 0xFF, 0xFF, 0xFF, 0x80, 0x00, 0x07, 0xFF, 0xFF,
  0xFC, 0x00, 0x00, 0x3F, 0xFF, 0xFF, 0xE0, 0x00, 0x01, 0xFF, 0xFF, 0xFF,
  0x00, 0x00, 0x0F, 0xFF, 0xFF, 0xF8, 0x00, 0x00, 0x7F, 0xFF, 0xFF, 0xC0,
  0x00, 0x03, 0xFF, 0xFF, 0xFE, 0x00, 0x00, 0x1F, 0xFF, 0xFF, 0xF0, 0x00,
  0x00, 0xFF, 0xFF, 0xFF, 0x80, 0x00, 0x07, 0xFF, 0xFF, 0xFC, 0x00, 0x00,
  0x3F, 0xFF, 0xFF, 0xE0, 0x00, 0x01, 0xFF, 0xFF, 0xFF, 0x00, 0x00, 0x0F,
  0xFF, 0xFF, 0xF8, 0x00, 0x00, 0x7F, 0xFF, 0xFF, 0xC0, 0x00, 0x03, 0xFF,
  0xFF, 0xFE, 0x00, 0x00, 0x1F, 0xFF, 0xFF, 0xF0, 0x00, 0x00, 0xFF, 0xFF,
  0xFF, 0x80, 0x00, 0x07, 0xFF, 0xFF, 0xFC, 0x00, 0x00, 0x3F, 0xFF, 0xFF,
  0xE0, 0x00, 0x01, 0xFF, 0xFF, 0xFF, 0x00, 0x00, 0x0F, 0xFF, 0xFF, 0xF8,
  0x00, 0x00, 0x7F, 0xFF, 0xFF, 0xC0, 0x00, 0x03, 0xFF, 0xFF, 0xFE, 0x00,
  0x00, 0x1F, 0xFF, 0xFF, 0xF0, 0x00, 0x00, 0xFF, 0xFF, 0xFF, 0x80, 0x00,
  0x07, 0xFF, 0xFF, 0xFC, 0x00, 0x00, 0x3F, 0xFF, 0xFF, 0xE0, 0x00, 0x01,
  0xFF, 0xFF, 0xFF, 0x00, 0x00, 0x0F, 0xFF, 0xFF, 0xF8, 0x00, 0x00, 0x7F,
  0xFF, 0xFF, 0xC0, 0x00, 0x03, 0xFF, 0xFF, 0xFE, 0x00, 0x00, 0x1F, 0xFF,
  0xFF, 0xF0, 0x00, 0x00, 0xFF, 0xFF, 0xFF, 0x80, 0x00, 0x07, 0xFF, 0xFF,
  0xFC, 0x00, 0x00, 0x3F, 0xFF, 0xFF, 0xE0, 0x00, 0x01, 0xFF, 0xFF, 0xFF,
  0x00, 0x00, 0x0F, 0xFF, 0xFF, 0xF8, 0x00, 0x00, 0x7F, 0xFF, 0xFF, 0xC0,
  0x00, 0x03, 0xFF, 0xFF, 0xFE, 0x00, 0x00, 0x1F, 0xFF, 0xFF, 0xF0, 0x00,
  0x00, 0xFF, 0xFF, 0xFF, 0x80, 0x00, 0x07, 0xFF, 0xFF, 0xFC, 0x00, 0x00,
  0x3F, 0xFF, 0xFF, 0xE0, 0x00, 0x01, 0xFF, 0xFF, 0xFF, 0x00, 0x00, 0x0F,
  0xFF, 0xFF, 0xFC, 0x00, 0x00, 0x7F, 0xFF, 0xFF, 0xE0, 0x00, 0x03, 0xFF,
  0xFF, 0xFF, 0x00, 0x00, 0x1F, 0xFE, 0xFF, 0xF8, 0x00, 0x00, 0xFF, 0xF3,
  0xFF, 0xE0, 0x00, 0x0F, 0xFF, 0x9F, 0xFF, 0x00, 0x00, 0x7F, 0xFC, 0xFF,
  0xFC, 0x00, 0x07, 0xFF, 0xE3, 0xFF, 0xF0, 0x00, 0x7F, 0xFE, 0x1F, 0xFF,
  0xE0, 0x0F, 0xFF, 0xF0, 0xFF, 0xFF, 0xFF, 0xFF, 0xFF, 0x03, 0xFF, 0xFF,
  0xFF, 0xFF, 0xF8, 0x0F, 0xFF, 0xFF, 0xFF, 0xFF, 0x80, 0x7F, 0xFF, 0xFF,
  0xFF, 0xF8, 0x01, 0xFF, 0xFF, 0xFF, 0xFF, 0xC0, 0x07, 0xFF, 0xFF, 0xFF,
  0xFC, 0x00, 0x1F, 0xFF, 0xFF, 0xFF, 0x80, 0x00, 0x3F, 0xFF, 0xFF, 0xF8,
  0x00, 0x00, 0xFF, 0xFF, 0xFF, 0x00, 0x00, 0x00, 0xFF, 0xFF, 0xE0, 0x00,
  0x00, 0x00, 0xFF, 0xF0, 0x00, 0x00, 0xFF, 0xF8, 0x00, 0x00, 0x00, 0xFF,
  0xF7, 0xFF, 0x80, 0x00, 0x00, 0x0F, 0xFF, 0x7F, 0xFC, 0x00, 0x00, 0x01,
  0xFF, 0xF7, 0xFF, 0xC0, 0x00, 0x00, 0x1F, 0xFF, 0x3F, 0xFC, 0x00, 0x00,
  0x01, 0xFF, 0xE3, 0xFF, 0xC0, 0x00, 0x00, 0x1F, 0xFE, 0x3F, 0xFE, 0x00,
  0x00, 0x03, 0xFF, 0xE3, 0xFF, 0xE0, 0x00, 0x00, 0x3F, 0xFE, 0x1F, 0xFE,
  0x00, 0x00, 0x03, 0xFF, 0xC1, 0xFF, 0xE0, 0x00, 0x00, 0x3F, 0xFC, 0x1F,
  0xFF, 0x00, 0x00, 0x03, 0xFF, 0xC1, 0xFF, 0xF0, 0x00, 0x00, 0x7F, 0xFC,
  0x0F, 0xFF, 0x00, 0x00, 0x07, 0xFF, 0x80, 0xFF, 0xF0, 0x00, 0x00, 0x7F,
  0xF8, 0x0F, 0xFF, 0x00, 0x00, 0x07, 0xFF, 0x80, 0xFF, 0xF8, 0x00, 0x00,
  0xFF, 0xF8, 0x07, 0xFF, 0x80, 0x00, 0x0F, 0xFF, 0x00, 0x7F, 0xF8, 0x00,
  0x00, 0xFF, 0xF0, 0x07, 0xFF, 0x80, 0x00, 0x0F, 0xFF, 0x00, 0x7F, 0xFC,
  0x00, 0x00, 0xFF, 0xF0, 0x03, 0xFF, 0xC0, 0x00, 0x1F, 0xFE, 0x00, 0x3F,
  0xFC, 0x00, 0x01, 0xFF, 0xE0, 0x03, 0xFF, 0xC0, 0x00, 0x1F, 0xFE, 0x00,
  0x3F, 0xFE, 0x00, 0x01, 0xFF, 0xE0, 0x01, 0xFF, 0xE0, 0x00, 0x3F, 0xFC,
  0x00, 0x1F, 0xFE, 0x00, 0x03, 0xFF, 0xC0, 0x01, 0xFF, 0xE0, 0x00, 0x3F,
  0xFC, 0x00, 0x1F, 0xFE, 0x00, 0x03, 0xFF, 0xC0, 0x00, 0xFF, 0xF0, 0x00,
  0x3F, 0xF8, 0x00, 0x0F, 0xFF, 0x00, 0x07, 0xFF, 0x80, 0x00, 0xFF, 0xF0,
  0x00, 0x7F, 0xF8, 0x00, 0x0F, 0xFF, 0x00, 0x07, 0xFF, 0x80, 0x00, 0x7F,
  0xF8, 0x00, 0x7F, 0xF0, 0x00, 0x07, 0xFF, 0x80, 0x0F, 0xFF, 0x00, 0x00,
  0x7F, 0xF8, 0x00, 0xFF, 0xF0, 0x00, 0x07, 0xFF, 0x80, 0x0F, 0xFF, 0x00,
  0x00, 0x3F, 0xFC, 0x00, 0xFF, 0xE0, 0x00, 0x03, 0xFF, 0xC0, 0x0F, 0xFE,
  0x00, 0x00, 0x3F, 0xFC, 0x01, 0xFF, 0xE0, 0x00, 0x03, 0xFF, 0xC0, 0x1F,
  0xFC, 0x00, 0x00, 0x1F, 0xFC, 0x01, 0xFF, 0xC0, 0x00, 0x01, 0xFF, 0xE0,
  0x1F, 0xFC, 0x00, 0x00, 0x1F, 0xFE, 0x03, 0xFF, 0xC0, 0x00, 0x01, 0xFF,
  0xE0, 0x3F, 0xF8, 0x00, 0x00, 0x0F, 0xFE, 0x03, 0xFF, 0x80, 0x00, 0x00,
  0xFF, 0xF0, 0x3F, 0xF8, 0x00, 0x00, 0x0F, 0xFF, 0x03, 0xFF, 0x80, 0x00,
  0x00, 0xFF, 0xF0, 0x7F, 0xF0, 0x00, 0x00, 0x07, 0xFF, 0x07, 0xFF, 0x00,
  0x00, 0x00, 0x7F, 0xF8, 0x7F, 0xF0, 0x00, 0x00, 0x07, 0xFF, 0x87, 0xFF,
  0x00, 0x00, 0x00, 0x7F, 0xF8, 0xFF, 0xE0, 0x00, 0x00, 0x03, 0xFF, 0x8F,
  0xFE, 0x00, 0x00, 0x00, 0x3F, 0xF8, 0xFF, 0xE0, 0x00, 0x00, 0x03, 0xFF,
  0xCF, 0xFE, 0x00, 0x00, 0x00, 0x3F, 0xFC, 0xFF, 0xC0, 0x00, 0x00, 0x01,
  0xFF, 0xDF, 0xFC, 0x00, 0x00, 0x00, 0x1F, 0xFD, 0xFF, 0xC0, 0x00, 0x00,
  0x01, 0xFF, 0xDF, 0xFC, 0x00, 0x00, 0x00, 0x1F, 0xFD, 0xFF, 0x80, 0x00,
  0x00, 0x00, 0xFF, 0xFF, 0xF8, 0x00, 0x00, 0x00, 0x0F, 0xFF, 0xFF, 0x80,
  0x00, 0x00, 0x00, 0xFF, 0xFF, 0xF8, 0x00, 0x00, 0x00, 0x0F, 0xFF, 0xFF,
  0x00, 0x00, 0x00, 0x00, 0x7F, 0xFF, 0xF0, 0x00, 0x00, 0x00, 0x07, 0xFF,
  0xFF, 0x00, 0x00, 0x00, 0x00, 0x7F, 0xFF, 0xF0, 0x00, 0x00, 0x00, 0x07,
  0xFF, 0xFE, 0x00, 0x00, 0x00, 0x00, 0x3F, 0xFF, 0xE0, 0x00, 0x00, 0x00,
  0x03, 0xFF, 0xFE, 0x00, 0x00, 0x00, 0x00, 0x3F, 0xFF, 0xE0, 0x00, 0x00,
  0x00, 0x03, 0xFF, 0xFC, 0x00, 0x00, 0xFF, 0xE0, 0x01, 0xFF, 0xC0, 0x03,
  0xFF, 0x7F, 0xE0, 0x01, 0xFF, 0xC0, 0x03, 0xFF, 0x7F, 0xE0, 0x01, 0xFF,
  0xC0, 0x03, 0xFF, 0x7F, 0xE0, 0x01, 0xFF, 0xC0, 0x03, 0xFF, 0x7F, 0xE0,
  0x01, 0xFF, 0xC0, 0x03, 0xFF, 0x7F, 0xE0, 0x01, 0xFF, 0xC0, 0x03, 0xFF,
  0x7F, 0xE0, 0x03, 0xFF, 0xE0, 0x03, 0xFF, 0x7F, 0xE0, 0x03, 0xFF, 0xE0,
  0x03, 0xFF, 0x7F, 0xE0, 0x03, 0xF7, 0xE0, 0x03, 0xFF, 0x7F, 0xE0, 0x03,
  0xF7, 0xE0, 0x07, 0xFE, 0x7F, 0xF0, 0x03, 0xF7, 0xE0, 0x07, 0xFE, 0x3F,
  0xF0, 0x03, 0xF7, 0xE0, 0x07, 0xFE, 0x3F, 0xF0, 0x03, 0xF7, 0xE0, 0x07,
  0xFE, 0x3F, 0xF0, 0x03, 0xF7, 0xE0, 0x07, 0xFE, 0x3F, 0xF0, 0x07, 0xF7,
  0xE0, 0x07, 0xFE, 0x3F, 0xF0, 0x07, 0xF7, 0xF0, 0x07, 0xFE, 0x3F, 0xF0,
  0x07, 0xF7, 0xF0, 0x07, 0xFE, 0x3F, 0xF0, 0x07, 0xF7, 0xF0, 0x07, 0xFE,
  0x3F, 0xF0, 0x07, 0xF7, 0xF0, 0x07, 0xFC, 0x3F, 0xF0, 0x07, 0xF7, 0xF0,
  0x07, 0xFC, 0x3F, 0xF0, 0x07, 0xF7, 0xF0, 0x07, 0xFC, 0x1F, 0xF0, 0x07,
  0xE3, 0xF0, 0x0F, 0xFC, 0x1F, 0xF8, 0x0F, 0xE3, 0xF0, 0x0F, 0xFC, 0x1F,
  0xF8, 0x0F, 0xE3, 0xF8, 0x0F, 0xFC, 0x1F, 0xF8, 0x0F, 0xE3, 0xF8, 0x0F,
  0xFC, 0x1F, 0xF8, 0x0F, 0xE3, 0xF8, 0x0F, 0xFC, 0x1F, 0xF8, 0x0F, 0xE3,
  0xF8, 0x0F, 0xFC, 0x1F, 0xF8, 0x0F, 0xE3, 0xF8, 0x0F, 0xF8, 0x1F, 0xF8,
  0x0F, 0xE3, 0xF8, 0x0F, 0xF8, 0x1F, 0xF8, 0x0F, 0xE3, 0xF8, 0x0F, 0xF8,
  0x0F, 0xF8, 0x1F, 0xC1, 0xF8, 0x0F, 0xF8, 0x0F, 0xF8, 0x1F, 0xC1, 0xF8,
  0x0F, 0xF8, 0x0F, 0xF8, 0x1F, 0xC1, 0xFC, 0x1F, 0xF8, 0x0F, 0xFC, 0x1F,
  0xC1, 0xFC, 0x1F, 0xF8, 0x0F, 0xFC, 0x1F, 0xC1, 0xFC, 0x1F, 0xF8, 0x0F,
  0xFC, 0x1F, 0xC1, 0xFC, 0x1F, 0xF8, 0x0F, 0xFC, 0x1F, 0xC1, 0xFC, 0x1F,
  0xF0, 0x0F, 0xFC, 0x1F, 0xC1, 0xFC, 0x1F, 0xF0, 0x0F, 0xFC, 0x3F, 0x81,
  0xFC, 0x1F, 0xF0, 0x0F, 0xFC, 0x3F, 0x80, 0xFC, 0x1F, 0xF0, 0x07, 0xFC,
  0x3F, 0x80, 0xFE, 0x1F, 0xF0, 0x07, 0xFC, 0x3F, 0x80, 0xFE, 0x1F, 0xF0,
  0x07, 0xFC, 0x3F, 0x80, 0xFE, 0x1F, 0xF0, 0x07, 0xFC, 0x3F, 0x80, 0xFE,
  0x1F, 0xF0, 0x07, 0xFE, 0x3F, 0x80, 0xFE, 0x3F, 0xF0, 0x07, 0xFE, 0x3F,
  0x80, 0xFE, 0x3F, 0xE0, 0x07, 0xFE, 0x7F, 0x00, 0xFE, 0x3F, 0xE0, 0x07,
  0xFE, 0x7F, 0x00, 0xFE, 0x3F, 0xE0, 0x07, 0xFE, 0x7F, 0x00, 0xFE, 0x3F,
  0xE0, 0x07, 0xFE, 0x7F, 0x00, 0x7F, 0x3F, 0xE0, 0x03, 0xFE, 0x7F, 0x00,
  0x7F, 0x3F, 0xE0, 0x03, 0xFE, 0x7F, 0x00, 0x7F, 0x3F, 0xE0, 0x03, 0xFE,
  0x7F, 0x00, 0x7F, 0x3F, 0xE0, 0x03, 0xFE, 0x7F, 0x00, 0x7F, 0x3F, 0xE0,
  0x03, 0xFE, 0x7F, 0x00, 0x7F, 0x3F, 0xE0, 0x03, 0xFE, 0xFE, 0x00, 0x7F,
  0x3F, 0xC0, 0x03, 0xFF, 0xFE, 0x00, 0x7F, 0x7F, 0xC0, 0x03, 0xFF, 0xFE,
  0x00, 0x7F, 0x7F, 0xC0, 0x03, 0xFF, 0xFE, 0x00, 0x3F, 0xFF, 0xC0, 0x01,
  0xFF, 0xFE, 0x00, 0x3F, 0xFF, 0xC0, 0x01, 0xFF, 0xFE, 0x00, 0x3F, 0xFF,
  0xC0, 0x01, 0xFF, 0xFE, 0x00, 0x3F, 0xFF, 0xC0, 0x01, 0xFF, 0xFE, 0x00,
  0x3F, 0xFF, 0xC0, 0x01, 0xFF, 0xFC, 0x00, 0x3F, 0xFF, 0xC0, 0x01, 0xFF,
  0xFC, 0x00, 0x3F, 0xFF, 0x80, 0x01, 0xFF, 0xFC, 0x00, 0x3F, 0xFF, 0x80,
  0x01, 0xFF, 0xFC, 0x00, 0x3F, 0xFF, 0x80, 0x01, 0xFF, 0xFC, 0x00, 0x1F,
  0xFF, 0x80, 0x01, 0xFF, 0xFC, 0x00, 0x1F, 0xFF, 0x80, 0x00, 0xFF, 0xFC,
  0x00, 0x1F, 0xFF, 0x80, 0x00, 0xFF, 0xFC, 0x00, 0x1F, 0xFF, 0x80, 0x00,
  0xFF, 0xFC, 0x00, 0x1F, 0xFF, 0x80, 0x7F, 0xFE, 0x00, 0x00, 0x03, 0xFF,
  0xF1, 0xFF, 0xF0, 0x00, 0x00, 0x1F, 0xFF, 0x0F, 0xFF, 0xC0, 0x00, 0x01,
  0xFF, 0xF8, 0x3F, 0xFE, 0x00, 0x00, 0x0F, 0xFF, 0x81, 0xFF, 0xF8, 0x00,
  0x00, 0xFF, 0xF8, 0x07, 0xFF, 0xC0, 0x00, 0x07, 0xFF, 0xC0, 0x3F, 0xFF,
  0x00, 0x00, 0x7F, 0xFC, 0x00, 0xFF, 0xF8, 0x00, 0x03, 0xFF, 0xE0, 0x07,
  0xFF, 0xE0, 0x00, 0x3F, 0xFE, 0x00, 0x1F, 0xFF, 0x00, 0x01, 0xFF, 0xF0,
  0x00, 0xFF, 0xFC, 0x00, 0x1F, 0xFF, 0x00, 0x03, 0xFF, 0xE0, 0x00, 0xFF,
  0xF8, 0x00, 0x0F, 0xFF, 0x80, 0x0F, 0xFF, 0x80, 0x00, 0x7F, 0xFC, 0x00,
  0x7F, 0xFC, 0x00, 0x01, 0xFF, 0xF0, 0x07, 0xFF, 0xC0, 0x00, 0x0F, 0xFF,
  0x80, 0x3F, 0xFE, 0x00, 0x00, 0x3F, 0xFE, 0x03, 0xFF, 0xE0, 0x00, 0x01,
  0xFF, 0xF0, 0x1F, 0xFF, 0x00, 0x00, 0x07, 0xFF, 0xC1, 0xFF, 0xF0, 0x00,
  0x00, 0x3F, 0xFE, 0x0F, 0xFF, 0x80, 0x00, 0x00, 0xFF, 0xF8, 0xFF, 0xF8,
  0x00, 0x00, 0x07, 0xFF, 0xC7, 0xFF, 0x80, 0x00, 0x00, 0x1F, 0xFF, 0x7F,
  0xFC, 0x00, 0x00, 0x00, 0xFF, 0xFB, 0xFF, 0xC0, 0x00, 0x00, 0x03, 0xFF,
  0xDF, 0xFE, 0x00, 0x00, 0x00, 0x1F, 0xFF, 0xFF, 0xE0, 0x00, 0x00, 0x00,
  0x7F, 0xFF, 0xFF, 0x00, 0x00, 0x00, 0x03, 0xFF, 0xFF, 0xF0, 0x00, 0x00,
  0x00, 0x0F, 0xFF, 0xFF, 0x80, 0x00, 0x00, 0x00, 0x7F, 0xFF, 0xF8, 0x00,
  0x00, 0x00, 0x01, 0xFF, 0xFF, 0xC0, 0x00, 0x00, 0x00, 0x07, 0xFF, 0xFC,
  0x00, 0x00, 0x00, 0x00, 0x3F, 0xFF, 0xE0, 0x00, 0x00, 0x00, 0x00, 0xFF,
  0xFE, 0x00, 0x00, 0x00, 0x00, 0x07, 0xFF, 0xF0, 0x00, 0x00, 0x00, 0x00,
  0x3F, 0xFF, 0x80, 0x00, 0x00, 0x00, 0x01, 0xFF, 0xFC, 0x00, 0x00, 0x00,
  0x00, 0x1F, 0xFF, 0xF0, 0x00, 0x00, 0x00, 0x00, 0xFF, 0xFF, 0x80, 0x00,
  0x00, 0x00, 0x0F, 0xFF, 0xFE, 0x00, 0x00, 0x00, 0x00, 0x7F, 0xFF, 0xF0,
  0x00, 0x00, 0x00, 0x07, 0xFF, 0xFF, 0xC0, 0x00, 0x00, 0x00, 0x3F, 0xFF,
  0xFE, 0x00, 0x00, 0x00, 0x03, 0xFF, 0xFF, 0xF8, 0x00, 0x00, 0x00, 0x1F,
  0xFF, 0xFF, 0xC0, 0x00, 0x00, 0x01, 0xFF, 0xFF, 0xFF, 0x00, 0x00, 0x00,
  0x1F, 0xFF, 0x7F, 0xF8, 0x00, 0x00, 0x00, 0xFF, 0xF3, 0xFF, 0xE0, 0x00,
  0x00, 0x0F, 0xFF, 0x9F, 0xFF, 0x80, 0x00, 0x00, 0x7F, 0xFC, 0x7F, 0xFC,
  0x00, 0x00, 0x07, 0xFF, 0xC3, 0xFF, 0xF0, 0x00, 0x00, 0x3F, 0xFE, 0x0F,
  0xFF, 0x80, 0x00, 0x03, 0xFF, 0xE0, 0x7F, 0xFE, 0x00, 0x00, 0x1F, 0xFF,
  0x01, 0xFF, 0xF0, 0x00, 0x01, 0xFF, 0xF0, 0x0F, 0xFF, 0xC0, 0x00, 0x0F,
  0xFF, 0x80, 0x3F, 0xFE, 0x00, 0x00, 0xFF, 0xF8, 0x01, 0xFF, 0xF8, 0x00,
  0x07, 0xFF, 0xC0, 0x07, 0xFF, 0xC0, 0x00, 0x7F, 0xFC, 0x00, 0x3F, 0xFF,
  0x00, 0x07, 0xFF, 0xE0, 0x00, 0xFF, 0xF8, 0x00, 0x3F, 0xFE, 0x00, 0x07,
  0xFF, 0xE0, 0x03, 0xFF, 0xE0, 0x00, 0x1F, 0xFF, 0x00, 0x1F, 0xFF, 0x00,
  0x00, 0xFF, 0xFC, 0x01, 0xFF, 0xF0, 0x00, 0x03, 0xFF, 0xF0, 0x0F, 0xFF,
  0x80, 0x00, 0x0F, 0xFF, 0x80, 0xFF, 0xF8, 0x00, 0x00, 0x7F, 0xFE, 0x07,
  0xFF, 0xC0, 0x00, 0x01, 0xFF, 0xF0, 0x7F, 0xFC, 0x00, 0x00, 0x0F, 0xFF,
  0xC3, 0xFF, 0xE0, 0x00, 0x00, 0x3F, 0xFE, 0x3F, 0xFE, 0x00, 0x00, 0x01,
  0xFF, 0xF9, 0xFF, 0xF0, 0x00, 0x00, 0x07, 0xFF, 0xDF, 0xFF, 0x00, 0x00,
  0x00, 0x3F, 0xFF, 0xFF, 0xF8, 0x00, 0x00, 0x00, 0x3F, 0xFE, 0xFF, 0xF8,
  0x00, 0x00, 0x00, 0xFF, 0xF9, 0xFF, 0xF0, 0x00, 0x00, 0x01, 0xFF, 0xE1,
  0xFF, 0xF0, 0x00, 0x00, 0x07, 0xFF, 0xC3, 0xFF, 0xE0, 0x00, 0x00, 0x0F,
  0xFF, 0x83, 0xFF, 0xE0, 0x00, 0x00, 0x3F, 0xFE, 0x07, 0xFF, 0xC0, 0x00,
  0x00, 0x7F, 0xFC, 0x07, 0xFF, 0xC0, 0x00, 0x00, 0xFF, 0xF0, 0x0F, 0xFF,
  0x80, 0x00, 0x03, 0xFF, 0xE0, 0x0F, 0xFF, 0x00, 0x00, 0x07, 0xFF, 0x80,
  0x1F, 0xFF, 0x00, 0x00, 0x1F, 0xFF, 0x00, 0x3F, 0xFE, 0x00, 0x00, 0x3F,
  0xFC, 0x00, 0x3F, 0xFE, 0x00, 0x00, 0xFF, 0xF8, 0x00, 0x7F, 0xFC, 0x00,
  0x01, 0xFF, 0xE0, 0x00, 0x7F, 0xFC, 0x00, 0x07, 0xFF, 0xC0, 0x00, 0xFF,
  0xF8, 0x00, 0x0F, 0xFF, 0x00, 0x00, 0xFF, 0xF0, 0x00, 0x1F, 0xFE, 0x00,
  0x01, 0xFF, 0xF0, 0x00, 0x7F, 0xFC, 0x00, 0x01, 0xFF, 0xE0, 0x00, 0xFF,
  0xF0, 0x00, 0x03, 0xFF, 0xE0, 0x03, 0xFF, 0xE0, 0x00, 0x03, 0xFF, 0xC0,
  0x07, 0xFF, 0x80, 0x00, 0x07, 0xFF, 0xC0, 0x1F, 0xFF, 0x00, 0x00, 0x07,
  0xFF, 0x80, 0x3F, 0xFC, 0x00, 0x00, 0x0F, 0xFF, 0x80, 0x7F, 0xF8, 0x00,
  0x00, 0x1F, 0xFF, 0x01, 0xFF, 0xE0, 0x00, 0x00, 0x1F, 0xFE, 0x03, 0xFF,
  0xC0, 0x00, 0x00, 0x3F, 0xFE, 0x0F, 0xFF, 0x00, 0x00, 0x00, 0x3F, 0xFC,
  0x1F, 0xFE, 0x00, 0x00, 0x00, 0x7F, 0xFC, 0x3F, 0xFC, 0x00, 0x00, 0x00,
  0x7F, 0xF8, 0xFF, 0xF0, 0x00, 0x00, 0x00, 0xFF, 0xF1, 0xFF, 0xE0, 0x00,
  0x00, 0x00, 0xFF, 0xF3, 0xFF, 0x80, 0x00, 0x00, 0x01, 0xFF, 0xEF, 0xFF,
  0x00, 0x00, 0x00, 0x01, 0xFF, 0xDF, 0xFC, 0x00, 0x00, 0x00, 0x03, 0xFF,
  0xBF, 0xF8, 0x00, 0x00, 0x00, 0x07, 0xFF, 0xFF, 0xE0, 0x00, 0x00, 0x00,
  0x07, 0xFF, 0xFF, 0xC0, 0x00, 0x00, 0x00, 0x0F, 0xFF, 0xFF, 0x00, 0x00,
  0x00, 0x00, 0x0F, 0xFF, 0xFE, 0x00, 0x00, 0x00, 0x00, 0x1F, 0xFF, 0xFC,
  0x00, 0x00, 0x00, 0x00, 0x1F, 0xFF, 0xF0, 0x00, 0x00, 0x00, 0x00, 0x3F,
  0xFF, 0xE0, 0x00, 0x00, 0x00, 0x00, 0x3F, 0xFF, 0x80, 0x00, 0x00, 0x00,
  0x00, 0x7F, 0xFF, 0x00, 0x00, 0x00, 0x00, 0x00, 0x7F, 0xFC, 0x00, 0x00,
  0x00, 0x00, 0x00, 0xFF, 0xF8, 0x00, 0x00, 0x00, 0x00, 0x01, 0xFF, 0xF0,
  0x00, 0x00, 0x00, 0x00, 0x03, 0xFF, 0xE0, 0x00, 0x00, 0x00, 0x00, 0x07,
  0xFF, 0xC0, 0x00, 0x00, 0x00, 0x00, 0x0F, 0xFF, 0x80, 0x00, 0x00, 0x00,
  0x00, 0x1F, 0xFF, 0x00, 0x00, 0x00, 0x00, 0x00, 0x3F, 0xFE, 0x00, 0x00,
  0x00, 0x00, 0x00, 0x7F, 0xFC, 0x00, 0x00, 0x00, 0x00, 0x00, 0xFF, 0xF8,
  0x00, 0x00, 0x00, 0x00, 0x01, 0xFF, 0xF0, 0x00, 0x00, 0x00, 0x00, 0x03,
  0xFF, 0xE0, 0x00, 0x00, 0x00, 0x00, 0x07, 0xFF, 0xC0, 0x00, 0x00, 0x00,
  0x00, 0x0F, 0xFF, 0x80, 0x00, 0x00, 0x00, 0x00, 0x1F, 0xFF, 0x00, 0x00,
  0x00, 0x00, 0x00, 0x3F, 0xFE, 0x00, 0x00, 0x00, 0x00, 0x00, 0x7F, 0xFC,
  0x00, 0x00, 0x00, 0x00, 0x00, 0xFF, 0xF8, 0x00, 0x00, 0x00, 0x00, 0x01,
  0xFF, 0xF0, 0x00, 0x00, 0x00, 0x00, 0x03, 0xFF, 0xE0, 0x00, 0x00, 0x00,
  0x00, 0x07, 0xFF, 0xC0, 0x00, 0x00, 0x00, 0x00, 0x0F, 0xFF, 0x80, 0x00,
  0x00, 0x00, 0x00, 0x1F, 0xFF, 0x00, 0x00, 0x00, 0x00, 0x00, 0x3F, 0xFE,
  0x00, 0x00, 0x00, 0x00, 0x00, 0x7F, 0xFC, 0x00, 0x00, 0x00, 0x00, 0x00,
  0xFF, 0xF8, 0x00, 0x00, 0x00, 0x00, 0x01, 0xFF, 0xF0, 0x00, 0x00, 0x00,
  0x00, 0x03, 0xFF, 0xE0, 0x00, 0x00, 0xFF, 0xFF, 0xFF, 0xFF, 0xFF, 0xDF,
  0xFF, 0xFF, 0xFF, 0xFF, 0xFB, 0xFF, 0xFF, 0xFF, 0xFF, 0xFF, 0x7F, 0xFF,
  0xFF, 0xFF, 0xFF, 0xEF, 0xFF, 0xFF, 0xFF, 0xFF, 0xFD, 0xFF, 0xFF, 0xFF,
  0xFF, 0xFF, 0xBF, 0xFF, 0xFF, 0xFF, 0xFF, 0xF7, 0xFF, 0xFF, 0xFF, 0xFF,
  0xFE, 0xFF, 0xFF, 0xFF, 0xFF, 0xFF, 0xDF, 0xFF, 0xFF, 0xFF, 0xFF, 0xFB,
  0xFF, 0xFF, 0xFF, 0xFF, 0xFF, 0x00, 0x00, 0x00, 0x07, 0xFF, 0xE0, 0x00,
  0x00, 0x01, 0xFF, 0xF8, 0x00, 0x00, 0x00, 0x3F, 0xFF, 0x00, 0x00, 0x00,
  0x0F, 0xFF, 0xC0, 0x00, 0x00, 0x01, 0xFF, 0xF8, 0x00, 0x00, 0x00, 0x7F,
  0xFE, 0x00, 0x00, 0x00, 0x0F, 0xFF, 0x80, 0x00, 0x00, 0x03, 0xFF, 0xF0,
  0x00, 0x00, 0x00, 0xFF, 0xFC, 0x00, 0x00, 0x00, 0x1F, 0xFF, 0x80, 0x00,
  0x00, 0x07, 0xFF, 0xE0, 0x00, 0x00, 0x00, 0xFF, 0xFC, 0x00, 0x00, 0x00,
  0x3F, 0xFF, 0x00, 0x00, 0x00, 0x07, 0xFF, 0xC0, 0x00, 0x00, 0x01, 0xFF,
  0xF8, 0x00, 0x00, 0x00, 0x7F, 0xFE, 0x00, 0x00, 0x00, 0x0F, 0xFF, 0xC0,
  0x00, 0x00, 0x03, 0xFF, 0xF0, 0x00, 0x00, 0x00, 0x7F, 0xFE, 0x00, 0x00,
  0x00, 0x1F, 0xFF, 0x80, 0x00, 0x00, 0x03, 0xFF, 0xE0, 0x00, 0x00, 0x00,
  0xFF, 0xFC, 0x00, 0x00, 0x00, 0x3F, 0xFF, 0x00, 0x00, 0x00, 0x07, 0xFF,
  0xE0, 0x00, 0x00, 0x01, 0xFF, 0xF8, 0x00, 0x00, 0x00, 0x3F, 0xFE, 0x00,
  0x00, 0x00, 0x0F, 0xFF, 0xC0, 0x00, 0x00, 0x01, 0xFF, 0xF0, 0x00, 0x00,
  0x00, 0x7F, 0xFE, 0x00, 0x00, 0x00, 0x1F, 0xFF, 0x80, 0x00, 0x00, 0x03,
  0xFF, 0xF0, 0x00, 0x00, 0x00, 0xFF, 0xFC, 0x00, 0x00, 0x00, 0x1F, 0xFF,
  0x00, 0x00, 0x00, 0x07, 0xFF, 0xE0, 0x00, 0x00, 0x00, 0xFF, 0xF8, 0x00,
  0x00, 0x00, 0x3F, 0xFF, 0x00, 0x00, 0x00, 0x0F, 0xFF, 0xC0, 0x00, 0x00,
  0x01, 0xFF, 0xF8, 0x00, 0x00, 0x00, 0x7F, 0xFE, 0x00, 0x00, 0x00, 0x0F,
  0xFF, 0x80, 0x00, 0x00, 0x03, 0xFF, 0xF0, 0x00, 0x00, 0x00, 0x7F, 0xFC,
  0x00, 0x00, 0x00, 0x1F, 0xFF, 0x80, 0x00, 0x00, 0x07, 0xFF, 0xE0, 0x00,
  0x00, 0x00, 0xFF, 0xFC, 0x00, 0x00, 0x00, 0x3F, 0xFF, 0x00, 0x00, 0x00,
  0x07, 0xFF, 0xC0, 0x00, 0x00, 0x01, 0xFF, 0xF8, 0x00, 0x00, 0x00, 0x3F,
  0xFE, 0x00, 0x00, 0x00, 0x0F, 0xFF, 0xC0, 0x00, 0x00, 0x01, 0xFF, 0xFF,
  0xFF, 0xFF, 0xFF, 0xFF, 0xFF, 0xFF, 0xFF, 0xFF, 0xFF, 0xFF, 0xFF, 0xFF,
  0xFF, 0xFF, 0xFF, 0xFF, 0xFF, 0xFF, 0xFF, 0xFF, 0xFF, 0xFF, 0xFF, 0xFF,
  0xFF, 0xFF, 0xFF, 0xFF, 0xFF, 0xFF, 0xFF, 0xFF, 0xFF, 0xFF, 0xFF, 0xFF,
  0xFF, 0xFF, 0xFF, 0xFF, 0xFF, 0xFF, 0xFF, 0xFF, 0xFF, 0xFF, 0xFF, 0xFF,
  0xFF, 0xFF, 0xFF, 0xFF, 0xFF, 0xFF, 0xFF, 0xFF, 0xFF, 0xFF, 0xFF, 0xFF,
  0xFF, 0xFF, 0xFF, 0xFF, 0xFF, 0xFF, 0xFF, 0xFF, 0xFF, 0xFF, 0xFF, 0xFF,
  0xFF, 0xFF, 0xFF, 0xFF, 0xFF, 0xFF, 0xFF, 0xFF, 0xFF, 0xFF, 0xFF, 0xFF,
  0xFF, 0xFF, 0xFF, 0xFF, 0xFF, 0xFF, 0xFF, 0xFF, 0xFF, 0xFF, 0xFF, 0xFF,
  0xFF, 0x00, 0x00, 0xFF, 0xF0, 0x00, 0x0F, 0xFF, 0x00, 0x00, 0xFF, 0xF0,
  0x00, 0x0F, 0xFF, 0x00, 0x00, 0xFF, 0xF0, 0x00, 0x0F, 0xFF, 0x00, 0x00,
  0xFF, 0xF0, 0x00, 0x0F, 0xFF, 0x00, 0x00, 0xFF, 0xF0, 0x00, 0x0F, 0xFF,
  0x00, 0x00, 0xFF, 0xF0, 0x00, 0x0F, 0xFF, 0x00, 0x00, 0xFF, 0xF0, 0x00,
  0x0F, 0xFF, 0x00, 0x00, 0xFF, 0xF0, 0x00, 0x0F, 0xFF, 0x00, 0x00, 0xFF,
  0xF0, 0x00, 0x0F, 0xFF, 0x00, 0x00, 0xFF, 0xF0, 0x00, 0x0F, 0xFF, 0x00,
  0x00, 0xFF, 0xF0, 0x00, 0x0F, 0xFF, 0x00, 0x00, 0xFF, 0xF0, 0x00, 0x0F,
  0xFF, 0x00, 0x00, 0xFF, 0xF0, 0x00, 0x0F, 0xFF, 0x00, 0x00, 0xFF, 0xF0,
  0x00, 0x0F, 0xFF, 0x00, 0x00, 0xFF, 0xF0, 0x00, 0x0F, 0xFF, 0x00, 0x00,
  0xFF, 0xF0, 0x00, 0x0F, 0xFF, 0x00, 0x00, 0xFF, 0xF0, 0x00, 0x0F, 0xFF,
  0x00, 0x00, 0xFF, 0xF0, 0x00, 0x0F, 0xFF, 0x00, 0x00, 0xFF, 0xF0, 0x00,
  0x0F, 0xFF, 0x00, 0x00, 0xFF, 0xF0, 0x00, 0x0F, 0xFF, 0x00, 0x00, 0xFF,
  0xF0, 0x00, 0x0F, 0xFF, 0x00, 0x00, 0xFF, 0xF0, 0x00, 0x0F, 0xFF, 0x00,
  0x00, 0xFF, 0xF0, 0x00, 0x0F, 0xFF, 0x00, 0x00, 0xFF, 0xF0, 0x00, 0x0F,
  0xFF, 0x00, 0x00, 0xFF, 0xF0, 0x00, 0x0F, 0xFF, 0x00, 0x00, 0xFF, 0xF0,
  0x00, 0x0F, 0xFF, 0x00, 0x00, 0xFF, 0xF0, 0x00, 0x0F, 0xFF, 0x00, 0x00,
  0xFF, 0xF0, 0x00, 0x0F, 0xFF, 0x00, 0x00, 0xFF, 0xF0, 0x00, 0x0F, 0xFF,
  0x00, 0x00, 0xFF, 0xF0, 0x00, 0x0F, 0xFF, 0x00, 0x00, 0xFF, 0xF0, 0x00,
  0x0F, 0xFF, 0x00, 0x00, 0xFF, 0xF0, 0x00, 0x0F, 0xFF, 0x00, 0x00, 0xFF,
  0xF0, 0x00, 0x0F, 0xFF, 0x00, 0x00, 0xFF, 0xF0, 0x00, 0x0F, 0xFF, 0x00,
  0x00, 0xFF, 0xF0, 0x00, 0x0F, 0xFF, 0xFF, 0xFF, 0xFF, 0xFF, 0xFF, 0xFF,
  0xFF, 0xFF, 0xFF, 0xFF, 0xFF, 0xFF, 0xFF, 0xFF, 0xFF, 0xFF, 0xFF, 0xFF,
  0xFF, 0xFF, 0xFF, 0xFF, 0xFF, 0xFF, 0xFF, 0xFF, 0xFF, 0xFF, 0xFF, 0xFF,
  0xFF, 0xFF, 0xFF, 0xFF, 0xFF, 0xFF, 0xFF, 0xFF, 0xF8, 0x00, 0x00, 0x00,
  0x01, 0xFF, 0xF0, 0x00, 0x00, 0x00, 0x01, 0xFF, 0xE0, 0x00, 0x00, 0x00,
  0x03, 0xFF, 0xE0, 0x00, 0x00, 0x00, 0x07, 0xFF, 0xC0, 0x00, 0x00, 0x00,
  0x07, 0xFF, 0x80, 0x00, 0x00, 0x00, 0x0F, 0xFF, 0x80, 0x00, 0x00, 0x00,
  0x1F, 0xFF, 0x00, 0x00, 0x00, 0x00, 0x1F, 0xFF, 0x00, 0x00, 0x00, 0x00,
  0x3F, 0xFE, 0x00, 0x00, 0x00, 0x00, 0x3F, 0xFC, 0x00, 0x00, 0x00, 0x00,
  0x7F, 0xFC, 0x00, 0x00, 0x00, 0x00, 0xFF, 0xF8, 0x00, 0x00, 0x00, 0x00,
  0xFF, 0xF0, 0x00, 0x00, 0x00, 0x01, 0xFF, 0xF0, 0x00, 0x00, 0x00, 0x03,
  0xFF, 0xE0, 0x00, 0x00, 0x00, 0x03, 0xFF, 0xE0, 0x00, 0x00, 0x00, 0x07,
  0xFF, 0xC0, 0x00, 0x00, 0x00, 0x07, 0xFF, 0x80, 0x00, 0x00, 0x00, 0x0F,
  0xFF, 0x80, 0x00, 0x00, 0x00, 0x1F, 0xFF, 0x00, 0x00, 0x00, 0x00, 0x1F,
  0xFE, 0x00, 0x00, 0x00, 0x00, 0x3F, 0xFE, 0x00, 0x00, 0x00, 0x00, 0x7F,
  0xFC, 0x00, 0x00, 0x00, 0x00, 0x7F, 0xFC, 0x00, 0x00, 0x00, 0x00, 0xFF,
  0xF8, 0x00, 0x00, 0x00, 0x01, 0xFF, 0xF0, 0x00, 0x00, 0x00, 0x01, 0xFF,
  0xF0, 0x00, 0x00, 0x00, 0x03, 0xFF, 0xE0, 0x00, 0x00, 0x00, 0x03, 0xFF,
  0xC0, 0x00, 0x00, 0x00, 0x07, 0xFF, 0xC0, 0x00, 0x00, 0x00, 0x0F, 0xFF,
  0x80, 0x00, 0x00, 0x00, 0x0F, 0xFF, 0x00, 0x00, 0x00, 0x00, 0x1F, 0xFF,
  0x00, 0x00, 0x00, 0x00, 0x3F, 0xFE, 0x00, 0x00, 0x00, 0x00, 0x3F, 0xFE,
  0x00, 0x00, 0x00, 0x00, 0x7F, 0xFC, 0x00, 0x00, 0x00, 0x00, 0x7F, 0xF8,
  0x00, 0x00, 0x00, 0x00, 0xFF, 0xF8, 0x00, 0x00, 0x00, 0x01, 0xFF, 0xF0,
  0x00, 0x00, 0x00, 0x01, 0xFF, 0xE0, 0x00, 0x00, 0x00, 0x03, 0xFF, 0xE0,
  0x00, 0x00, 0x00, 0x07, 0xFF, 0xC0, 0x00, 0x00, 0x00, 0x07, 0xFF, 0xC0,
  0x00, 0x00, 0x00, 0x0F, 0xFF, 0x80, 0x00, 0x00, 0x00, 0x0F, 0xFF, 0x00,
  0x00, 0x00, 0x00, 0x1F, 0xFF, 0x00, 0x00, 0x00, 0x00, 0x3F, 0xFE, 0x00,
  0x00, 0x00, 0x00, 0x3F, 0xFC, 0x00, 0x00, 0x00, 0x00, 0x7F, 0xFC, 0x00,
  0x00, 0x00, 0x00, 0xFF, 0xF8, 0x00, 0x00, 0x00, 0x00, 0xFF, 0xF0, 0x00,
  0x00, 0x00, 0x01, 0xFF, 0xF0, 0x00, 0x00, 0x00, 0x03, 0xFF, 0xE0, 0x00,
  0x00, 0x00, 0x03, 0xFF, 0xE0, 0x00, 0x00, 0x00, 0x07, 0xFF, 0xC0, 0x00,
  0x00, 0x00, 0x07, 0xFF, 0x80, 0x00, 0x00, 0x00, 0x0F, 0xFF, 0x80, 0x00,
  0x00, 0x00, 0x1F, 0xFF, 0x00, 0x00, 0x00, 0x00, 0x1F, 0xFE, 0x00, 0x00,
  0x00, 0x00, 0x3F, 0xFE, 0x00, 0x00, 0x00, 0x00, 0x7F, 0xFC, 0x00, 0x00,
  0x00, 0x00, 0x7F, 0xFC, 0x00, 0x00, 0x00, 0x00, 0xFF, 0xF8, 0x00, 0x00,
  0x00, 0x00, 0xFF, 0xF0, 0x00, 0x00, 0x00, 0x01, 0xFF, 0xF0, 0x00, 0x00,
  0x00, 0x03, 0xFF, 0xE0, 0x00, 0x00, 0x00, 0x03, 0xFF, 0xC0, 0x00, 0x00,
  0x00, 0x07, 0xFF, 0xC0, 0x00, 0x00, 0x00, 0x0F, 0xFF, 0x80, 0x00, 0x00,
  0x00, 0x0F, 0xFF, 0x80, 0x00, 0x00, 0x00, 0x1F, 0xFF, 0x00, 0x00, 0x00,
  0x00, 0x3F, 0xFE, 0x00, 0x00, 0x00, 0x00, 0x3F, 0xFE, 0x00, 0x00, 0x00,
  0x00, 0x7F, 0xFC, 0x00, 0x00, 0x00, 0x00, 0x7F, 0xF8, 0x00, 0x00, 0x00,
  0x00, 0xFF, 0xF8, 0x00, 0x00, 0x00, 0x01, 0xFF, 0xF0, 0x00, 0x00, 0x00,
  0x01, 0xFF, 0xE0, 0x00, 0x00, 0x00, 0x03, 0xFF, 0xE0, 0x00, 0x00, 0x00,
  0x07, 0xFF, 0xC0, 0x00, 0x00, 0x00, 0x07, 0xFF, 0xC0, 0x00, 0x00, 0x00,
  0x0F, 0xFF, 0x80, 0x00, 0x00, 0x00, 0x0F, 0xFF, 0x00, 0x00, 0x00, 0x00,
  0x1F, 0xFF, 0x00, 0x00, 0x00, 0x00, 0x3F, 0xFE, 0x00, 0x00, 0x00, 0x00,
  0x3F, 0xFC, 0x00, 0x00, 0x00, 0x00, 0x7F, 0xFC, 0x00, 0x00, 0x00, 0x00,
  0xFF, 0xF8, 0x00, 0x00, 0x00, 0x00, 0xFF, 0xF8, 0x00, 0x00, 0x00, 0x01,
  0xFF, 0xF0, 0x00, 0x00, 0x00, 0x01, 0xFF, 0xE0, 0x00, 0x00, 0x00, 0x03,
  0xFF, 0xE0, 0xFF, 0xFF, 0xFF, 0xFF, 0xFF, 0xFF, 0xFF, 0xFF, 0xFF, 0xFF,
  0xFF, 0xFF, 0xFF, 0xFF, 0xFF, 0xFF, 0xFF, 0xFF, 0xFF, 0xFF, 0xFF, 0xFF,
  0xFF, 0xFF, 0xFF, 0xFF, 0xFF, 0xFF, 0xFF, 0xFF, 0xFF, 0xFF, 0xFF, 0xFF,
  0xFF, 0xFF, 0xFF, 0xFF, 0xF0, 0x00, 0x1F, 0xFF, 0x00, 0x01, 0xFF, 0xF0,
  0x00, 0x1F, 0xFF, 0x00, 0x01, 0xFF, 0xF0, 0x00, 0x1F, 0xFF, 0x00, 0x01,
  0xFF, 0xF0, 0x00, 0x1F, 0xFF, 0x00, 0x01, 0xFF, 0xF0, 0x00, 0x1F, 0xFF,
  0x00, 0x01, 0xFF, 0xF0, 0x00, 0x1F, 0xFF, 0x00, 0x01, 0xFF, 0xF0, 0x00,
  0x1F, 0xFF, 0x00, 0x01, 0xFF, 0xF0, 0x00, 0x1F, 0xFF, 0x00, 0x01, 0xFF,
  0xF0, 0x00, 0x1F, 0xFF, 0x00, 0x01, 0xFF, 0xF0, 0x00, 0x1F, 0xFF, 0x00,
  0x01, 0xFF, 0xF0, 0x00, 0x1F, 0xFF, 0x00, 0x01, 0xFF, 0xF0, 0x00, 0x1F,
  0xFF, 0x00, 0x01, 0xFF, 0xF0, 0x00, 0x1F, 0xFF, 0x00, 0x01, 0xFF, 0xF0,
  0x00, 0x1F, 0xFF, 0x00, 0x01, 0xFF, 0xF0, 0x00, 0x1F, 0xFF, 0x00, 0x01,
  0xFF, 0xF0, 0x00, 0x1F, 0xFF, 0x00, 0x01, 0xFF, 0xF0, 0x00, 0x1F, 0xFF,
  0x00, 0x01, 0xFF, 0xF0, 0x00, 0x1F, 0xFF, 0x00, 0x01, 0xFF, 0xF0, 0x00,
  0x1F, 0xFF, 0x00, 0x01, 0xFF, 0xF0, 0x00, 0x1F, 0xFF, 0x00, 0x01, 0xFF,
  0xF0, 0x00, 0x1F, 0xFF, 0x00, 0x01, 0xFF, 0xF0, 0x00, 0x1F, 0xFF, 0x00,
  0x01, 0xFF, 0xF0, 0x00, 0x1F, 0xFF, 0x00, 0x01, 0xFF, 0xF0, 0x00, 0x1F,
  0xFF, 0x00, 0x01, 0xFF, 0xF0, 0x00, 0x1F, 0xFF, 0x00, 0x01, 0xFF, 0xF0,
  0x00, 0x1F, 0xFF, 0x00, 0x01, 0xFF, 0xF0, 0x00, 0x1F, 0xFF, 0x00, 0x01,
  0xFF, 0xF0, 0x00, 0x1F, 0xFF, 0x00, 0x01, 0xFF, 0xF0, 0x00, 0x1F, 0xFF,
  0x00, 0x01, 0xFF, 0xF0, 0x00, 0x1F, 0xFF, 0x00, 0x01, 0xFF, 0xF0, 0x00,
  0x1F, 0xFF, 0x00, 0x01, 0xFF, 0xF0, 0x00, 0x1F, 0xFF, 0x00, 0x01, 0xFF,
  0xF0, 0x00, 0x1F, 0xFF, 0x00, 0x01, 0xFF, 0xF0, 0x00, 0x1F, 0xFF, 0x00,
  0x01, 0xFF, 0xF0, 0x00, 0x1F, 0xFF, 0x00, 0x01, 0xFF, 0xFF, 0xFF, 0xFF,
  0xFF, 0xFF, 0xFF, 0xFF, 0xFF, 0xFF, 0xFF, 0xFF, 0xFF, 0xFF, 0xFF, 0xFF,
  0xFF, 0xFF, 0xFF, 0xFF, 0xFF, 0xFF, 0xFF, 0xFF, 0xFF, 0xFF, 0xFF, 0xFF,
  0xFF, 0xFF, 0xFF, 0xFF, 0xFF, 0xFF, 0xFF, 0xFF, 0xFF, 0xFF, 0xFF, 0xFF,
  0x00, 0x00, 0x7F, 0xF0, 0x00, 0x00, 0x00, 0x07, 0xFF, 0xC0, 0x00, 0x00,
  0x00, 0x3F, 0xFE, 0x00, 0x00, 0x00, 0x03, 0xFF, 0xF8, 0x00, 0x00, 0x00,
  0x1F, 0xFF, 0xC0, 0x00, 0x00, 0x01, 0xFF, 0xFF, 0x00, 0x00, 0x00, 0x0F,
  0xFF, 0xF8, 0x00, 0x00, 0x00, 0x7F, 0xFF, 0xC0, 0x00, 0x00, 0x07, 0xFF,
  0xFF, 0x00, 0x00, 0x00, 0x3F, 0xFF, 0xF8, 0x00, 0x00, 0x03, 0xFF, 0x7F,
  0xE0, 0x00, 0x00, 0x1F, 0xFB, 0xFF, 0x00, 0x00, 0x01, 0xFF, 0xDF, 0xFC,
  0x00, 0x00, 0x0F, 0xFC, 0x7F, 0xE0, 0x00, 0x00, 0xFF, 0xE3, 0xFF, 0x00,
  0x00, 0x07, 0xFF, 0x1F, 0xFC, 0x00, 0x00, 0x3F, 0xF0, 0x7F, 0xE0, 0x00,
  0x03, 0xFF, 0x83, 0xFF, 0x80, 0x00, 0x1F, 0xF8, 0x1F, 0xFC, 0x00, 0x01,
  0xFF, 0xC0, 0x7F, 0xF0, 0x00, 0x0F, 0xFE, 0x03, 0xFF, 0x80, 0x00, 0xFF,
  0xE0, 0x0F, 0xFE, 0x00, 0x07, 0xFF, 0x00, 0x7F, 0xF0, 0x00, 0x7F, 0xF0,
  0x03, 0xFF, 0x80, 0x03, 0xFF, 0x80, 0x0F, 0xFE, 0x00, 0x1F, 0xFC, 0x00,
  0x7F, 0xF0, 0x01, 0xFF, 0xC0, 0x01, 0xFF, 0xC0, 0x0F, 0xFE, 0x00, 0x0F,
  0xFE, 0x00, 0xFF, 0xE0, 0x00, 0x7F, 0xF8, 0x07, 0xFF, 0x00, 0x01, 0xFF,
  0xC0, 0x7F, 0xF8, 0x00, 0x0F, 0xFE, 0x03, 0xFF, 0x80, 0x00, 0x3F, 0xF8,
  0x1F, 0xFC, 0x00, 0x01, 0xFF, 0xC1, 0xFF, 0xC0, 0x00, 0x0F, 0xFF, 0x0F,
  0xFE, 0x00, 0x00, 0x3F, 0xF8, 0xFF, 0xE0, 0x00, 0x01, 0xFF, 0xE7, 0xFF,
  0x00, 0x00, 0x07, 0xFF, 0x7F, 0xF8, 0x00, 0x00, 0x3F, 0xFB, 0xFF, 0x80,
  0x00, 0x01, 0xFF, 0xE0, 0xFF, 0xFF, 0xFF, 0xFF, 0xFF, 0xFF, 0xFF, 0xFF,
  0xFF, 0xFF, 0xFF, 0xFF, 0xFF, 0xFF, 0xFF, 0xFF, 0xFF, 0xFF, 0xFF, 0xFF,
  0xFF, 0xFF, 0xFF, 0xFF, 0xFF, 0xFF, 0xFF, 0xFF, 0xFF, 0xFF, 0xFF, 0xFF,
  0xFF, 0xFF, 0xFF, 0xFF, 0xFF, 0xFF, 0xFF, 0xFF, 0xFF, 0xFF, 0xFF, 0xFF,
  0xFF, 0xFF, 0xFF, 0xFF, 0xFF, 0xFF, 0xFF, 0xFF, 0xFF, 0xFF, 0xFF, 0xFF,
  0xFF, 0xFF, 0xFF, 0xFF, 0xFF, 0xFF, 0xFF, 0xFF, 0xF8, 0xFF, 0xFC, 0x00,
  0x7F, 0xFE, 0x00, 0x3F, 0xFF, 0x00, 0x1F, 0xFF, 0x00, 0x0F, 0xFF, 0x80,
  0x07, 0xFF, 0xC0, 0x07, 0xFF, 0xE0, 0x03, 0xFF, 0xE0, 0x01, 0xFF, 0xF0,
  0x00, 0xFF, 0xF8, 0x00, 0x7F, 0xFC, 0x00, 0x3F, 0xFC, 0x00, 0x3F, 0xFE,
  0x00, 0x1F, 0xFF, 0x00, 0x00, 0x3F, 0xFC, 0x00, 0x00, 0x00, 0x1F, 0xFF,
  0xFE, 0x00, 0x00, 0x07, 0xFF, 0xFF, 0xFC, 0x00, 0x00, 0x7F, 0xFF, 0xFF,
  0xF8, 0x00, 0x0F, 0xFF, 0xFF, 0xFF, 0xE0, 0x00, 0xFF, 0xFF, 0xFF, 0xFF,
  0x80, 0x0F, 0xFF, 0xFF, 0xFF, 0xFE, 0x00, 0xFF, 0xFF, 0xFF, 0xFF, 0xF8,
  0x0F, 0xFF, 0xFF, 0xFF, 0xFF, 0xE0, 0x7F, 0xFF, 0xFF, 0xFF, 0xFF, 0x07,
  0xFF, 0xF8, 0x03, 0xFF, 0xFC, 0x3F, 0xFF, 0x00, 0x07, 0xFF, 0xE1, 0xFF,
  0xF0, 0x00, 0x1F, 0xFF, 0x1F, 0xFF, 0x00, 0x00, 0x7F, 0xFC, 0xFF, 0xF0,
  0x00, 0x03, 0xFF, 0xE7, 0xFF, 0x80, 0x00, 0x0F, 0xFF, 0x00, 0x00, 0x00,
  0x00, 0x7F, 0xF8, 0x00, 0x00, 0x00, 0x03, 0xFF, 0xC0, 0x00, 0x00, 0x00,
  0x1F, 0xFE, 0x00, 0x00, 0x00, 0x00, 0xFF, 0xF0, 0x00, 0x00, 0x00, 0x07,
  0xFF, 0x80, 0x00, 0x00, 0x00, 0x3F, 0xFC, 0x00, 0x0F, 0xFF, 0xFF, 0xFF,
  0xE0, 0x07, 0xFF, 0xFF, 0xFF, 0xFF, 0x00, 0xFF, 0xFF, 0xFF, 0xFF, 0xF8,
  0x0F, 0xFF, 0xFF, 0xFF, 0xFF, 0xC1, 0xFF, 0xFF, 0xFF, 0xFF, 0xFE, 0x1F,
  0xFF, 0xFF, 0xFF, 0xFF, 0xF1, 0xFF, 0xFF, 0xFF, 0xFF, 0xFF, 0x9F, 0xFF,
  0xFF, 0xFF, 0xFF, 0xFC, 0xFF, 0xFE, 0x00, 0x01, 0xFF, 0xEF, 0xFF, 0xC0,
  0x00, 0x0F, 0xFF, 0x7F, 0xFC, 0x00, 0x00, 0x7F, 0xFB, 0xFF, 0xC0, 0x00,
  0x03, 0xFF, 0xFF, 0xFC, 0x00, 0x00, 0x1F, 0xFF, 0xFF, 0xE0, 0x00, 0x00,
  0xFF, 0xFF, 0xFF, 0x00, 0x00, 0x07, 0xFF, 0xFF, 0xF8, 0x00, 0x00, 0x3F,
  0xFF, 0xFF, 0xC0, 0x00, 0x01, 0xFF, 0xFF, 0xFE, 0x00, 0x00, 0x0F, 0xFF,
  0xFF, 0xF0, 0x00, 0x00, 0xFF, 0xFF, 0xFF, 0x80, 0x00, 0x07, 0xFF, 0xFF,
  0xFE, 0x00, 0x00, 0x7F, 0xFF, 0xFF, 0xF8, 0x00, 0x07, 0xFF, 0xFF, 0xFF,
  0xE0, 0x00, 0xFF, 0xFF, 0xBF, 0xFF, 0xC0, 0x1F, 0xFF, 0xFD, 0xFF, 0xFF,
  0xFF, 0xFF, 0xFF, 0xE7, 0xFF, 0xFF, 0xFF, 0xFF, 0xFF, 0x3F, 0xFF, 0xFF,
  0xFF, 0x7F, 0xF8, 0xFF, 0xFF, 0xFF, 0xFB, 0xFF, 0xC3, 0xFF, 0xFF, 0xFF,
  0x9F, 0xFE, 0x0F, 0xFF, 0xFF, 0xF8, 0xFF, 0xF0, 0x3F, 0xFF, 0xFF, 0x87,
  0xFF, 0x80, 0xFF, 0xFF, 0xF8, 0x3F, 0xFC, 0x01, 0xFF, 0xFF, 0x01, 0xFF,
  0xE0, 0x01, 0xFF, 0x80, 0x00, 0x00, 0xFF, 0xF0, 0x00, 0x00, 0x00, 0x0F,
  0xFF, 0x00, 0x00, 0x00, 0x00, 0xFF, 0xF0, 0x00, 0x00, 0x00, 0x0F, 0xFF,
  0x00, 0x00, 0x00, 0x00, 0xFF, 0xF0, 0x00, 0x00, 0x00, 0x0F, 0xFF, 0x00,
  0x00, 0x00, 0x00, 0xFF, 0xF0, 0x00, 0x00, 0x00, 0x0F, 0xFF, 0x00, 0x00,
  0x00, 0x00, 0xFF, 0xF0, 0x00, 0x00, 0x00, 0x0F, 0xFF, 0x00, 0x00, 0x00,
  0x00, 0xFF, 0xF0, 0x00, 0x00, 0x00, 0x0F, 0xFF, 0x00, 0x00, 0x00, 0x00,
  0xFF, 0xF0, 0x00, 0x00, 0x00, 0x0F, 0xFF, 0x00, 0x00, 0x00, 0x00, 0xFF,
  0xF0, 0x00, 0x00, 0x00, 0x0F, 0xFF, 0x00, 0x00, 0x00, 0x00, 0xFF, 0xF0,
  0x00, 0x00, 0x00, 0x0F, 0xFF, 0x00, 0x3F, 0xE0, 0x00, 0xFF, 0xF0, 0x1F,
  0xFF, 0xC0, 0x0F, 0xFF, 0x03, 0xFF, 0xFF, 0x00, 0xFF, 0xF0, 0xFF, 0xFF,
  0xF8, 0x0F, 0xFF, 0x1F, 0xFF, 0xFF, 0xC0, 0xFF, 0xF3, 0xFF, 0xFF, 0xFE,
  0x0F, 0xFF, 0x3F, 0xFF, 0xFF, 0xF0, 0xFF, 0xF7, 0xFF, 0xFF, 0xFF, 0x0F,
  0xFF, 0xFF, 0xFF, 0xFF, 0xF8, 0xFF, 0xEF, 0xFF, 0xFF, 0xFF, 0xCF, 0xFE,
  0xFF, 0xFF, 0xFF, 0xFC, 0xFF, 0xFF, 0x80, 0x3F, 0xFF, 0xCF, 0xFF, 0xF0,
  0x00, 0xFF, 0xFE, 0xFF, 0xFC, 0x00, 0x07, 0xFF, 0xEF, 0xFF, 0xC0, 0x00,
  0x3F, 0xFE, 0xFF, 0xF8, 0x00, 0x01, 0xFF, 0xEF, 0xFF, 0x80, 0x00, 0x1F,
  0xFF, 0xFF, 0xF0, 0x00, 0x01, 0xFF, 0xFF, 0xFF, 0x00, 0x00, 0x1F, 0xFF,
  0xFF, 0xF0, 0x00, 0x00, 0xFF, 0xFF, 0xFF, 0x00, 0x00, 0x0F, 0xFF, 0xFF,
  0xF0, 0x00, 0x00, 0xFF, 0xFF, 0xFF, 0x00, 0x00, 0x0F, 0xFF, 0xFF, 0xF0,
  0x00, 0x00, 0xFF, 0xFF, 0xFF, 0x00, 0x00, 0x0F, 0xFF, 0xFF, 0xF0, 0x00,
  0x00, 0xFF, 0xFF, 0xFF, 0x00, 0x00, 0x0F, 0xFF, 0xFF, 0xF0, 0x00, 0x00,
  0xFF, 0xFF, 0xFF, 0x00, 0x00, 0x0F, 0xFF, 0xFF, 0xF0, 0x00, 0x00, 0xFF,
  0xFF, 0xFF, 0x00, 0x00, 0x0F, 0xFF, 0xFF, 0xF0, 0x00, 0x00, 0xFF, 0xFF,
  0xFF, 0x00, 0x00, 0x0F, 0xFF, 0xFF, 0xF0, 0x00, 0x00, 0xFF, 0xFF, 0xFF,
  0x00, 0x00, 0x0F, 0xFF, 0xFF, 0xF0, 0x00, 0x00, 0xFF, 0xFF, 0xFF, 0x00,
  0x00, 0x0F, 0xFF, 0xFF, 0xF0, 0x00, 0x01, 0xFF, 0xFF, 0xFF, 0x00, 0x00,
  0x1F, 0xFF, 0xFF, 0xF8, 0x00, 0x01, 0xFF, 0xFF, 0xFF, 0x80, 0x00, 0x1F,
  0xFE, 0xFF, 0xFC, 0x00, 0x03, 0xFF, 0xEF, 0xFF, 0xC0, 0x00, 0x7F, 0xFE,
  0xFF, 0xFF, 0x00, 0x0F, 0xFF, 0xEF, 0xFF, 0xF8, 0x03, 0xFF, 0xFC, 0xFF,
  0xFF, 0xFF, 0xFF, 0xFF, 0xCF, 0xFF, 0xFF, 0xFF, 0xFF, 0xFC, 0xFF, 0xFF,
  0xFF, 0xFF, 0xFF, 0x8F, 0xFF, 0x7F, 0xFF, 0xFF, 0xF0, 0xFF, 0xF7, 0xFF,
  0xFF, 0xFF, 0x0F, 0xFF, 0x3F, 0xFF, 0xFF, 0xE0, 0xFF, 0xF1, 0xFF, 0xFF,
  0xFC, 0x0F, 0xFF, 0x0F, 0xFF, 0xFF, 0x80, 0xFF, 0xF0, 0x7F, 0xFF, 0xF0,
  0x0F, 0xFF, 0x01, 0xFF, 0xFC, 0x00, 0x00, 0x00, 0x03, 0xFE, 0x00, 0x00,
  0x00, 0x00, 0x3F, 0xF8, 0x00, 0x00, 0x00, 0x0F, 0xFF, 0xFE, 0x00, 0x00,
  0x01, 0xFF, 0xFF, 0xFE, 0x00, 0x00, 0x0F, 0xFF, 0xFF, 0xFE, 0x00, 0x00,
  0xFF, 0xFF, 0xFF, 0xFE, 0x00, 0x07, 0xFF, 0xFF, 0xFF, 0xFC, 0x00, 0x3F,
  0xFF, 0xFF, 0xFF, 0xF8, 0x01, 0xFF, 0xFF, 0xFF, 0xFF, 0xF0, 0x0F, 0xFF,
  0xFF, 0xFF, 0xFF, 0xC0, 0x7F, 0xFF, 0xFF, 0xFF, 0xFF, 0x81, 0xFF, 0xFF,
  0xFF, 0xFF, 0xFF, 0x0F, 0xFF, 0xF0, 0x03, 0xFF, 0xFC, 0x3F, 0xFF, 0x80,
  0x03, 0xFF, 0xF8, 0xFF, 0xF8, 0x00, 0x07, 0xFF, 0xE7, 0xFF, 0xE0, 0x00,
  0x0F, 0xFF, 0x9F, 0xFF, 0x00, 0x00, 0x1F, 0xFE, 0x7F, 0xF8, 0x00, 0x00,
  0x7F, 0xFD, 0xFF, 0xE0, 0x00, 0x00, 0xFF, 0xFF, 0xFF, 0x80, 0x00, 0x03,
  0xFF, 0xFF, 0xFE, 0x00, 0x00, 0x0F, 0xFF, 0xFF, 0xF8, 0x00, 0x00, 0x00,
  0x03, 0xFF, 0xE0, 0x00, 0x00, 0x00, 0x0F, 0xFF, 0x80, 0x00, 0x00, 0x00,
  0x3F, 0xFE, 0x00, 0x00, 0x00, 0x00, 0xFF, 0xF8, 0x00, 0x00, 0x00, 0x03,
  0xFF, 0xE0, 0x00, 0x00, 0x00, 0x0F, 0xFF, 0x80, 0x00, 0x00, 0x00, 0x3F,
  0xFE, 0x00, 0x00, 0x00, 0x00, 0xFF, 0xF8, 0x00, 0x00, 0x00, 0x03, 0xFF,
  0xE0, 0x00, 0x00, 0x00, 0x0F, 0xFF, 0x80, 0x00, 0x00, 0x00, 0x3F, 0xFE,
  0x00, 0x00, 0x00, 0x00, 0xFF, 0xF8, 0x00, 0x00, 0x00, 0x03, 0xFF, 0xE0,
  0x00, 0x00, 0x00, 0x0F, 0xFF, 0x80, 0x00, 0x00, 0x00, 0x3F, 0xFE, 0x00,
  0x00, 0x00, 0x00, 0xFF, 0xF8, 0x00, 0x00, 0x3F, 0xFF, 0xFF, 0xE0, 0x00,
  0x00, 0xFF, 0xF7, 0xFF, 0x80, 0x00, 0x03, 0xFF, 0xDF, 0xFE, 0x00, 0x00,
  0x1F, 0xFF, 0x7F, 0xFC, 0x00, 0x00, 0x7F, 0xF9, 0xFF, 0xF8, 0x00, 0x03,
  0xFF, 0xE3, 0xFF, 0xE0, 0x00, 0x1F, 0xFF, 0x8F, 0xFF, 0xE0, 0x00, 0xFF,
  0xFE, 0x3F, 0xFF, 0xE0, 0x0F, 0xFF, 0xF0, 0x7F, 0xFF, 0xFF, 0xFF, 0xFF,
  0xC1, 0xFF, 0xFF, 0xFF, 0xFF, 0xFE, 0x03, 0xFF, 0xFF, 0xFF, 0xFF, 0xF0,
  0x07, 0xFF, 0xFF, 0xFF, 0xFF, 0xC0, 0x0F, 0xFF, 0xFF, 0xFF, 0xFE, 0x00,
  0x1F, 0xFF, 0xFF, 0xFF, 0xF0, 0x00, 0x3F, 0xFF, 0xFF, 0xFF, 0x80, 0x00,
  0x7F, 0xFF, 0xFF, 0xF8, 0x00, 0x00, 0x7F, 0xFF, 0xFF, 0x80, 0x00, 0x00,
  0x3F, 0xFF, 0xF8, 0x00, 0x00, 0x00, 0x1F, 0xFE, 0x00, 0x00, 0x00, 0x00,
  0x00, 0x00, 0xFF, 0xF0, 0x00, 0x00, 0x00, 0x0F, 0xFF, 0x00, 0x00, 0x00,
  0x00, 0xFF, 0xF0, 0x00, 0x00, 0x00, 0x0F, 0xFF, 0x00, 0x00, 0x00, 0x00,
  0xFF, 0xF0, 0x00, 0x00, 0x00, 0x0F, 0xFF, 0x00, 0x00, 0x00, 0x00, 0xFF,
  0xF0, 0x00, 0x00, 0x00, 0x0F, 0xFF, 0x00, 0x00, 0x00, 0x00, 0xFF, 0xF0,
  0x00, 0x00, 0x00, 0x0F, 0xFF, 0x00, 0x00, 0x00, 0x00, 0xFF, 0xF0, 0x00,
  0x00, 0x00, 0x0F, 0xFF, 0x00, 0x00, 0x00, 0x00, 0xFF, 0xF0, 0x00, 0x00,
  0x00, 0x0F, 0xFF, 0x00, 0x00, 0x00, 0x00, 0xFF, 0xF0, 0x00, 0x00, 0x00,
  0x0F, 0xFF, 0x00, 0x00, 0x00, 0x00, 0xFF, 0xF0, 0x00, 0x7F, 0xC0, 0x0F,
  0xFF, 0x00, 0x3F, 0xFF, 0x80, 0xFF, 0xF0, 0x0F, 0xFF, 0xFC, 0x0F, 0xFF,
  0x01, 0xFF, 0xFF, 0xF0, 0xFF, 0xF0, 0x3F, 0xFF, 0xFF, 0x8F, 0xFF, 0x07,
  0xFF, 0xFF, 0xFC, 0xFF, 0xF0, 0xFF, 0xFF, 0xFF, 0xCF, 0xFF, 0x1F, 0xFF,
  0xFF, 0xFE, 0xFF, 0xF1, 0xFF, 0xFF, 0xFF, 0xEF, 0xFF, 0x3F, 0xFF, 0xFF,
  0xFF, 0xFF, 0xF3, 0xFF, 0xFF, 0xFF, 0xFF, 0xFF, 0x7F, 0xFF, 0x80, 0x3F,
  0xFF, 0xF7, 0xFF, 0xF0, 0x00, 0xFF, 0xFF, 0x7F, 0xFE, 0x00, 0x07, 0xFF,
  0xF7, 0xFF, 0xC0, 0x00, 0x3F, 0xFF, 0xFF, 0xF8, 0x00, 0x01, 0xFF, 0xFF,
  0xFF, 0x80, 0x00, 0x1F, 0xFF, 0xFF, 0xF8, 0x00, 0x01, 0xFF, 0xFF, 0xFF,
  0x00, 0x00, 0x0F, 0xFF, 0xFF, 0xF0, 0x00, 0x00, 0xFF, 0xFF, 0xFF, 0x00,
  0x00, 0x0F, 0xFF, 0xFF, 0xF0, 0x00, 0x00, 0xFF, 0xFF, 0xFF, 0x00, 0x00,
  0x0F, 0xFF, 0xFF, 0xF0, 0x00, 0x00, 0xFF, 0xFF, 0xFF, 0x00, 0x00, 0x0F,
  0xFF, 0xFF, 0xF0, 0x00, 0x00, 0xFF, 0xFF, 0xFF, 0x00, 0x00, 0x0F, 0xFF,
  0xFF, 0xF0, 0x00, 0x00, 0xFF, 0xFF, 0xFF, 0x00, 0x00, 0x0F, 0xFF, 0xFF,
  0xF0, 0x00, 0x00, 0xFF, 0xFF, 0xFF, 0x00, 0x00, 0x0F, 0xFF, 0xFF, 0xF0,
  0x00, 0x00, 0xFF, 0xFF, 0xFF, 0x00, 0x00, 0x0F, 0xFF, 0xFF, 0xF0, 0x00,
  0x00, 0xFF, 0xFF, 0xFF, 0x00, 0x00, 0x0F, 0xFF, 0xFF, 0xF0, 0x00, 0x00,
  0xFF, 0xFF, 0xFF, 0x00, 0x00, 0x0F, 0xFF, 0xFF, 0xF0, 0x00, 0x00, 0xFF,
  0xFF, 0xFF, 0x80, 0x00, 0x1F, 0xFF, 0xFF, 0xF8, 0x00, 0x01, 0xFF, 0xFF,
  0xFF, 0x80, 0x00, 0x1F, 0xFF, 0x7F, 0xFC, 0x00, 0x03, 0xFF, 0xF7, 0xFF,
  0xE0, 0x00, 0x7F, 0xFF, 0x7F, 0xFF, 0x00, 0x0F, 0xFF, 0xF7, 0xFF, 0xFC,
  0x03, 0xFF, 0xFF, 0x3F, 0xFF, 0xFF, 0xFF, 0xFF, 0xF3, 0xFF, 0xFF, 0xFF,
  0xFF, 0xFF, 0x1F, 0xFF, 0xFF, 0xFE, 0xFF, 0xF1, 0xFF, 0xFF, 0xFF, 0xEF,
  0xFF, 0x0F, 0xFF, 0xFF, 0xFC, 0xFF, 0xF0, 0x7F, 0xFF, 0xFF, 0xCF, 0xFF,
  0x03, 0xFF, 0xFF, 0xF8, 0xFF, 0xF0, 0x1F, 0xFF, 0xFF, 0x0F, 0xFF, 0x00,
  0xFF, 0xFF, 0xC0, 0xFF, 0xF0, 0x03, 0xFF, 0xF8, 0x0F, 0xFF, 0x00, 0x07,
  0xFC, 0x00, 0x00, 0x00, 0x00, 0x00, 0x7F, 0xF0, 0x00, 0x00, 0x00, 0x3F,
  0xFF, 0xF8, 0x00, 0x00, 0x07, 0xFF, 0xFF, 0xF0, 0x00, 0x00, 0xFF, 0xFF,
  0xFF, 0xE0, 0x00, 0x0F, 0xFF, 0xFF, 0xFF, 0x80, 0x01, 0xFF, 0xFF, 0xFF,
  0xFE, 0x00, 0x1F, 0xFF, 0xFF, 0xFF, 0xF8, 0x01, 0xFF, 0xFF, 0xFF, 0xFF,
  0xE0, 0x0F, 0xFF, 0xFF, 0xFF, 0xFF, 0x80, 0xFF, 0xFF, 0x01, 0xFF, 0xFE,
  0x0F, 0xFF, 0xC0, 0x03, 0xFF, 0xF0, 0x7F, 0xFC, 0x00, 0x07, 0xFF, 0xC3,
  0xFF, 0xC0, 0x00, 0x1F, 0xFE, 0x3F, 0xFC, 0x00, 0x00, 0xFF, 0xF9, 0xFF,
  0xE0, 0x00, 0x03, 0xFF, 0xCF, 0xFE, 0x00, 0x00, 0x1F, 0xFE, 0xFF, 0xF0,
  0x00, 0x00, 0x7F, 0xFF, 0xFF, 0x80, 0x00, 0x03, 0xFF, 0xFF, 0xFC, 0x00,
  0x00, 0x1F, 0xFF, 0xFF, 0xE0, 0x00, 0x00, 0xFF, 0xFF, 0xFF, 0x00, 0x00,
  0x07, 0xFF, 0xFF, 0xF8, 0x00, 0x00, 0x3F, 0xFF, 0xFF, 0xC0, 0x00, 0x01,
  0xFF, 0xFF, 0xFF, 0xFF, 0xFF, 0xFF, 0xFF, 0xFF, 0xFF, 0xFF, 0xFF, 0xFF,
  0xFF, 0xFF, 0xFF, 0xFF, 0xFF, 0xFF, 0xFF, 0xFF, 0xFF, 0xFF, 0xFF, 0xFF,
  0xFF, 0xFF, 0xFF, 0xFF, 0xFF, 0xFF, 0xFF, 0xFF, 0xFF, 0xFF, 0xFF, 0xFF,
  0xFF, 0xFF, 0xFF, 0xFF, 0xFF, 0xFF, 0xFF, 0xFF, 0xFF, 0xFF, 0xFF, 0xFE,
  0x00, 0x00, 0x00, 0x00, 0xFF, 0xF0, 0x00, 0x00, 0x00, 0x07, 0xFF, 0x80,
  0x00, 0x00, 0x00, 0x3F, 0xFC, 0x00, 0x00, 0x00, 0x01, 0xFF, 0xE0, 0x00,
  0x00, 0x00, 0x0F, 0xFF, 0x00, 0x00, 0x00, 0x00, 0x7F, 0xF8, 0x00, 0x00,
  0x00, 0x03, 0xFF, 0xC0, 0x00, 0x00, 0x00, 0x1F, 0xFE, 0x00, 0x00, 0x00,
  0x00, 0x7F, 0xF8, 0x00, 0x00, 0xFF, 0xF3, 0xFF, 0xC0, 0x00, 0x07, 0xFF,
  0x9F, 0xFF, 0x00, 0x00, 0x7F, 0xFC, 0xFF, 0xFE, 0x00, 0x07, 0xFF, 0xC3,
  0xFF, 0xFC, 0x00, 0xFF, 0xFE, 0x1F, 0xFF, 0xFF, 0xFF, 0xFF, 0xF0, 0x7F,
  0xFF, 0xFF, 0xFF, 0xFF, 0x01, 0xFF, 0xFF, 0xFF, 0xFF, 0xF0, 0x0F, 0xFF,
  0xFF, 0xFF, 0xFF, 0x80, 0x3F, 0xFF, 0xFF, 0xFF, 0xF8, 0x00, 0xFF, 0xFF,
  0xFF, 0xFF, 0x80, 0x01, 0xFF, 0xFF, 0xFF, 0xF0, 0x00, 0x07, 0xFF, 0xFF,
  0xFF, 0x00, 0x00, 0x0F, 0xFF, 0xFF, 0xE0, 0x00, 0x00, 0x1F, 0xFF, 0xFC,
  0x00, 0x00, 0x00, 0x0F, 0xFE, 0x00, 0x00, 0x00, 0x00, 0x00, 0x1F, 0xFF,
  0xFF, 0x00, 0x00, 0x00, 0xFF, 0xFF, 0xFF, 0x00, 0x00, 0x03, 0xFF, 0xFF,
  0xFF, 0x00, 0x00, 0x0F, 0xFF, 0xFF, 0xFF, 0x00, 0x00, 0x1F, 0xFF, 0xFF,
  0xFF, 0x00, 0x00, 0x3F, 0xFF, 0xFF, 0xFF, 0x00, 0x00, 0x7F, 0xFF, 0xFF,
  0xFF, 0x00, 0x00, 0x7F, 0xFF, 0xFF, 0xFF, 0x00, 0x00, 0xFF, 0xFF, 0xFF,
  0xFF, 0x00, 0x00, 0xFF, 0xFF, 0xFF, 0xFF, 0x00, 0x01, 0xFF, 0xFF, 0xFF,
  0xFF, 0x00, 0x01, 0xFF, 0xF8, 0x00, 0x00, 0x00, 0x01, 0xFF, 0xF0, 0x00,
  0x00, 0x00, 0x01, 0xFF, 0xE0, 0x00, 0x00, 0x00, 0x01, 0xFF, 0xE0, 0x00,
  0x00, 0x00, 0x01, 0xFF, 0xE0, 0x00, 0x00, 0x00, 0x01, 0xFF, 0xE0, 0x00,
  0x00, 0x00, 0x01, 0xFF, 0xE0, 0x00, 0x00, 0x00, 0x01, 0xFF, 0xE0, 0x00,
  0x00, 0x00, 0x01, 0xFF, 0xE0, 0x00, 0x00, 0x00, 0x01, 0xFF, 0xE0, 0x00,
  0x00, 0x00, 0x01, 0xFF, 0xE0, 0x00, 0x00, 0x00, 0x01, 0xFF, 0xE0, 0x00,
  0x00, 0x00, 0x01, 0xFF, 0xE0, 0x00, 0x00, 0x00, 0x01, 0xFF, 0xE0, 0x00,
  0x00, 0xFF, 0xFF, 0xFF, 0xFF, 0xFF, 0xFF, 0xFF, 0xFF, 0xFF, 0xFF, 0xFF,
  0xFF, 0xFF, 0xFF, 0xFF, 0xFF, 0xFF, 0xFF, 0xFF, 0xFF, 0xFF, 0xFF, 0xFF,
  0xFF, 0xFF, 0xFF, 0xFF, 0xFF, 0xFF, 0xFF, 0xFF, 0xFF, 0xFF, 0xFF, 0xFF,
  0xFF, 0xFF, 0xFF, 0xFF, 0xFF, 0xFF, 0xFF, 0xFF, 0xFF, 0xFF, 0xFF, 0xFF,
  0xFF, 0xFF, 0xFF, 0xFF, 0xFF, 0xFF, 0xFF, 0xFF, 0xFF, 0xFF, 0xFF, 0xFF,
  0xFF, 0xFF, 0xFF, 0xFF, 0xFF, 0xFF, 0xFF, 0x00, 0x01, 0xFF, 0xE0, 0x00,
  0x00, 0x00, 0x01, 0xFF, 0xE0, 0x00, 0x00, 0x00, 0x01, 0xFF, 0xE0, 0x00,
  0x00, 0x00, 0x01, 0xFF, 0xE0, 0x00, 0x00, 0x00, 0x01, 0xFF, 0xE0, 0x00,
  0x00, 0x00, 0x01, 0xFF, 0xE0, 0x00, 0x00, 0x00, 0x01, 0xFF, 0xE0, 0x00,
  0x00, 0x00, 0x01, 0xFF, 0xE0, 0x00, 0x00, 0x00, 0x01, 0xFF, 0xE0, 0x00,
  0x00, 0x00, 0x01, 0xFF, 0xE0, 0x00, 0x00, 0x00, 0x01, 0xFF, 0xE0, 0x00,
  0x00, 0x00, 0x01, 0xFF, 0xE0, 0x00, 0x00, 0x00, 0x01, 0xFF, 0xE0, 0x00,
  0x00, 0x00, 0x01, 0xFF, 0xE0, 0x00, 0x00, 0x00, 0x01, 0xFF, 0xE0, 0x00,
  0x00, 0x00, 0x01, 0xFF, 0xE0, 0x00, 0x00, 0x00, 0x01, 0xFF, 0xE0, 0x00,
  0x00, 0x00, 0x01, 0xFF, 0xE0, 0x00, 0x00, 0x00, 0x01, 0xFF, 0xE0, 0x00,
  0x00, 0x00, 0x01, 0xFF, 0xE0, 0x00, 0x00, 0x00, 0x01, 0xFF, 0xE0, 0x00,
  0x00, 0x00, 0x01, 0xFF, 0xE0, 0x00, 0x00, 0x00, 0x01, 0xFF, 0xE0, 0x00,
  0x00, 0x00, 0x01, 0xFF, 0xE0, 0x00, 0x00, 0x00, 0x01, 0xFF, 0xE0, 0x00,
  0x00, 0x00, 0x01, 0xFF, 0xE0, 0x00, 0x00, 0x00, 0x01, 0xFF, 0xE0, 0x00,
  0x00, 0x00, 0x01, 0xFF, 0xE0, 0x00, 0x00, 0x00, 0x01, 0xFF, 0xE0, 0x00,
  0x00, 0x00, 0x01, 0xFF, 0xE0, 0x00, 0x00, 0x00, 0x01, 0xFF, 0xE0, 0x00,
  0x00, 0x00, 0x01, 0xFF, 0xE0, 0x00, 0x00, 0x00, 0x01, 0xFF, 0xE0, 0x00,
  0x00, 0x00, 0x01, 0xFF, 0xE0, 0x00, 0x00, 0x00, 0x01, 0xFF, 0xE0, 0x00,
  0x00, 0x00, 0x01, 0xFF, 0xE0, 0x00, 0x00, 0x00, 0x07, 0xFC, 0x00, 0x00,
  0x00, 0x03, 0xFF, 0xF8, 0x0F, 0xFF, 0x00, 0xFF, 0xFF, 0xE0, 0xFF, 0xF0,
  0x1F, 0xFF, 0xFF, 0x0F, 0xFF, 0x03, 0xFF, 0xFF, 0xF8, 0xFF, 0xF0, 0x7F,
  0xFF, 0xFF, 0xCF, 0xFF, 0x0F, 0xFF, 0xFF, 0xFE, 0xFF, 0xF1, 0xFF, 0xFF,
  0xFF, 0xEF, 0xFF, 0x1F, 0xFF, 0xFF, 0xFF, 0xFF, 0xF3, 0xFF, 0xFF, 0xFF,
  0xFF, 0xFF, 0x3F, 0xFF, 0xFF, 0xFF, 0xFF, 0xF7, 0xFF, 0xFC, 0x03, 0xFF,
  0xFF, 0x7F, 0xFF, 0x00, 0x0F, 0xFF, 0xF7, 0xFF, 0xE0, 0x00, 0x7F, 0xFF,
  0x7F, 0xFC, 0x00, 0x03, 0xFF, 0xFF, 0xFF, 0x80, 0x00, 0x1F, 0xFF, 0xFF,
  0xF8, 0x00, 0x01, 0xFF, 0xFF, 0xFF, 0x80, 0x00, 0x0F, 0xFF, 0xFF, 0xF0,
  0x00, 0x00, 0xFF, 0xFF, 0xFF, 0x00, 0x00, 0x0F, 0xFF, 0xFF, 0xF0, 0x00,
  0x00, 0xFF, 0xFF, 0xFF, 0x00, 0x00, 0x0F, 0xFF, 0xFF, 0xF0, 0x00, 0x00,
  0xFF, 0xFF, 0xFF, 0x00, 0x00, 0x0F, 0xFF, 0xFF, 0xF0, 0x00, 0x00, 0xFF,
  0xFF, 0xFF, 0x00, 0x00, 0x0F, 0xFF, 0xFF, 0xF0, 0x00, 0x00, 0xFF, 0xFF,
  0xFF, 0x00, 0x00, 0x0F, 0xFF, 0xFF, 0xF0, 0x00, 0x00, 0xFF, 0xFF, 0xFF,
  0x00, 0x00, 0x0F, 0xFF, 0xFF, 0xF0, 0x00, 0x00, 0xFF, 0xFF, 0xFF, 0x00,
  0x00, 0x0F, 0xFF, 0xFF, 0xF0, 0x00, 0x00, 0xFF, 0xFF, 0xFF, 0x80, 0x00,
  0x0F, 0xFF, 0xFF, 0xF8, 0x00, 0x00, 0xFF, 0xFF, 0xFF, 0x80, 0x00, 0x1F,
  0xFF, 0xFF, 0xF8, 0x00, 0x01, 0xFF, 0xF7, 0xFF, 0xC0, 0x00, 0x3F, 0xFF,
  0x7F, 0xFE, 0x00, 0x07, 0xFF, 0xF7, 0xFF, 0xF0, 0x00, 0xFF, 0xFF, 0x7F,
  0xFF, 0xC0, 0x1F, 0xFF, 0xF3, 0xFF, 0xFF, 0xFF, 0xFF, 0xFF, 0x3F, 0xFF,
  0xFF, 0xFF, 0xFF, 0xF1, 0xFF, 0xFF, 0xFF, 0xFF, 0xFF, 0x1F, 0xFF, 0xFF,
  0xFE, 0xFF, 0xF0, 0xFF, 0xFF, 0xFF, 0xEF, 0xFF, 0x07, 0xFF, 0xFF, 0xFC,
  0xFF, 0xF0, 0x3F, 0xFF, 0xFF, 0x8F, 0xFF, 0x01, 0xFF, 0xFF, 0xF0, 0xFF,
  0xF0, 0x0F, 0xFF, 0xFE, 0x0F, 0xFF, 0x00, 0x3F, 0xFF, 0x80, 0xFF, 0xF0,
  0x00, 0x7F, 0xC0, 0x0F, 0xFF, 0x00, 0x00, 0x00, 0x00, 0xFF, 0xF0, 0x00,
  0x00, 0x00, 0x0F, 0xFF, 0x00, 0x00, 0x00, 0x00, 0xFF, 0xF0, 0x00, 0x00,
  0x00, 0x0F, 0xFF, 0x00, 0x00, 0x00, 0x00, 0xFF, 0xF0, 0x00, 0x00, 0x00,
  0x1F, 0xFF, 0x00, 0x00, 0x00, 0x01, 0xFF, 0xF0, 0x00, 0x00, 0x00, 0x3F,
  0xFF, 0x00, 0x00, 0x00, 0x07, 0xFF, 0xE0, 0x00, 0x00, 0x01, 0xFF, 0xFE,
  0x00, 0xFF, 0xFF, 0xFF, 0xFF, 0xE0, 0x0F, 0xFF, 0xFF, 0xFF, 0xFC, 0x00,
  0xFF, 0xFF, 0xFF, 0xFF, 0xC0, 0x0F, 0xFF, 0xFF, 0xFF, 0xF8, 0x00, 0xFF,
  0xFF, 0xFF, 0xFF, 0x00, 0x0F, 0xFF, 0xFF, 0xFF, 0xE0, 0x00, 0xFF, 0xFF,
  0xFF, 0xFC, 0x00, 0x0F, 0xFF, 0xFF, 0xFF, 0x80, 0x00, 0xFF, 0xFF, 0xFF,
  0xE0, 0x00, 0x0F, 0xFF, 0xFF, 0xF8, 0x00, 0x00, 0xFF, 0xFF, 0xF8, 0x00,
  0x00, 0xFF, 0xF0, 0x00, 0x00, 0x00, 0x1F, 0xFE, 0x00, 0x00, 0x00, 0x03,
  0xFF, 0xC0, 0x00, 0x00, 0x00, 0x7F, 0xF8, 0x00, 0x00, 0x00, 0x0F, 0xFF,
  0x00, 0x00, 0x00, 0x01, 0xFF, 0xE0, 0x00, 0x00, 0x00, 0x3F, 0xFC, 0x00,
  0x00, 0x00, 0x07, 0xFF, 0x80, 0x00, 0x00, 0x00, 0xFF, 0xF0, 0x00, 0x00,
  0x00, 0x1F, 0xFE, 0x00, 0x00, 0x00, 0x03, 0xFF, 0xC0, 0x00, 0x00, 0x00,
  0x7F, 0xF8, 0x00, 0x00, 0x00, 0x0F, 0xFF, 0x00, 0x00, 0x00, 0x01, 0xFF,
  0xE0, 0x00, 0x00, 0x00, 0x3F, 0xFC, 0x00, 0x00, 0x00, 0x07, 0xFF, 0x80,
  0x00, 0x00, 0x00, 0xFF, 0xF0, 0x00, 0x00, 0x00, 0x1F, 0xFE, 0x00, 0x7F,
  0xC0, 0x03, 0xFF, 0xC0, 0x7F, 0xFF, 0x00, 0x7F, 0xF8, 0x3F, 0xFF, 0xF0,
  0x0F, 0xFF, 0x0F, 0xFF, 0xFF, 0x81, 0xFF, 0xE3, 0xFF, 0xFF, 0xF8, 0x3F,
  0xFC, 0xFF, 0xFF, 0xFF, 0x87, 0xFF, 0xBF, 0xFF, 0xFF, 0xF8, 0xFF, 0xF7,
  0xFF, 0xFF, 0xFF, 0x1F, 0xFF, 0xFF, 0xFF, 0xFF, 0xF3, 0xFF, 0xFF, 0xFF,
  0xFF, 0xFE, 0x7F, 0xFF, 0xFF, 0xFF, 0xFF, 0xEF, 0xFF, 0xF8, 0x03, 0xFF,
  0xFD, 0xFF, 0xFE, 0x00, 0x1F, 0xFF, 0xFF, 0xFF, 0x00, 0x01, 0xFF, 0xFF,
  0xFF, 0xE0, 0x00, 0x3F, 0xFF, 0xFF, 0xF8, 0x00, 0x03, 0xFF, 0xFF, 0xFF,
  0x00, 0x00, 0x7F, 0xFF, 0xFF, 0xC0, 0x00, 0x07, 0xFF, 0xFF, 0xF8, 0x00,
  0x00, 0xFF, 0xFF, 0xFF, 0x00, 0x00, 0x1F, 0xFF, 0xFF, 0xE0, 0x00, 0x03,
  0xFF, 0xFF, 0xFC, 0x00, 0x00, 0x7F, 0xFF, 0xFF, 0x80, 0x00, 0x0F, 0xFF,
  0xFF, 0xF0, 0x00, 0x01, 0xFF, 0xFF, 0xFE, 0x00, 0x00, 0x3F, 0xFF, 0xFF,
  0xC0, 0x00, 0x07, 0xFF, 0xFF, 0xF8, 0x00, 0x00, 0xFF, 0xFF, 0xFF, 0x00,
  0x00, 0x1F, 0xFF, 0xFF, 0xE0, 0x00, 0x03, 0xFF, 0xFF, 0xFC, 0x00, 0x00,
  0x7F, 0xFF, 0xFF, 0x80, 0x00, 0x0F, 0xFF, 0xFF, 0xF0, 0x00, 0x01, 0xFF,
  0xFF, 0xFE, 0x00, 0x00, 0x3F, 0xFF, 0xFF, 0xC0, 0x00, 0x07, 0xFF, 0xFF,
  0xF8, 0x00, 0x00, 0xFF, 0xFF, 0xFF, 0x00, 0x00, 0x1F, 0xFF, 0xFF, 0xE0,
  0x00, 0x03, 0xFF, 0xFF, 0xFC, 0x00, 0x00, 0x7F, 0xFF, 0xFF, 0x80, 0x00,
  0x0F, 0xFF, 0xFF, 0xF0, 0x00, 0x01, 0xFF, 0xFF, 0xFE, 0x00, 0x00, 0x3F,
  0xFF, 0xFF, 0xC0, 0x00, 0x07, 0xFF, 0xFF, 0xF8, 0x00, 0x00, 0xFF, 0xFF,
  0xFF, 0x00, 0x00, 0x1F, 0xFF, 0xFF, 0xE0, 0x00, 0x03, 0xFF, 0xFF, 0xFC,
  0x00, 0x00, 0x7F, 0xFF, 0xFF, 0x80, 0x00, 0x0F, 0xFF, 0xFF, 0xF0, 0x00,
  0x01, 0xFF, 0xFF, 0xFE, 0x00, 0x00, 0x3F, 0xFF, 0xFF, 0xC0, 0x00, 0x07,
  0xFF, 0xFF, 0xF8, 0x00, 0x00, 0xFF, 0xFF, 0xFF, 0x00, 0x00, 0x1F, 0xFF,
  0xFF, 0xE0, 0x00, 0x03, 0xFF, 0xFF, 0xFC, 0x00, 0x00, 0x7F, 0xFF, 0xFF,
  0x80, 0x00, 0x0F, 0xFF, 0x00, 0x00, 0x07, 0xF0, 0x00, 0x00, 0x00, 0x00,
  0x1F, 0xFC, 0x00, 0x00, 0x00, 0x00, 0x3F, 0xFE, 0x00, 0x00, 0x00, 0x00,
  0x7F, 0xFF, 0x00, 0x00, 0x00, 0x00, 0x7F, 0xFF, 0x00, 0x00, 0x00, 0x00,
  0x7F, 0xFF, 0x80, 0x00, 0x00, 0x00, 0x7F, 0xFF, 0x80, 0x00, 0x00, 0x00,
  0x7F, 0xFF, 0x80, 0x00, 0x00, 0x00, 0x7F, 0xFF, 0x80, 0x00, 0x00, 0x00,
  0x7F, 0xFF, 0x00, 0x00, 0x00, 0x00, 0x7F, 0xFF, 0x00, 0x00, 0x00, 0x00,
  0x3F, 0xFE, 0x00, 0x00, 0x00, 0x00, 0x1F, 0xFC, 0x00, 0x00, 0x00, 0x00,
  0x07, 0xF0, 0x00, 0x00, 0x00, 0x00, 0x00, 0x00, 0x00, 0x00, 0x00, 0x00,
  0x00, 0x00, 0x00, 0x00, 0x00, 0x00, 0x00, 0x00, 0x00, 0x00, 0x00, 0x00,
  0x00, 0x00, 0x00, 0x00, 0x00, 0x00, 0x00, 0x00, 0x00, 0x00, 0x00, 0x00,
  0x00, 0x00, 0x00, 0x00, 0x00, 0x00, 0x00, 0x00, 0x00, 0x00, 0x00, 0x00,
  0x00, 0x00, 0x00, 0x00, 0x00, 0x00, 0x00, 0x00, 0x00, 0x00, 0x3F, 0xFF,
  0xFF, 0xFE, 0x00, 0x00, 0x3F, 0xFF, 0xFF, 0xFE, 0x00, 0x00, 0x3F, 0xFF,
  0xFF, 0xFE, 0x00, 0x00, 0x3F, 0xFF, 0xFF, 0xFE, 0x00, 0x00, 0x3F, 0xFF,
  0xFF, 0xFE, 0x00, 0x00, 0x3F, 0xFF, 0xFF, 0xFE, 0x00, 0x00, 0x3F, 0xFF,
  0xFF, 0xFE, 0x00, 0x00, 0x3F, 0xFF, 0xFF, 0xFE, 0x00, 0x00, 0x3F, 0xFF,
  0xFF, 0xFE, 0x00, 0x00, 0x3F, 0xFF, 0xFF, 0xFE, 0x00, 0x00, 0x3F, 0xFF,
  0xFF, 0xFE, 0x00, 0x00, 0x00, 0x00, 0x1F, 0xFE, 0x00, 0x00, 0x00, 0x00,
  0x1F, 0xFE, 0x00, 0x00, 0x00, 0x00, 0x1F, 0xFE, 0x00, 0x00, 0x00, 0x00,
  0x1F, 0xFE, 0x00, 0x00, 0x00, 0x00, 0x1F, 0xFE, 0x00, 0x00, 0x00, 0x00,
  0x1F, 0xFE, 0x00, 0x00, 0x00, 0x00, 0x1F, 0xFE, 0x00, 0x00, 0x00, 0x00,
  0x1F, 0xFE, 0x00, 0x00, 0x00, 0x00, 0x1F, 0xFE, 0x00, 0x00, 0x00, 0x00,
  0x1F, 0xFE, 0x00, 0x00, 0x00, 0x00, 0x1F, 0xFE, 0x00, 0x00, 0x00, 0x00,
  0x1F, 0xFE, 0x00, 0x00, 0x00, 0x00, 0x1F, 0xFE, 0x00, 0x00, 0x00, 0x00,
  0x1F, 0xFE, 0x00, 0x00, 0x00, 0x00, 0x1F, 0xFE, 0x00, 0x00, 0x00, 0x00,
  0x1F, 0xFE, 0x00, 0x00, 0x00, 0x00, 0x1F, 0xFE, 0x00, 0x00, 0x00, 0x00,
  0x1F, 0xFE, 0x00, 0x00, 0x00, 0x00, 0x1F, 0xFE, 0x00, 0x00, 0x00, 0x00,
  0x1F, 0xFE, 0x00, 0x00, 0x00, 0x00, 0x1F, 0xFE, 0x00, 0x00, 0x00, 0x00,
  0x1F, 0xFE, 0x00, 0x00, 0x00, 0x00, 0x1F, 0xFE, 0x00, 0x00, 0x00, 0x00,
  0x1F, 0xFE, 0x00, 0x00, 0x00, 0x00, 0x1F, 0xFE, 0x00, 0x00, 0x00, 0x00,
  0x1F, 0xFE, 0x00, 0x00, 0x00, 0x00, 0x1F, 0xFE, 0x00, 0x00, 0x00, 0x00,
  0x1F, 0xFE, 0x00, 0x00, 0x00, 0x00, 0x1F, 0xFE, 0x00, 0x00, 0x00, 0x00,
  0x1F, 0xFE, 0x00, 0x00, 0x00, 0x00, 0x1F, 0xFE, 0x00, 0x00, 0x00, 0x00,
  0x1F, 0xFE, 0x00, 0x00, 0xFF, 0xFF, 0xFF, 0xFF, 0xFF, 0xFF, 0xFF, 0xFF,
  0xFF, 0xFF, 0xFF, 0xFF, 0xFF, 0xFF, 0xFF, 0xFF, 0xFF, 0xFF, 0xFF, 0xFF,
  0xFF, 0xFF, 0xFF, 0xFF, 0xFF, 0xFF, 0xFF, 0xFF, 0xFF, 0xFF, 0xFF, 0xFF,
  0xFF, 0xFF, 0xFF, 0xFF, 0xFF, 0xFF, 0xFF, 0xFF, 0xFF, 0xFF, 0xFF, 0xFF,
  0xFF, 0xFF, 0xFF, 0xFF, 0xFF, 0xFF, 0xFF, 0xFF, 0xFF, 0xFF, 0xFF, 0xFF,
  0xFF, 0xFF, 0xFF, 0xFF, 0xFF, 0xFF, 0xFF, 0xFF, 0xFF, 0xFF, 0x00, 0x00,
  0x00, 0x1F, 0xC0, 0x00, 0x00, 0x00, 0xFF, 0xE0, 0x00, 0x00, 0x03, 0xFF,
  0xE0, 0x00, 0x00, 0x0F, 0xFF, 0xE0, 0x00, 0x00, 0x1F, 0xFF, 0xC0, 0x00,
  0x00, 0x3F, 0xFF, 0xC0, 0x00, 0x00, 0x7F, 0xFF, 0x80, 0x00, 0x00, 0xFF,
  0xFF, 0x00, 0x00, 0x01, 0xFF, 0xFE, 0x00, 0x00, 0x03, 0xFF, 0xF8, 0x00,
  0x00, 0x07, 0xFF, 0xF0, 0x00, 0x00, 0x07, 0xFF, 0xC0, 0x00, 0x00, 0x07,
  0xFF, 0x00, 0x00, 0x00, 0x03, 0xF8, 0x00, 0x00, 0x00, 0x00, 0x00, 0x00,
  0x00, 0x00, 0x00, 0x00, 0x00, 0x00, 0x00, 0x00, 0x00, 0x00, 0x00, 0x00,
  0x00, 0x00, 0x00, 0x00, 0x00, 0x00, 0x00, 0x00, 0x00, 0x00, 0x00, 0x00,
  0x00, 0x00, 0x00, 0x00, 0x00, 0x00, 0x00, 0x00, 0x00, 0x00, 0x00, 0x00,
  0x00, 0x00, 0x7F, 0xFF, 0xFF, 0xFF, 0xFE, 0xFF, 0xFF, 0xFF, 0xFF, 0xFD,
  0xFF, 0xFF, 0xFF, 0xFF, 0xFB, 0xFF, 0xFF, 0xFF, 0xFF, 0xF7, 0xFF, 0xFF,
  0xFF, 0xFF, 0xEF, 0xFF, 0xFF, 0xFF, 0xFF, 0xDF, 0xFF, 0xFF, 0xFF, 0xFF,
  0xBF, 0xFF, 0xFF, 0xFF, 0xFF, 0x7F, 0xFF, 0xFF, 0xFF, 0xFE, 0xFF, 0xFF,
  0xFF, 0xFF, 0xFD, 0xFF, 0xFF, 0xFF, 0xFF, 0xF8, 0x00, 0x00, 0x01, 0xFF,
  0xF0, 0x00, 0x00, 0x03, 0xFF, 0xE0, 0x00, 0x00, 0x07, 0xFF, 0xC0, 0x00,
  0x00, 0x0F, 0xFF, 0x80, 0x00, 0x00, 0x1F, 0xFF, 0x00, 0x00, 0x00, 0x3F,
  0xFE, 0x00, 0x00, 0x00, 0x7F, 0xFC, 0x00, 0x00, 0x00, 0xFF, 0xF8, 0x00,
  0x00, 0x01, 0xFF, 0xF0, 0x00, 0x00, 0x03, 0xFF, 0xE0, 0x00, 0x00, 0x07,
  0xFF, 0xC0, 0x00, 0x00, 0x0F, 0xFF, 0x80, 0x00, 0x00, 0x1F, 0xFF, 0x00,
  0x00, 0x00, 0x3F, 0xFE, 0x00, 0x00, 0x00, 0x7F, 0xFC, 0x00, 0x00, 0x00,
  0xFF, 0xF8, 0x00, 0x00, 0x01, 0xFF, 0xF0, 0x00, 0x00, 0x03, 0xFF, 0xE0,
  0x00, 0x00, 0x07, 0xFF, 0xC0, 0x00, 0x00, 0x0F, 0xFF, 0x80, 0x00, 0x00,
  0x1F, 0xFF, 0x00, 0x00, 0x00, 0x3F, 0xFE, 0x00, 0x00, 0x00, 0x7F, 0xFC,
  0x00, 0x00, 0x00, 0xFF, 0xF8, 0x00, 0x00, 0x01, 0xFF, 0xF0, 0x00, 0x00,
  0x03, 0xFF, 0xE0, 0x00, 0x00, 0x07, 0xFF, 0xC0, 0x00, 0x00, 0x0F, 0xFF,
  0x80, 0x00, 0x00, 0x1F, 0xFF, 0x00, 0x00, 0x00, 0x3F, 0xFE, 0x00, 0x00,
  0x00, 0x7F, 0xFC, 0x00, 0x00, 0x00, 0xFF, 0xF8, 0x00, 0x00, 0x01, 0xFF,
  0xF0, 0x00, 0x00, 0x03, 0xFF, 0xE0, 0x00, 0x00, 0x07, 0xFF, 0xC0, 0x00,
  0x00, 0x0F, 0xFF, 0x80, 0x00, 0x00, 0x1F, 0xFF, 0x00, 0x00, 0x00, 0x3F,
  0xFE, 0x00, 0x00, 0x00, 0x7F, 0xFC, 0x00, 0x00, 0x00, 0xFF, 0xF8, 0x00,
  0x00, 0x01, 0xFF, 0xF0, 0x00, 0x00, 0x03, 0xFF, 0xE0, 0x00, 0x00, 0x07,
  0xFF, 0x80, 0x00, 0x00, 0x0F, 0xFF, 0x00, 0x00, 0x00, 0x3F, 0xFE, 0x00,
  0x00, 0x00, 0x7F, 0xFC, 0x00, 0x00, 0x01, 0xFF, 0xF8, 0x00, 0x00, 0x03,
  0xFF, 0xF0, 0x00, 0x00, 0x1F, 0xFF, 0xC0, 0x00, 0x00, 0x7F, 0xFF, 0x87,
  0xFF, 0xFF, 0xFF, 0xFE, 0x0F, 0xFF, 0xFF, 0xFF, 0xFC, 0x1F, 0xFF, 0xFF,
  0xFF, 0xF0, 0x3F, 0xFF, 0xFF, 0xFF, 0xC0, 0x7F, 0xFF, 0xFF, 0xFF, 0x80,
  0xFF, 0xFF, 0xFF, 0xFC, 0x01, 0xFF, 0xFF, 0xFF, 0xF0, 0x03, 0xFF, 0xFF,
  0xFF, 0xC0, 0x07, 0xFF, 0xFF, 0xFE, 0x00, 0x0F, 0xFF, 0xFF, 0xF0, 0x00,
  0x1F, 0xFF, 0xFE, 0x00, 0x00, 0x00, 0xFF, 0xF0, 0x00, 0x00, 0x00, 0x00,
  0xFF, 0xF0, 0x00, 0x00, 0x00, 0x00, 0xFF, 0xF0, 0x00, 0x00, 0x00, 0x00,
  0xFF, 0xF0, 0x00, 0x00, 0x00, 0x00, 0xFF, 0xF0, 0x00, 0x00, 0x00, 0x00,
  0xFF, 0xF0, 0x00, 0x00, 0x00, 0x00, 0xFF, 0xF0, 0x00, 0x00, 0x00, 0x00,
  0xFF, 0xF0, 0x00, 0x00, 0x00, 0x00, 0xFF, 0xF0, 0x00, 0x00, 0x00, 0x00,
  0xFF, 0xF0, 0x00, 0x00, 0x00, 0x00, 0xFF, 0xF0, 0x00, 0x00, 0x00, 0x00,
  0xFF, 0xF0, 0x00, 0x00, 0x00, 0x00, 0xFF, 0xF0, 0x00, 0x00, 0x00, 0x00,
  0xFF, 0xF0, 0x00, 0x00, 0x00, 0x00, 0xFF, 0xF0, 0x00, 0x00, 0x00, 0x00,
  0xFF, 0xF0, 0x00, 0x00, 0x00, 0x00, 0xFF, 0xF0, 0x00, 0x00, 0x00, 0x00,
  0xFF, 0xF0, 0x00, 0x00, 0x00, 0x00, 0xFF, 0xF0, 0x00, 0x00, 0x7F, 0xFE,
  0xFF, 0xF0, 0x00, 0x00, 0x7F, 0xFC, 0xFF, 0xF0, 0x00, 0x00, 0xFF, 0xFC,
  0xFF, 0xF0, 0x00, 0x00, 0xFF, 0xF8, 0xFF, 0xF0, 0x00, 0x01, 0xFF, 0xF8,
  0xFF, 0xF0, 0x00, 0x03, 0xFF, 0xF0, 0xFF, 0xF0, 0x00, 0x03, 0xFF, 0xE0,
  0xFF, 0xF0, 0x00, 0x07, 0xFF, 0xE0, 0xFF, 0xF0, 0x00, 0x07, 0xFF, 0xC0,
  0xFF, 0xF0, 0x00, 0x0F, 0xFF, 0xC0, 0xFF, 0xF0, 0x00, 0x1F, 0xFF, 0x80,
  0xFF, 0xF0, 0x00, 0x1F, 0xFF, 0x00, 0xFF, 0xF0, 0x00, 0x3F, 0xFF, 0x00,
  0xFF, 0xF0, 0x00, 0x7F, 0xFE, 0x00, 0xFF, 0xF0, 0x00, 0x7F, 0xFE, 0x00,
  0xFF, 0xF0, 0x00, 0xFF, 0xFC, 0x00, 0xFF, 0xF0, 0x00, 0xFF, 0xF8, 0x00,
  0xFF, 0xF0, 0x01, 0xFF, 0xF8, 0x00, 0xFF, 0xF0, 0x03, 0xFF, 0xF0, 0x00,
  0xFF, 0xF0, 0x03, 0xFF, 0xE0, 0x00, 0xFF, 0xF0, 0x07, 0xFF, 0xE0, 0x00,
  0xFF, 0xFF, 0xFF, 0xFF, 0xC0, 0x00, 0xFF, 0xFF, 0xFF, 0xFF, 0xC0, 0x00,
  0xFF, 0xFF, 0xFF, 0xFF, 0x80, 0x00, 0xFF, 0xFF, 0xFF, 0xFF, 0x00, 0x00,
  0xFF, 0xFF, 0xFF, 0xFF, 0x00, 0x00, 0xFF, 0xFF, 0xFF, 0xFF, 0x00, 0x00,
  0xFF, 0xFF, 0xFF, 0xFF, 0x00, 0x00, 0xFF, 0xFF, 0xFF, 0xFF, 0x80, 0x00,
  0xFF, 0xFF, 0xFF, 0xFF, 0x80, 0x00, 0xFF, 0xFF, 0xFF, 0xFF, 0xC0, 0x00,
  0xFF, 0xFF, 0xFF, 0xFF, 0xE0, 0x00, 0xFF, 0xF0, 0x07, 0xFF, 0xE0, 0x00,
  0xFF, 0xF0, 0x03, 0xFF, 0xF0, 0x00, 0xFF, 0xF0, 0x01, 0xFF, 0xF0, 0x00,
  0xFF, 0xF0, 0x01, 0xFF, 0xF8, 0x00, 0xFF, 0xF0, 0x00, 0xFF, 0xFC, 0x00,
  0xFF, 0xF0, 0x00, 0xFF, 0xFC, 0x00, 0xFF, 0xF0, 0x00, 0x7F, 0xFE, 0x00,
  0xFF, 0xF0, 0x00, 0x7F, 0xFE, 0x00, 0xFF, 0xF0, 0x00, 0x3F, 0xFF, 0x00,
  0xFF, 0xF0, 0x00, 0x1F, 0xFF, 0x80, 0xFF, 0xF0, 0x00, 0x1F, 0xFF, 0x80,
  0xFF, 0xF0, 0x00, 0x0F, 0xFF, 0xC0, 0xFF, 0xF0, 0x00, 0x0F, 0xFF, 0xC0,
  0xFF, 0xF0, 0x00, 0x07, 0xFF, 0xE0, 0xFF, 0xF0, 0x00, 0x03, 0xFF, 0xF0,
  0xFF, 0xF0, 0x00, 0x03, 0xFF, 0xF0, 0xFF, 0xF0, 0x00, 0x01, 0xFF, 0xF8,
  0xFF, 0xF0, 0x00, 0x01, 0xFF, 0xF8, 0xFF, 0xF0, 0x00, 0x00, 0xFF, 0xFC,
  0xFF, 0xF0, 0x00, 0x00, 0x7F, 0xFC, 0xFF, 0xF0, 0x00, 0x00, 0x7F, 0xFE,
  0xFF, 0xF0, 0x00, 0x00, 0x3F, 0xFF, 0xFF, 0xFF, 0xFF, 0xFC, 0x00, 0x00,
  0x0F, 0xFF, 0xFF, 0xFF, 0xC0, 0x00, 0x00, 0xFF, 0xFF, 0xFF, 0xFC, 0x00,
  0x00, 0x0F, 0xFF, 0xFF, 0xFF, 0xC0, 0x00, 0x00, 0xFF, 0xFF, 0xFF, 0xFC,
  0x00, 0x00, 0x0F, 0xFF, 0xFF, 0xFF, 0xC0, 0x00, 0x00, 0xFF, 0xFF, 0xFF,
  0xFC, 0x00, 0x00, 0x0F, 0xFF, 0xFF, 0xFF, 0xC0, 0x00, 0x00, 0xFF, 0xFF,
  0xFF, 0xFC, 0x00, 0x00, 0x0F, 0xFF, 0xFF, 0xFF, 0xC0, 0x00, 0x00, 0xFF,
  0xFF, 0xFF, 0xFC, 0x00, 0x00, 0x00, 0x00, 0x07, 0xFF, 0xC0, 0x00, 0x00,
  0x00, 0x00, 0x7F, 0xFC, 0x00, 0x00, 0x00, 0x00, 0x07, 0xFF, 0xC0, 0x00,
  0x00, 0x00, 0x00, 0x7F, 0xFC, 0x00, 0x00, 0x00, 0x00, 0x07, 0xFF, 0xC0,
  0x00, 0x00, 0x00, 0x00, 0x7F, 0xFC, 0x00, 0x00, 0x00, 0x00, 0x07, 0xFF,
  0xC0, 0x00, 0x00, 0x00, 0x00, 0x7F, 0xFC, 0x00, 0x00, 0x00, 0x00, 0x07,
  0xFF, 0xC0, 0x00, 0x00, 0x00, 0x00, 0x7F, 0xFC, 0x00, 0x00, 0x00, 0x00,
  0x07, 0xFF, 0xC0, 0x00, 0x00, 0x00, 0x00, 0x7F, 0xFC, 0x00, 0x00, 0x00,
  0x00, 0x07, 0xFF, 0xC0, 0x00, 0x00, 0x00, 0x00, 0x7F, 0xFC, 0x00, 0x00,
  0x00, 0x00, 0x07, 0xFF, 0xC0, 0x00, 0x00, 0x00, 0x00, 0x7F, 0xFC, 0x00,
  0x00, 0x00, 0x00, 0x07, 0xFF, 0xC0, 0x00, 0x00, 0x00, 0x00, 0x7F, 0xFC,
  0x00, 0x00, 0x00, 0x00, 0x07, 0xFF, 0xC0, 0x00, 0x00, 0x00, 0x00, 0x7F,
  0xFC, 0x00, 0x00, 0x00, 0x00, 0x07, 0xFF, 0xC0, 0x00, 0x00, 0x00, 0x00,
  0x7F, 0xFC, 0x00, 0x00, 0x00, 0x00, 0x07, 0xFF, 0xC0, 0x00, 0x00, 0x00,
  0x00, 0x7F, 0xFC, 0x00, 0x00, 0x00, 0x00, 0x07, 0xFF, 0xC0, 0x00, 0x00,
  0x00, 0x00, 0x7F, 0xFC, 0x00, 0x00, 0x00, 0x00, 0x07, 0xFF, 0xC0, 0x00,
  0x00, 0x00, 0x00, 0x7F, 0xFC, 0x00, 0x00, 0x00, 0x00, 0x07, 0xFF, 0xC0,
  0x00, 0x00, 0x00, 0x00, 0x7F, 0xFC, 0x00, 0x00, 0x00, 0x00, 0x07, 0xFF,
  0xC0, 0x00, 0x00, 0x00, 0x00, 0x7F, 0xFC, 0x00, 0x00, 0x00, 0x00, 0x07,
  0xFF, 0xC0, 0x00, 0x00, 0x00, 0x00, 0x7F, 0xFC, 0x00, 0x00, 0x00, 0x00,
  0x07, 0xFF, 0xC0, 0x00, 0x00, 0x00, 0x00, 0x7F, 0xFC, 0x00, 0x00, 0x00,
  0x00, 0x07, 0xFF, 0xC0, 0x00, 0x00, 0x00, 0x00, 0x7F, 0xFC, 0x00, 0x00,
  0x00, 0x00, 0x07, 0xFF, 0xC0, 0x00, 0x00, 0x00, 0x00, 0x7F, 0xFC, 0x00,
  0x00, 0x00, 0x00, 0x07, 0xFF, 0xC0, 0x00, 0x00, 0x00, 0x00, 0x7F, 0xFC,
  0x00, 0x00, 0x00, 0x00, 0x07, 0xFF, 0xC0, 0x00, 0x00, 0x00, 0x00, 0x7F,
  0xFC, 0x00, 0x00, 0x00, 0x00, 0x07, 0xFF, 0xC0, 0x00, 0x00, 0x00, 0x00,
  0x7F, 0xFC, 0x00, 0x00, 0x00, 0x00, 0x03, 0xFF, 0xC0, 0x00, 0x00, 0x00,
  0x00, 0x3F, 0xFE, 0x00, 0x00, 0x00, 0x00, 0x03, 0xFF, 0xE0, 0x00, 0x00,
  0x00, 0x00, 0x3F, 0xFF, 0x80, 0x00, 0x00, 0x00, 0x01, 0xFF, 0xFF, 0xFF,
  0xFF, 0x00, 0x00, 0x1F, 0xFF, 0xFF, 0xFF, 0xF0, 0x00, 0x01, 0xFF, 0xFF,
  0xFF, 0xFF, 0x00, 0x00, 0x0F, 0xFF, 0xFF, 0xFF, 0xF0, 0x00, 0x00, 0x7F,
  0xFF, 0xFF, 0xFF, 0x00, 0x00, 0x03, 0xFF, 0xFF, 0xFF, 0xF0, 0x00, 0x00,
  0x1F, 0xFF, 0xFF, 0xFF, 0x00, 0x00, 0x00, 0xFF, 0xFF, 0xFF, 0xF0, 0x00,
  0x00, 0x07, 0xFF, 0xFF, 0xFF, 0x00, 0x00, 0x00, 0x1F, 0xFF, 0xFF, 0xF0,
  0x00, 0x00, 0x00, 0x3F, 0xFF, 0xFF, 0x00, 0x00, 0xFC, 0x00, 0x1F, 0x80,
  0x7F, 0xE1, 0xFF, 0x80, 0x7F, 0xF0, 0x3F, 0xF1, 0xFF, 0xE0, 0x7F, 0xFE,
  0x1F, 0xF9, 0xFF, 0xF8, 0x7F, 0xFF, 0x8F, 0xFD, 0xFF, 0xFE, 0x3F, 0xFF,
  0xC7, 0xFE, 0xFF, 0xFF, 0xBF, 0xFF, 0xF3, 0xFF, 0xFF, 0xFF, 0xDF, 0xFF,
  0xFD, 0xFF, 0xFF, 0xFF, 0xEF, 0xFF, 0xFE, 0xFF, 0xFF, 0xFF, 0xFF, 0xFF,
  0xFF, 0x7F, 0xFC, 0x3F, 0xFF, 0x07, 0xFF, 0xFF, 0xFC, 0x0F, 0xFF, 0x01,
  0xFF, 0xFF, 0xFC, 0x03, 0xFF, 0x80, 0x7F, 0xFF, 0xFE, 0x01, 0xFF, 0x80,
  0x3F, 0xFF, 0xFE, 0x00, 0xFF, 0xC0, 0x1F, 0xFF, 0xFF, 0x00, 0x7F, 0xE0,
  0x0F, 0xFF, 0xFF, 0x80, 0x3F, 0xF0, 0x07, 0xFF, 0xFF, 0xC0, 0x1F, 0xF8,
  0x03, 0xFF, 0xFF, 0xE0, 0x0F, 0xFC, 0x01, 0xFF, 0xFF, 0xF0, 0x07, 0xFE,
  0x00, 0xFF, 0xFF, 0xF8, 0x03, 0xFF, 0x00, 0x7F, 0xFF, 0xFC, 0x01, 0xFF,
  0x80, 0x3F, 0xFF, 0xFE, 0x00, 0xFF, 0xC0, 0x1F, 0xFF, 0xFF, 0x00, 0x7F,
  0xE0, 0x0F, 0xFF, 0xFF, 0x80, 0x3F, 0xF0, 0x07, 0xFF, 0xFF, 0xC0, 0x1F,
  0xF8, 0x03, 0xFF, 0xFF, 0xE0, 0x0F, 0xFC, 0x01, 0xFF, 0xFF, 0xF0, 0x07,
  0xFE, 0x00, 0xFF, 0xFF, 0xF8, 0x03, 0xFF, 0x00, 0x7F, 0xFF, 0xFC, 0x01,
  0xFF, 0x80, 0x3F, 0xFF, 0xFE, 0x00, 0xFF, 0xC0, 0x1F, 0xFF, 0xFF, 0x00,
  0x7F, 0xE0, 0x0F, 0xFF, 0xFF, 0x80, 0x3F, 0xF0, 0x07, 0xFF, 0xFF, 0xC0,
  0x1F, 0xF8, 0x03, 0xFF, 0xFF, 0xE0, 0x0F, 0xFC, 0x01, 0xFF, 0xFF, 0xF0,
  0x07, 0xFE, 0x00, 0xFF, 0xFF, 0xF8, 0x03, 0xFF, 0x00, 0x7F, 0xFF, 0xFC,
  0x01, 0xFF, 0x80, 0x3F, 0xFF, 0xFE, 0x00, 0xFF, 0xC0, 0x1F, 0xFF, 0xFF,
  0x00, 0x7F, 0xE0, 0x0F, 0xFF, 0xFF, 0x80, 0x3F, 0xF0, 0x07, 0xFF, 0xFF,
  0xC0, 0x1F, 0xF8, 0x03, 0xFF, 0xFF, 0xE0, 0x0F, 0xFC, 0x01, 0xFF, 0xFF,
  0xF0, 0x07, 0xFE, 0x00, 0xFF, 0xFF, 0xF8, 0x03, 0xFF, 0x00, 0x7F, 0xFF,
  0xFC, 0x01, 0xFF, 0x80, 0x3F, 0xFF, 0xFE, 0x00, 0xFF, 0xC0, 0x1F, 0xFF,
  0xFF, 0x00, 0x7F, 0xE0, 0x0F, 0xFF, 0xFF, 0x80, 0x3F, 0xF0, 0x07, 0xFF,
  0xFF, 0xC0, 0x1F, 0xF8, 0x03, 0xFF, 0xFF, 0xE0, 0x0F, 0xFC, 0x01, 0xFF,
  0xFF, 0xF0, 0x07, 0xFE, 0x00, 0xFF, 0xFF, 0xF8, 0x03, 0xFF, 0x00, 0x7F,
  0xFF, 0xFC, 0x01, 0xFF, 0x80, 0x3F, 0xFF, 0xFE, 0x00, 0xFF, 0xC0, 0x1F,
  0xFF, 0xFF, 0x00, 0x7F, 0xE0, 0x0F, 0xFE, 0x00, 0x00, 0x03, 0xFE, 0x00,
  0x1F, 0xFE, 0x03, 0xFF, 0xF8, 0x03, 0xFF, 0xC1, 0xFF, 0xFF, 0x80, 0x7F,
  0xF8, 0x7F, 0xFF, 0xFC, 0x0F, 0xFF, 0x1F, 0xFF, 0xFF, 0xC1, 0xFF, 0xE7,
  0xFF, 0xFF, 0xFC, 0x3F, 0xFD, 0xFF, 0xFF, 0xFF, 0xC7, 0xFF, 0xBF, 0xFF,
  0xFF, 0xF8, 0xFF, 0xFF, 0xFF, 0xFF, 0xFF, 0x9F, 0xFF, 0xFF, 0xFF, 0xFF,
  0xF3, 0xFF, 0xFF, 0xFF, 0xFF, 0xFF, 0x7F, 0xFF, 0xC0, 0x1F, 0xFF, 0xEF,
  0xFF, 0xF0, 0x00, 0xFF, 0xFF, 0xFF, 0xF8, 0x00, 0x0F, 0xFF, 0xFF, 0xFF,
  0x00, 0x01, 0xFF, 0xFF, 0xFF, 0xC0, 0x00, 0x1F, 0xFF, 0xFF, 0xF8, 0x00,
  0x03, 0xFF, 0xFF, 0xFE, 0x00, 0x00, 0x3F, 0xFF, 0xFF, 0xC0, 0x00, 0x07,
  0xFF, 0xFF, 0xF8, 0x00, 0x00, 0xFF, 0xFF, 0xFF, 0x00, 0x00, 0x1F, 0xFF,
  0xFF, 0xE0, 0x00, 0x03, 0xFF, 0xFF, 0xFC, 0x00, 0x00, 0x7F, 0xFF, 0xFF,
  0x80, 0x00, 0x0F, 0xFF, 0xFF, 0xF0, 0x00, 0x01, 0xFF, 0xFF, 0xFE, 0x00,
  0x00, 0x3F, 0xFF, 0xFF, 0xC0, 0x00, 0x07, 0xFF, 0xFF, 0xF8, 0x00, 0x00,
  0xFF, 0xFF, 0xFF, 0x00, 0x00, 0x1F, 0xFF, 0xFF, 0xE0, 0x00, 0x03, 0xFF,
  0xFF, 0xFC, 0x00, 0x00, 0x7F, 0xFF, 0xFF, 0x80, 0x00, 0x0F, 0xFF, 0xFF,
  0xF0, 0x00, 0x01, 0xFF, 0xFF, 0xFE, 0x00, 0x00, 0x3F, 0xFF, 0xFF, 0xC0,
  0x00, 0x07, 0xFF, 0xFF, 0xF8, 0x00, 0x00, 0xFF, 0xFF, 0xFF, 0x00, 0x00,
  0x1F, 0xFF, 0xFF, 0xE0, 0x00, 0x03, 0xFF, 0xFF, 0xFC, 0x00, 0x00, 0x7F,
  0xFF, 0xFF, 0x80, 0x00, 0x0F, 0xFF, 0xFF, 0xF0, 0x00, 0x01, 0xFF, 0xFF,
  0xFE, 0x00, 0x00, 0x3F, 0xFF, 0xFF, 0xC0, 0x00, 0x07, 0xFF, 0xFF, 0xF8,
  0x00, 0x00, 0xFF, 0xFF, 0xFF, 0x00, 0x00, 0x1F, 0xFF, 0xFF, 0xE0, 0x00,
  0x03, 0xFF, 0xFF, 0xFC, 0x00, 0x00, 0x7F, 0xFF, 0xFF, 0x80, 0x00, 0x0F,
  0xFF, 0xFF, 0xF0, 0x00, 0x01, 0xFF, 0xFF, 0xFE, 0x00, 0x00, 0x3F, 0xFF,
  0xFF, 0xC0, 0x00, 0x07, 0xFF, 0xFF, 0xF8, 0x00, 0x00, 0xFF, 0xFF, 0xFF,
  0x00, 0x00, 0x1F, 0xFF, 0xFF, 0xE0, 0x00, 0x03, 0xFF, 0xFF, 0xFC, 0x00,
  0x00, 0x7F, 0xF8, 0x00, 0x00, 0x7F, 0xF0, 0x00, 0x00, 0x00, 0x3F, 0xFF,
  0xF8, 0x00, 0x00, 0x07, 0xFF, 0xFF, 0xF0, 0x00, 0x00, 0xFF, 0xFF, 0xFF,
  0xE0, 0x00, 0x1F, 0xFF, 0xFF, 0xFF, 0x80, 0x01, 0xFF, 0xFF, 0xFF, 0xFF,
  0x00, 0x1F, 0xFF, 0xFF, 0xFF, 0xFC, 0x01, 0xFF, 0xFF, 0xFF, 0xFF, 0xE0,
  0x0F, 0xFF, 0xFF, 0xFF, 0xFF, 0x80, 0xFF, 0xFF, 0xFF, 0xFF, 0xFE, 0x0F,
  0xFF, 0xFF, 0xFF, 0xFF, 0xF0, 0x7F, 0xFF, 0x80, 0x3F, 0xFF, 0xC7, 0xFF,
  0xF0, 0x00, 0x7F, 0xFE, 0x3F, 0xFF, 0x00, 0x01, 0xFF, 0xF9, 0xFF, 0xF0,
  0x00, 0x07, 0xFF, 0xCF, 0xFF, 0x00, 0x00, 0x3F, 0xFE, 0xFF, 0xF8, 0x00,
  0x00, 0xFF, 0xF7, 0xFF, 0xC0, 0x00, 0x07, 0xFF, 0xFF, 0xFC, 0x00, 0x00,
  0x3F, 0xFF, 0xFF, 0xE0, 0x00, 0x00, 0xFF, 0xFF, 0xFF, 0x00, 0x00, 0x07,
  0xFF, 0xFF, 0xF8, 0x00, 0x00, 0x3F, 0xFF, 0xFF, 0xC0, 0x00, 0x01, 0xFF,
  0xFF, 0xFE, 0x00, 0x00, 0x0F, 0xFF, 0xFF, 0xF0, 0x00, 0x00, 0x7F, 0xFF,
  0xFF, 0x80, 0x00, 0x03, 0xFF, 0xFF, 0xFC, 0x00, 0x00, 0x1F, 0xFF, 0xFF,
  0xE0, 0x00, 0x00, 0xFF, 0xFF, 0xFF, 0x00, 0x00, 0x07, 0xFF, 0xFF, 0xF8,
  0x00, 0x00, 0x3F, 0xFF, 0xFF, 0xC0, 0x00, 0x01, 0xFF, 0xFF, 0xFE, 0x00,
  0x00, 0x0F, 0xFF, 0xFF, 0xF0, 0x00, 0x00, 0x7F, 0xFF, 0xFF, 0x80, 0x00,
  0x03, 0xFF, 0xFF, 0xFC, 0x00, 0x00, 0x1F, 0xFF, 0xFF, 0xE0, 0x00, 0x00,
  0xFF, 0xFF, 0xFF, 0x00, 0x00, 0x07, 0xFF, 0xFF, 0xF8, 0x00, 0x00, 0x7F,
  0xFF, 0xFF, 0xE0, 0x00, 0x03, 0xFF, 0xFF, 0xFF, 0x00, 0x00, 0x1F, 0xFE,
  0xFF, 0xF8, 0x00, 0x01, 0xFF, 0xF3, 0xFF, 0xE0, 0x00, 0x0F, 0xFF, 0x9F,
  0xFF, 0x80, 0x00, 0xFF, 0xFC, 0xFF, 0xFE, 0x00, 0x0F, 0xFF, 0xC3, 0xFF,
  0xFC, 0x01, 0xFF, 0xFE, 0x1F, 0xFF, 0xFF, 0xFF, 0xFF, 0xE0, 0x7F, 0xFF,
  0xFF, 0xFF, 0xFF, 0x01, 0xFF, 0xFF, 0xFF, 0xFF, 0xF0, 0x0F, 0xFF, 0xFF,
  0xFF, 0xFF, 0x00, 0x3F, 0xFF, 0xFF, 0xFF, 0xF0, 0x00, 0xFF, 0xFF, 0xFF,
  0xFF, 0x80, 0x03, 0xFF, 0xFF, 0xFF, 0xF0, 0x00, 0x07, 0xFF, 0xFF, 0xFF,
  0x00, 0x00, 0x0F, 0xFF, 0xFF, 0xE0, 0x00, 0x00, 0x1F, 0xFF, 0xFC, 0x00,
  0x00, 0x00, 0x0F, 0xFE, 0x00, 0x00, 0x00, 0x00, 0x03, 0xFE, 0x00, 0x0F,
  0xFF, 0x01, 0xFF, 0xFC, 0x00, 0xFF, 0xF0, 0x7F, 0xFF, 0xE0, 0x0F, 0xFF,
  0x0F, 0xFF, 0xFF, 0x80, 0xFF, 0xF1, 0xFF, 0xFF, 0xFC, 0x0F, 0xFF, 0x3F,
  0xFF, 0xFF, 0xE0, 0xFF, 0xF3, 0xFF, 0xFF, 0xFF, 0x0F, 0xFF, 0x7F, 0xFF,
  0xFF, 0xF0, 0xFF, 0xF7, 0xFF, 0xFF, 0xFF, 0x8F, 0xFF, 0xFF, 0xFF, 0xFF,
  0xFC, 0xFF, 0xFF, 0xFF, 0xFF, 0xFF, 0xCF, 0xFF, 0xF8, 0x03, 0xFF, 0xFC,
  0xFF, 0xFF, 0x00, 0x0F, 0xFF, 0xEF, 0xFF, 0xC0, 0x00, 0x7F, 0xFE, 0xFF,
  0xFC, 0x00, 0x03, 0xFF, 0xEF, 0xFF, 0x80, 0x00, 0x1F, 0xFE, 0xFF, 0xF8,
  0x00, 0x01, 0xFF, 0xFF, 0xFF, 0x00, 0x00, 0x1F, 0xFF, 0xFF, 0xF0, 0x00,
  0x01, 0xFF, 0xFF, 0xFF, 0x00, 0x00, 0x0F, 0xFF, 0xFF, 0xF0, 0x00, 0x00,
  0xFF, 0xFF, 0xFF, 0x00, 0x00, 0x0F, 0xFF, 0xFF, 0xF0, 0x00, 0x00, 0xFF,
  0xFF, 0xFF, 0x00, 0x00, 0x0F, 0xFF, 0xFF, 0xF0, 0x00, 0x00, 0xFF, 0xFF,
  0xFF, 0x00, 0x00, 0x0F, 0xFF, 0xFF, 0xF0, 0x00, 0x00, 0xFF, 0xFF, 0xFF,
  0x00, 0x00, 0x0F, 0xFF, 0xFF, 0xF0, 0x00, 0x00, 0xFF, 0xFF, 0xFF, 0x00,
  0x00, 0x0F, 0xFF, 0xFF, 0xF0, 0x00, 0x00, 0xFF, 0xFF, 0xFF, 0x00, 0x00,
  0x0F, 0xFF, 0xFF, 0xF0, 0x00, 0x00, 0xFF, 0xFF, 0xFF, 0x00, 0x00, 0x0F,
  0xFF, 0xFF, 0xF0, 0x00, 0x00, 0xFF, 0xFF, 0xFF, 0x00, 0x00, 0x0F, 0xFF,
  0xFF, 0xF0, 0x00, 0x00, 0xFF, 0xFF, 0xFF, 0x00, 0x00, 0x1F, 0xFF, 0xFF,
  0xF0, 0x00, 0x01, 0xFF, 0xFF, 0xFF, 0x80, 0x00, 0x1F, 0xFF, 0xFF, 0xF8,
  0x00, 0x01, 0xFF, 0xEF, 0xFF, 0xC0, 0x00, 0x3F, 0xFE, 0xFF, 0xFC, 0x00,
  0x07, 0xFF, 0xEF, 0xFF, 0xF0, 0x00, 0xFF, 0xFE, 0xFF, 0xFF, 0x80, 0x3F,
  0xFF, 0xCF, 0xFE, 0xFF, 0xFF, 0xFF, 0xFC, 0xFF, 0xEF, 0xFF, 0xFF, 0xFF,
  0x8F, 0xFE, 0xFF, 0xFF, 0xFF, 0xF8, 0xFF, 0xF7, 0xFF, 0xFF, 0xFF, 0x0F,
  0xFF, 0x7F, 0xFF, 0xFF, 0xF0, 0xFF, 0xF3, 0xFF, 0xFF, 0xFE, 0x0F, 0xFF,
  0x1F, 0xFF, 0xFF, 0xC0, 0xFF, 0xF0, 0xFF, 0xFF, 0xF8, 0x0F, 0xFF, 0x07,
  0xFF, 0xFF, 0x00, 0xFF, 0xF0, 0x1F, 0xFF, 0xC0, 0x0F, 0xFF, 0x00, 0x3F,
  0xE0, 0x00, 0xFF, 0xF0, 0x00, 0x00, 0x00, 0x0F, 0xFF, 0x00, 0x00, 0x00,
  0x00, 0xFF, 0xF0, 0x00, 0x00, 0x00, 0x0F, 0xFF, 0x00, 0x00, 0x00, 0x00,
  0xFF, 0xF0, 0x00, 0x00, 0x00, 0x0F, 0xFF, 0x00, 0x00, 0x00, 0x00, 0xFF,
  0xF0, 0x00, 0x00, 0x00, 0x0F, 0xFF, 0x00, 0x00, 0x00, 0x00, 0xFF, 0xF0,
  0x00, 0x00, 0x00, 0x0F, 0xFF, 0x00, 0x00, 0x00, 0x00, 0xFF, 0xF0, 0x00,
  0x00, 0x00, 0x0F, 0xFF, 0x00, 0x00, 0x00, 0x00, 0xFF, 0xF0, 0x00, 0x00,
  0x00, 0x0F, 0xFF, 0x00, 0x00, 0x00, 0x00, 0xFF, 0xF0, 0x00, 0x00, 0x00,
  0x0F, 0xFF, 0x00, 0x00, 0x00, 0x00, 0xFF, 0xF0, 0x00, 0x00, 0x00, 0x00,
  0x00, 0x07, 0xFC, 0x00, 0x00, 0x00, 0x03, 0xFF, 0xF8, 0x0F, 0xFF, 0x00,
  0xFF, 0xFF, 0xC0, 0xFF, 0xF0, 0x1F, 0xFF, 0xFF, 0x0F, 0xFF, 0x03, 0xFF,
  0xFF, 0xF8, 0xFF, 0xF0, 0x7F, 0xFF, 0xFF, 0xCF, 0xFF, 0x0F, 0xFF, 0xFF,
  0xFC, 0xFF, 0xF1, 0xFF, 0xFF, 0xFF, 0xEF, 0xFF, 0x1F, 0xFF, 0xFF, 0xFE,
  0xFF, 0xF3, 0xFF, 0xFF, 0xFF, 0xFF, 0xFF, 0x3F, 0xFF, 0xFF, 0xFF, 0xFF,
  0xF7, 0xFF, 0xF8, 0x03, 0xFF, 0xFF, 0x7F, 0xFF, 0x00, 0x0F, 0xFF, 0xF7,
  0xFF, 0xE0, 0x00, 0x7F, 0xFF, 0x7F, 0xFC, 0x00, 0x03, 0xFF, 0xFF, 0xFF,
  0x80, 0x00, 0x1F, 0xFF, 0xFF, 0xF8, 0x00, 0x01, 0xFF, 0xFF, 0xFF, 0x80,
  0x00, 0x1F, 0xFF, 0xFF, 0xF0, 0x00, 0x00, 0xFF, 0xFF, 0xFF, 0x00, 0x00,
  0x0F, 0xFF, 0xFF, 0xF0, 0x00, 0x00, 0xFF, 0xFF, 0xFF, 0x00, 0x00, 0x0F,
  0xFF, 0xFF, 0xF0, 0x00, 0x00, 0xFF, 0xFF, 0xFF, 0x00, 0x00, 0x0F, 0xFF,
  0xFF, 0xF0, 0x00, 0x00, 0xFF, 0xFF, 0xFF, 0x00, 0x00, 0x0F, 0xFF, 0xFF,
  0xF0, 0x00, 0x00, 0xFF, 0xFF, 0xFF, 0x00, 0x00, 0x0F, 0xFF, 0xFF, 0xF0,
  0x00, 0x00, 0xFF, 0xFF, 0xFF, 0x00, 0x00, 0x0F, 0xFF, 0xFF, 0xF0, 0x00,
  0x00, 0xFF, 0xFF, 0xFF, 0x00, 0x00, 0x0F, 0xFF, 0xFF, 0xF0, 0x00, 0x00,
  0xFF, 0xFF, 0xFF, 0x00, 0x00, 0x0F, 0xFF, 0xFF, 0xF0, 0x00, 0x00, 0xFF,
  0xFF, 0xFF, 0x00, 0x00, 0x0F, 0xFF, 0xFF, 0xF0, 0x00, 0x00, 0xFF, 0xFF,
  0xFF, 0x00, 0x00, 0x0F, 0xFF, 0xFF, 0xF8, 0x00, 0x01, 0xFF, 0xFF, 0xFF,
  0x80, 0x00, 0x1F, 0xFF, 0xFF, 0xF8, 0x00, 0x01, 0xFF, 0xF7, 0xFF, 0xC0,
  0x00, 0x3F, 0xFF, 0x7F, 0xFE, 0x00, 0x07, 0xFF, 0xF7, 0xFF, 0xF0, 0x00,
  0xFF, 0xFF, 0x7F, 0xFF, 0xC0, 0x3F, 0xFF, 0xF3, 0xFF, 0xFF, 0xFF, 0xFF,
  0xFF, 0x3F, 0xFF, 0xFF, 0xFF, 0xFF, 0xF1, 0xFF, 0xFF, 0xFF, 0xEF, 0xFF,
  0x1F, 0xFF, 0xFF, 0xFE, 0xFF, 0xF0, 0xFF, 0xFF, 0xFF, 0xCF, 0xFF, 0x07,
  0xFF, 0xFF, 0xFC, 0xFF, 0xF0, 0x3F, 0xFF, 0xFF, 0x8F, 0xFF, 0x01, 0xFF,
  0xFF, 0xF0, 0xFF, 0xF0, 0x0F, 0xFF, 0xFC, 0x0F, 0xFF, 0x00, 0x3F, 0xFF,
  0x80, 0xFF, 0xF0, 0x00, 0x7F, 0xC0, 0x0F, 0xFF, 0x00, 0x00, 0x00, 0x00,
  0xFF, 0xF0, 0x00, 0x00, 0x00, 0x0F, 0xFF, 0x00, 0x00, 0x00, 0x00, 0xFF,
  0xF0, 0x00, 0x00, 0x00, 0x0F, 0xFF, 0x00, 0x00, 0x00, 0x00, 0xFF, 0xF0,
  0x00, 0x00, 0x00, 0x0F, 0xFF, 0x00, 0x00, 0x00, 0x00, 0xFF, 0xF0, 0x00,
  0x00, 0x00, 0x0F, 0xFF, 0x00, 0x00, 0x00, 0x00, 0xFF, 0xF0, 0x00, 0x00,
  0x00, 0x0F, 0xFF, 0x00, 0x00, 0x00, 0x00, 0xFF, 0xF0, 0x00, 0x00, 0x00,
  0x0F, 0xFF, 0x00, 0x00, 0x00, 0x00, 0xFF, 0xF0, 0x00, 0x00, 0x00, 0x0F,
  0xFF, 0x00, 0x00, 0x00, 0x00, 0xFF, 0xF0, 0x00, 0x00, 0x00, 0x0F, 0xFF,
  0x00, 0x00, 0x00, 0x00, 0xFF, 0xF0, 0x00, 0x00, 0x01, 0xFF, 0x00, 0x07,
  0xFF, 0x80, 0x7F, 0xFF, 0x00, 0x3F, 0xFC, 0x0F, 0xFF, 0xFE, 0x01, 0xFF,
  0xE0, 0xFF, 0xFF, 0xF8, 0x0F, 0xFF, 0x0F, 0xFF, 0xFF, 0xE0, 0x7F, 0xF8,
  0xFF, 0xFF, 0xFF, 0x83, 0xFF, 0xCF, 0xFF, 0xFF, 0xFE, 0x1F, 0xFE, 0x7F,
  0xFF, 0xFF, 0xF8, 0xFF, 0xF7, 0xFF, 0xFF, 0xFF, 0xC7, 0xFF, 0xBF, 0xFF,
  0xFF, 0xFF, 0x3F, 0xFD, 0xFF, 0xFF, 0xFF, 0xF9, 0xFF, 0xEF, 0x80, 0x3F,
  0xFF, 0xEF, 0xFF, 0xF8, 0x00, 0x7F, 0xFF, 0x7F, 0xFF, 0x00, 0x01, 0xFF,
  0xFB, 0xFF, 0xF8, 0x00, 0x07, 0xFF, 0xDF, 0xFF, 0x80, 0x00, 0x3F, 0xFE,
  0xFF, 0xFC, 0x00, 0x00, 0xFF, 0xFF, 0xFF, 0xC0, 0x00, 0x07, 0xFF, 0xFF,
  0xFE, 0x00, 0x00, 0x3F, 0xFF, 0xFF, 0xF0, 0x00, 0x01, 0xFF, 0xFF, 0xFF,
  0x80, 0x00, 0x07, 0xFF, 0xFF, 0xFC, 0x00, 0x00, 0x3F, 0xFF, 0xFF, 0xE0,
  0x00, 0x01, 0xFF, 0xFF, 0xFF, 0x00, 0x00, 0x0F, 0xFF, 0xFF, 0xF8, 0x00,
  0x00, 0x7F, 0xFF, 0xFF, 0xC0, 0x00, 0x00, 0x00, 0x3F, 0xFE, 0x00, 0x00,
  0x00, 0x01, 0xFF, 0xF0, 0x00, 0x00, 0x00, 0x0F, 0xFF, 0x80, 0x00, 0x00,
  0x00, 0x7F, 0xFC, 0x00, 0x00, 0x00, 0x03, 0xFF, 0xE0, 0x00, 0x00, 0x00,
  0x1F, 0xFF, 0x00, 0x00, 0x00, 0x00, 0xFF, 0xF8, 0x00, 0x00, 0x00, 0x07,
  0xFF, 0xC0, 0x00, 0x00, 0x00, 0x3F, 0xFE, 0x00, 0x00, 0x00, 0x01, 0xFF,
  0xF0, 0x00, 0x00, 0x00, 0x0F, 0xFF, 0x80, 0x00, 0x00, 0x00, 0x7F, 0xFC,
  0x00, 0x00, 0x00, 0x03, 0xFF, 0xE0, 0x00, 0x00, 0x00, 0x1F, 0xFF, 0x00,
  0x00, 0x00, 0x00, 0xFF, 0xF8, 0x00, 0x00, 0x00, 0x07, 0xFF, 0xC0, 0x00,
  0x00, 0x00, 0x3F, 0xFE, 0x00, 0x00, 0x00, 0x01, 0xFF, 0xF0, 0x00, 0x00,
  0x00, 0x0F, 0xFF, 0x80, 0x00, 0x00, 0x00, 0x7F, 0xFC, 0x00, 0x00, 0x00,
  0x03, 0xFF, 0xE0, 0x00, 0x00, 0x00, 0x1F, 0xFF, 0x00, 0x00, 0x00, 0x00,
  0xFF, 0xF8, 0x00, 0x00, 0x00, 0x07, 0xFF, 0xC0, 0x00, 0x00, 0x00, 0x3F,
  0xFE, 0x00, 0x00, 0x00, 0x01, 0xFF, 0xF0, 0x00, 0x00, 0x00, 0x0F, 0xFF,
  0x80, 0x00, 0x00, 0x00, 0x7F, 0xFC, 0x00, 0x00, 0x00, 0x03, 0xFF, 0xE0,
  0x00, 0x00, 0x00, 0x00, 0x00, 0x01, 0xFF, 0xFE, 0x00, 0x00, 0x00, 0x7F,
  0xFF, 0xFF, 0x80, 0x00, 0x07, 0xFF, 0xFF, 0xFF, 0x80, 0x00, 0x7F, 0xFF,
  0xFF, 0xFF, 0x80, 0x03, 0xFF, 0xFF, 0xFF, 0xFF, 0x00, 0x1F, 0xFF, 0xFF,
  0xFF, 0xFE, 0x00, 0xFF, 0xFF, 0xFF, 0xFF, 0xFC, 0x07, 0xFF, 0xFF, 0xFF,
  0xFF, 0xF8, 0x1F, 0xFF, 0xFF, 0xFF, 0xFF, 0xF0, 0xFF, 0xFF, 0xFF, 0xFF,
  0xFF, 0xC3, 0xFF, 0xF8, 0x00, 0x7F, 0xFF, 0x8F, 0xFF, 0x80, 0x00, 0x7F,
  0xFE, 0x7F, 0xFC, 0x00, 0x00, 0xFF, 0xF9, 0xFF, 0xE0, 0x00, 0x01, 0xFF,
  0xE7, 0xFF, 0x80, 0x00, 0x07, 0xFF, 0x9F, 0xFE, 0x00, 0x00, 0x1F, 0xFF,
  0x7F, 0xF8, 0x00, 0x00, 0x00, 0x01, 0xFF, 0xE0, 0x00, 0x00, 0x00, 0x07,
  0xFF, 0x80, 0x00, 0x00, 0x00, 0x1F, 0xFF, 0x00, 0x00, 0x00, 0x00, 0x3F,
  0xFF, 0x00, 0x00, 0x00, 0x00, 0xFF, 0xFF, 0xF0, 0x00, 0x00, 0x03, 0xFF,
  0xFF, 0xFF, 0x80, 0x00, 0x07, 0xFF, 0xFF, 0xFF, 0xF8, 0x00, 0x1F, 0xFF,
  0xFF, 0xFF, 0xFC, 0x00, 0x3F, 0xFF, 0xFF, 0xFF, 0xFC, 0x00, 0x7F, 0xFF,
  0xFF, 0xFF, 0xF8, 0x01, 0xFF, 0xFF, 0xFF, 0xFF, 0xF0, 0x01, 0xFF, 0xFF,
  0xFF, 0xFF, 0xE0, 0x03, 0xFF, 0xFF, 0xFF, 0xFF, 0xC0, 0x03, 0xFF, 0xFF,
  0xFF, 0xFF, 0x00, 0x00, 0xFF, 0xFF, 0xFF, 0xFE, 0x00, 0x00, 0x03, 0xFF,
  0xFF, 0xF8, 0x00, 0x00, 0x00, 0x1F, 0xFF, 0xF0, 0x00, 0x00, 0x00, 0x0F,
  0xFF, 0xC0, 0x00, 0x00, 0x00, 0x1F, 0xFF, 0x00, 0x00, 0x00, 0x00, 0x3F,
  0xFC, 0x00, 0x00, 0x00, 0x00, 0xFF, 0xF0, 0x00, 0x00, 0x00, 0x01, 0xFF,
  0xC0, 0x00, 0x00, 0x00, 0x07, 0xFF, 0xFF, 0xF0, 0x00, 0x00, 0x1F, 0xFF,
  0xFF, 0xE0, 0x00, 0x00, 0xFF, 0xF7, 0xFF, 0x80, 0x00, 0x03, 0xFF, 0xDF,
  0xFF, 0x00, 0x00, 0x1F, 0xFF, 0x7F, 0xFE, 0x00, 0x00, 0xFF, 0xFD, 0xFF,
  0xFE, 0x00, 0x0F, 0xFF, 0xF3, 0xFF, 0xFF, 0xFF, 0xFF, 0xFF, 0x8F, 0xFF,
  0xFF, 0xFF, 0xFF, 0xFE, 0x1F, 0xFF, 0xFF, 0xFF, 0xFF, 0xF0, 0x3F, 0xFF,
  0xFF, 0xFF, 0xFF, 0x80, 0x7F, 0xFF, 0xFF, 0xFF, 0xFE, 0x00, 0xFF, 0xFF,
  0xFF, 0xFF, 0xE0, 0x01, 0xFF, 0xFF, 0xFF, 0xFF, 0x00, 0x01, 0xFF, 0xFF,
  0xFF, 0xF0, 0x00, 0x01, 0xFF, 0xFF, 0xFF, 0x00, 0x00, 0x00, 0x7F, 0xFF,
  0xC0, 0x00, 0x00, 0x01, 0xFF, 0xF0, 0x00, 0x00, 0x00, 0x00, 0xFF, 0xF8,
  0x00, 0x00, 0x00, 0x00, 0x7F, 0xFC, 0x00, 0x00, 0x00, 0x00, 0x3F, 0xFE,
  0x00, 0x00, 0x00, 0x00, 0x1F, 0xFF, 0x00, 0x00, 0x00, 0x00, 0x0F, 0xFF,
  0x80, 0x00, 0x00, 0x00, 0x07, 0xFF, 0xC0, 0x00, 0x00, 0x00, 0x03, 0xFF,
  0xE0, 0x00, 0x00, 0x00, 0x01, 0xFF, 0xF0, 0x00, 0x00, 0x00, 0x00, 0xFF,
  0xF8, 0x00, 0x00, 0x00, 0x00, 0x7F, 0xFC, 0x00, 0x00, 0x00, 0x00, 0x3F,
  0xFE, 0x00, 0x00, 0x00, 0x00, 0x1F, 0xFF, 0x00, 0x00, 0x00, 0x00, 0x0F,
  0xFF, 0x80, 0x00, 0x00, 0x00, 0x07, 0xFF, 0xC0, 0x00, 0x00, 0x00, 0x03,
  0xFF, 0xE0, 0x00, 0x00, 0xFF, 0xFF, 0xFF, 0xFF, 0xFF, 0xFF, 0xFF, 0xFF,
  0xFF, 0xFF, 0xFF, 0xFF, 0xFF, 0xFF, 0xFF, 0xFF, 0xFF, 0xFF, 0xFF, 0xFF,
  0xFF, 0xFF, 0xFF, 0xFF, 0xFF, 0xFF, 0xFF, 0xFF, 0xFF, 0xFF, 0xFF, 0xFF,
  0xFF, 0xFF, 0xFF, 0xFF, 0xFF, 0xFF, 0xFF, 0xFF, 0xFF, 0xFF, 0xFF, 0xFF,
  0xFF, 0xFF, 0xFF, 0xFF, 0xFF, 0xFF, 0xFF, 0xFF, 0xFF, 0xFF, 0xFF, 0xFF,
  0xFF, 0xFF, 0xFF, 0xFF, 0xFF, 0xFF, 0xFF, 0xFF, 0xFF, 0xFF, 0xFF, 0xE0,
  0x00, 0x3F, 0xFE, 0x00, 0x00, 0x00, 0x00, 0x1F, 0xFF, 0x00, 0x00, 0x00,
  0x00, 0x0F, 0xFF, 0x80, 0x00, 0x00, 0x00, 0x07, 0xFF, 0xC0, 0x00, 0x00,
  0x00, 0x03, 0xFF, 0xE0, 0x00, 0x00, 0x00, 0x01, 0xFF, 0xF0, 0x00, 0x00,
  0x00, 0x00, 0xFF, 0xF8, 0x00, 0x00, 0x00, 0x00, 0x7F, 0xFC, 0x00, 0x00,
  0x00, 0x00, 0x3F, 0xFE, 0x00, 0x00, 0x00, 0x00, 0x1F, 0xFF, 0x00, 0x00,
  0x00, 0x00, 0x0F, 0xFF, 0x80, 0x00, 0x00, 0x00, 0x07, 0xFF, 0xC0, 0x00,
  0x00, 0x00, 0x03, 0xFF, 0xE0, 0x00, 0x00, 0x00, 0x01, 0xFF, 0xF0, 0x00,
  0x00, 0x00, 0x00, 0xFF, 0xF8, 0x00, 0x00, 0x00, 0x00, 0x7F, 0xFC, 0x00,
  0x00, 0x00, 0x00, 0x3F, 0xFE, 0x00, 0x00, 0x00, 0x00, 0x1F, 0xFF, 0x00,
  0x00, 0x00, 0x00, 0x0F, 0xFF, 0x80, 0x00, 0x00, 0x00, 0x07, 0xFF, 0xC0,
  0x00, 0x00, 0x00, 0x03, 0xFF, 0xE0, 0x00, 0x00, 0x00, 0x01, 0xFF, 0xF0,
  0x00, 0x00, 0x00, 0x00, 0xFF, 0xF8, 0x00, 0x00, 0x00, 0x00, 0x7F, 0xFC,
  0x00, 0x00, 0x00, 0x00, 0x3F, 0xFE, 0x00, 0x00, 0x00, 0x00, 0x1F, 0xFF,
  0x00, 0x00, 0x00, 0x00, 0x0F, 0xFF, 0x80, 0x00, 0x00, 0x00, 0x07, 0xFF,
  0xC0, 0x00, 0x00, 0x00, 0x03, 0xFF, 0xE0, 0x00, 0x00, 0x00, 0x01, 0xFF,
  0xF0, 0x00, 0x00, 0x00, 0x00, 0x7F, 0xFC, 0x00, 0x00, 0x00, 0x00, 0x3F,
  0xFF, 0x00, 0x00, 0x00, 0x00, 0x1F, 0xFF, 0xFF, 0xFF, 0xF0, 0x00, 0x0F,
  0xFF, 0xFF, 0xFF, 0xF8, 0x00, 0x03, 0xFF, 0xFF, 0xFF, 0xFC, 0x00, 0x01,
  0xFF, 0xFF, 0xFF, 0xFE, 0x00, 0x00, 0x7F, 0xFF, 0xFF, 0xFF, 0x00, 0x00,
  0x1F, 0xFF, 0xFF, 0xFF, 0x80, 0x00, 0x07, 0xFF, 0xFF, 0xFF, 0xC0, 0x00,
  0x01, 0xFF, 0xFF, 0xFF, 0xE0, 0x00, 0x00, 0x7F, 0xFF, 0xFF, 0xF0, 0x00,
  0x00, 0x0F, 0xFF, 0xFF, 0xF8, 0x00, 0x00, 0x00, 0xFF, 0xFF, 0xFC, 0xFF,
  0xF8, 0x00, 0x00, 0xFF, 0xFF, 0xFF, 0x80, 0x00, 0x0F, 0xFF, 0xFF, 0xF8,
  0x00, 0x00, 0xFF, 0xFF, 0xFF, 0x80, 0x00, 0x0F, 0xFF, 0xFF, 0xF8, 0x00,
  0x00, 0xFF, 0xFF, 0xFF, 0x80, 0x00, 0x0F, 0xFF, 0xFF, 0xF8, 0x00, 0x00,
  0xFF, 0xFF, 0xFF, 0x80, 0x00, 0x0F, 0xFF, 0xFF, 0xF8, 0x00, 0x00, 0xFF,
  0xFF, 0xFF, 0x80, 0x00, 0x0F, 0xFF, 0xFF, 0xF8, 0x00, 0x00, 0xFF, 0xFF,
  0xFF, 0x80, 0x00, 0x0F, 0xFF, 0xFF, 0xF8, 0x00, 0x00, 0xFF, 0xFF, 0xFF,
  0x80, 0x00, 0x0F, 0xFF, 0xFF, 0xF8, 0x00, 0x00, 0xFF, 0xFF, 0xFF, 0x80,
  0x00, 0x0F, 0xFF, 0xFF, 0xF8, 0x00, 0x00, 0xFF, 0xFF, 0xFF, 0x80, 0x00,
  0x0F, 0xFF, 0xFF, 0xF8, 0x00, 0x00, 0xFF, 0xFF, 0xFF, 0x80, 0x00, 0x0F,
  0xFF, 0xFF, 0xF8, 0x00, 0x00, 0xFF, 0xFF, 0xFF, 0x80, 0x00, 0x0F, 0xFF,
  0xFF, 0xF8, 0x00, 0x00, 0xFF, 0xFF, 0xFF, 0x80, 0x00, 0x0F, 0xFF, 0xFF,
  0xF8, 0x00, 0x00, 0xFF, 0xFF, 0xFF, 0x80, 0x00, 0x0F, 0xFF, 0xFF, 0xF8,
  0x00, 0x00, 0xFF, 0xFF, 0xFF, 0x80, 0x00, 0x0F, 0xFF, 0xFF, 0xF8, 0x00,
  0x00, 0xFF, 0xFF, 0xFF, 0x80, 0x00, 0x0F, 0xFF, 0xFF, 0xF8, 0x00, 0x00,
  0xFF, 0xFF, 0xFF, 0x80, 0x00, 0x0F, 0xFF, 0xFF, 0xF8, 0x00, 0x00, 0xFF,
  0xFF, 0xFF, 0x80, 0x00, 0x0F, 0xFF, 0xFF, 0xF8, 0x00, 0x00, 0xFF, 0xFF,
  0xFF, 0x80, 0x00, 0x0F, 0xFF, 0xFF, 0xF8, 0x00, 0x00, 0xFF, 0xF7, 0xFF,
  0x80, 0x00, 0x0F, 0xFF, 0x7F, 0xF8, 0x00, 0x01, 0xFF, 0xF7, 0xFF, 0xC0,
  0x00, 0x1F, 0xFF, 0x7F, 0xFC, 0x00, 0x03, 0xFF, 0xF7, 0xFF, 0xE0, 0x00,
  0x3F, 0xFE, 0x3F, 0xFF, 0x00, 0x0F, 0xFF, 0xE3, 0xFF, 0xFC, 0x01, 0xFF,
  0xFE, 0x1F, 0xFF, 0xFF, 0xFF, 0xFF, 0xC1, 0xFF, 0xFF, 0xFF, 0xFF, 0xF8,
  0x0F, 0xFF, 0xFF, 0xFF, 0xFF, 0x80, 0x7F, 0xFF, 0xFF, 0xFF, 0xF0, 0x07,
  0xFF, 0xFF, 0xFF, 0xFE, 0x00, 0x3F, 0xFF, 0xFF, 0xFF, 0xC0, 0x00, 0xFF,
  0xFF, 0xFF, 0xF8, 0x00, 0x07, 0xFF, 0xFF, 0xFF, 0x00, 0x00, 0x1F, 0xFF,
  0xFF, 0xC0, 0x00, 0x00, 0x7F, 0xFF, 0xF0, 0x00, 0x00, 0x00, 0x7F, 0xF0,
  0x00, 0x00, 0xFF, 0xF8, 0x00, 0x00, 0x03, 0xFF, 0xFF, 0xFF, 0x00, 0x00,
  0x00, 0x7F, 0xFF, 0xFF, 0xE0, 0x00, 0x00, 0x0F, 0xFF, 0x3F, 0xFC, 0x00,
  0x00, 0x03, 0xFF, 0xE7, 0xFF, 0xC0, 0x00, 0x00, 0x7F, 0xFC, 0xFF, 0xF8,
  0x00, 0x00, 0x0F, 0xFF, 0x0F, 0xFF, 0x00, 0x00, 0x03, 0xFF, 0xE1, 0xFF,
  0xF0, 0x00, 0x00, 0x7F, 0xFC, 0x3F, 0xFE, 0x00, 0x00, 0x0F, 0xFF, 0x03,
  0xFF, 0xC0, 0x00, 0x03, 0xFF, 0xE0, 0x7F, 0xFC, 0x00, 0x00, 0x7F, 0xFC,
  0x0F, 0xFF, 0x80, 0x00, 0x0F, 0xFF, 0x00, 0xFF, 0xF0, 0x00, 0x03, 0xFF,
  0xE0, 0x1F, 0xFF, 0x00, 0x00, 0x7F, 0xFC, 0x03, 0xFF, 0xE0, 0x00, 0x0F,
  0xFF, 0x00, 0x3F, 0xFC, 0x00, 0x03, 0xFF, 0xE0, 0x07, 0xFF, 0xC0, 0x00,
  0x7F, 0xFC, 0x00, 0xFF, 0xF8, 0x00, 0x0F, 0xFF, 0x00, 0x0F, 0xFF, 0x00,
  0x01, 0xFF, 0xE0, 0x01, 0xFF, 0xF0, 0x00, 0x7F, 0xFC, 0x00, 0x3F, 0xFE,
  0x00, 0x0F, 0xFF, 0x00, 0x03, 0xFF, 0xC0, 0x01, 0xFF, 0xE0, 0x00, 0x7F,
  0xF8, 0x00, 0x7F, 0xFC, 0x00, 0x0F, 0xFF, 0x80, 0x0F, 0xFF, 0x00, 0x00,
  0xFF, 0xF0, 0x01, 0xFF, 0xE0, 0x00, 0x1F, 0xFE, 0x00, 0x7F, 0xFC, 0x00,
  0x03, 0xFF, 0xE0, 0x0F, 0xFF, 0x00, 0x00, 0x3F, 0xFC, 0x01, 0xFF, 0xE0,
  0x00, 0x07, 0xFF, 0x80, 0x7F, 0xFC, 0x00, 0x00, 0xFF, 0xF8, 0x0F, 0xFF,
  0x00, 0x00, 0x0F, 0xFF, 0x01, 0xFF, 0xE0, 0x00, 0x01, 0xFF, 0xE0, 0x3F,
  0xFC, 0x00, 0x00, 0x3F, 0xFE, 0x0F, 0xFF, 0x00, 0x00, 0x03, 0xFF, 0xC1,
  0xFF, 0xE0, 0x00, 0x00, 0x7F, 0xF8, 0x3F, 0xFC, 0x00, 0x00, 0x0F, 0xFF,
  0x8F, 0xFF, 0x00, 0x00, 0x00, 0xFF, 0xF1, 0xFF, 0xE0, 0x00, 0x00, 0x1F,
  0xFE, 0x3F, 0xFC, 0x00, 0x00, 0x03, 0xFF, 0xC7, 0xFF, 0x00, 0x00, 0x00,
  0x3F, 0xFD, 0xFF, 0xE0, 0x00, 0x00, 0x07, 0xFF, 0xBF, 0xFC, 0x00, 0x00,
  0x00, 0xFF, 0xF7, 0xFF, 0x00, 0x00, 0x00, 0x0F, 0xFE, 0xFF, 0xE0, 0x00,
  0x00, 0x01, 0xFF, 0xDF, 0xFC, 0x00, 0x00, 0x00, 0x3F, 0xFF, 0xFF, 0x00,
  0x00, 0x00, 0x03, 0xFF, 0xFF, 0xE0, 0x00, 0x00, 0x00, 0x7F, 0xFF, 0xFC,
  0x00, 0x00, 0x00, 0x0F, 0xFF, 0xFF, 0x00, 0x00, 0x00, 0x00, 0xFF, 0xFF,
  0xE0, 0x00, 0x00, 0x00, 0x1F, 0xFF, 0xFC, 0x00, 0x00, 0x00, 0x03, 0xFF,
  0xFF, 0x00, 0x00, 0x00, 0x00, 0x3F, 0xFF, 0xE0, 0x00, 0x00, 0x00, 0x07,
  0xFF, 0xFC, 0x00, 0x00, 0x00, 0x00, 0xFF, 0xFF, 0x00, 0x00, 0x00, 0xFF,
  0x80, 0x03, 0xFF, 0x80, 0x03, 0xFF, 0xFF, 0x00, 0x07, 0xFF, 0x00, 0x07,
  0xFF, 0xFF, 0x00, 0x0F, 0xFE, 0x00, 0x1F, 0xFF, 0xFE, 0x00, 0x1F, 0xFC,
  0x00, 0x3F, 0xFF, 0xFC, 0x00, 0x3F, 0xF8, 0x00, 0x7F, 0xFF, 0xF8, 0x00,
  0xFF, 0xF8, 0x00, 0xFF, 0x9F, 0xF0, 0x01, 0xFF, 0xF0, 0x01, 0xFF, 0x3F,
  0xE0, 0x03, 0xFF, 0xE0, 0x03, 0xFE, 0x7F, 0xE0, 0x07, 0xFF, 0xC0, 0x07,
  0xFC, 0xFF, 0xC0, 0x0F, 0xFF, 0x80, 0x1F, 0xF9, 0xFF, 0x80, 0x1F, 0xFF,
  0x00, 0x3F, 0xF3, 0xFF, 0x00, 0x7F, 0x7F, 0x00, 0x7F, 0xC3, 0xFE, 0x00,
  0xFE, 0xFE, 0x00, 0xFF, 0x87, 0xFC, 0x01, 0xFD, 0xFC, 0x01, 0xFF, 0x0F,
  0xF8, 0x03, 0xFB, 0xF8, 0x03, 0xFE, 0x1F, 0xF8, 0x07, 0xF7, 0xF0, 0x07,
  0xFC, 0x3F, 0xF0, 0x1F, 0xEF, 0xE0, 0x1F, 0xF8, 0x7F, 0xE0, 0x3F, 0x9F,
  0xE0, 0x3F, 0xE0, 0xFF, 0xC0, 0x7F, 0x3F, 0xC0, 0x7F, 0xC0, 0xFF, 0x80,
  0xFE, 0x3F, 0x80, 0xFF, 0x81, 0xFF, 0x01, 0xFC, 0x7F, 0x01, 0xFF, 0x03,
  0xFE, 0x03, 0xF8, 0xFE, 0x03, 0xFE, 0x07, 0xFE, 0x0F, 0xF1, 0xFC, 0x0F,
  0xFC, 0x0F, 0xFC, 0x1F, 0xE3, 0xFC, 0x1F, 0xF0, 0x1F, 0xF8, 0x3F, 0x87,
  0xF8, 0x3F, 0xE0, 0x1F, 0xF0, 0x7F, 0x07, 0xF0, 0x7F, 0xC0, 0x3F, 0xE0,
  0xFE, 0x0F, 0xE0, 0xFF, 0x80, 0x7F, 0xC1, 0xFC, 0x1F, 0xC1, 0xFF, 0x00,
  0xFF, 0x87, 0xF8, 0x3F, 0x83, 0xFE, 0x01, 0xFF, 0x8F, 0xF0, 0x7F, 0x8F,
  0xFC, 0x03, 0xFF, 0x1F, 0xC0, 0xFF, 0x1F, 0xF0, 0x07, 0xFE, 0x3F, 0x81,
  0xFE, 0x3F, 0xE0, 0x07, 0xFC, 0x7F, 0x01, 0xFC, 0x7F, 0xC0, 0x0F, 0xF9,
  0xFE, 0x03, 0xF8, 0xFF, 0x80, 0x1F, 0xF3, 0xFC, 0x07, 0xF9, 0xFF, 0x00,
  0x3F, 0xE7, 0xF8, 0x0F, 0xF3, 0xFE, 0x00, 0x7F, 0xCF, 0xE0, 0x1F, 0xEF,
  0xF8, 0x00, 0xFF, 0xDF, 0xC0, 0x3F, 0xDF, 0xF0, 0x00, 0xFF, 0xBF, 0x80,
  0x3F, 0xBF, 0xE0, 0x01, 0xFF, 0x7F, 0x00, 0x7F, 0x7F, 0xC0, 0x03, 0xFE,
  0xFE, 0x00, 0xFE, 0xFF, 0x80, 0x07, 0xFF, 0xFC, 0x01, 0xFD, 0xFF, 0x00,
  0x0F, 0xFF, 0xF8, 0x03, 0xFB, 0xFC, 0x00, 0x1F, 0xFF, 0xE0, 0x07, 0xFF,
  0xF8, 0x00, 0x1F, 0xFF, 0xC0, 0x0F, 0xFF, 0xF0, 0x00, 0x3F, 0xFF, 0x80,
  0x0F, 0xFF, 0xE0, 0x00, 0x7F, 0xFF, 0x00, 0x1F, 0xFF, 0xC0, 0x00, 0xFF,
  0xFE, 0x00, 0x3F, 0xFF, 0x80, 0x01, 0xFF, 0xFC, 0x00, 0x7F, 0xFF, 0x00,
  0x03, 0xFF, 0xF0, 0x00, 0xFF, 0xFC, 0x00, 0x07, 0xFF, 0xE0, 0x01, 0xFF,
  0xF8, 0x00, 0x07, 0xFF, 0xC0, 0x01, 0xFF, 0xF0, 0x00, 0x0F, 0xFF, 0x80,
  0x03, 0xFF, 0xE0, 0x00, 0x1F, 0xFF, 0x00, 0x07, 0xFF, 0xC0, 0x00, 0x7F,
  0xFE, 0x00, 0x00, 0x0F, 0xFF, 0xC7, 0xFF, 0xE0, 0x00, 0x03, 0xFF, 0xF0,
  0xFF, 0xFC, 0x00, 0x00, 0x7F, 0xFC, 0x0F, 0xFF, 0xC0, 0x00, 0x1F, 0xFF,
  0x80, 0xFF, 0xF8, 0x00, 0x07, 0xFF, 0xE0, 0x1F, 0xFF, 0x80, 0x00, 0xFF,
  0xF8, 0x01, 0xFF, 0xF8, 0x00, 0x3F, 0xFF, 0x00, 0x1F, 0xFF, 0x00, 0x07,
  0xFF, 0xC0, 0x03, 0xFF, 0xF0, 0x01, 0xFF, 0xF0, 0x00, 0x3F, 0xFE, 0x00,
  0x7F, 0xFE, 0x00, 0x03, 0xFF, 0xE0, 0x0F, 0xFF, 0x80, 0x00, 0x7F, 0xFE,
  0x03, 0xFF, 0xF0, 0x00, 0x07, 0xFF, 0xC0, 0x7F, 0xFC, 0x00, 0x00, 0x7F,
  0xFC, 0x1F, 0xFF, 0x00, 0x00, 0x0F, 0xFF, 0x87, 0xFF, 0xE0, 0x00, 0x00,
  0xFF, 0xF8, 0xFF, 0xF8, 0x00, 0x00, 0x0F, 0xFF, 0x3F, 0xFE, 0x00, 0x00,
  0x01, 0xFF, 0xF7, 0xFF, 0xC0, 0x00, 0x00, 0x1F, 0xFE, 0xFF, 0xF0, 0x00,
  0x00, 0x01, 0xFF, 0xFF, 0xFC, 0x00, 0x00, 0x00, 0x3F, 0xFF, 0xFF, 0x80,
  0x00, 0x00, 0x03, 0xFF, 0xFF, 0xE0, 0x00, 0x00, 0x00, 0x3F, 0xFF, 0xF8,
  0x00, 0x00, 0x00, 0x07, 0xFF, 0xFF, 0x00, 0x00, 0x00, 0x00, 0x7F, 0xFF,
  0xC0, 0x00, 0x00, 0x00, 0x07, 0xFF, 0xF0, 0x00, 0x00, 0x00, 0x00, 0xFF,
  0xFE, 0x00, 0x00, 0x00, 0x00, 0x1F, 0xFF, 0xC0, 0x00, 0x00, 0x00, 0x07,
  0xFF, 0xFC, 0x00, 0x00, 0x00, 0x01, 0xFF, 0xFF, 0xC0, 0x00, 0x00, 0x00,
  0x3F, 0xFF, 0xF8, 0x00, 0x00, 0x00, 0x0F, 0xFF, 0xFF, 0x80, 0x00, 0x00,
  0x03, 0xFF, 0xFF, 0xF8, 0x00, 0x00, 0x00, 0x7F, 0xFF, 0xFF, 0x00, 0x00,
  0x00, 0x1F, 0xFF, 0xFF, 0xF0, 0x00, 0x00, 0x07, 0xFF, 0xDF, 0xFF, 0x00,
  0x00, 0x00, 0xFF, 0xF3, 0xFF, 0xE0, 0x00, 0x00, 0x3F, 0xFE, 0x3F, 0xFE,
  0x00, 0x00, 0x0F, 0xFF, 0x87, 0xFF, 0xE0, 0x00, 0x03, 0xFF, 0xF0, 0x7F,
  0xFC, 0x00, 0x00, 0x7F, 0xFC, 0x07, 0xFF, 0xC0, 0x00, 0x1F, 0xFF, 0x80,
  0xFF, 0xFC, 0x00, 0x07, 0xFF, 0xE0, 0x0F, 0xFF, 0x80, 0x00, 0xFF, 0xF8,
  0x00, 0xFF, 0xF8, 0x00, 0x3F, 0xFF, 0x00, 0x1F, 0xFF, 0x80, 0x0F, 0xFF,
  0xC0, 0x01, 0xFF, 0xF0, 0x01, 0xFF, 0xF0, 0x00, 0x1F, 0xFF, 0x00, 0x7F,
  0xFE, 0x00, 0x03, 0xFF, 0xF0, 0x1F, 0xFF, 0x80, 0x00, 0x3F, 0xFF, 0x03,
  0xFF, 0xE0, 0x00, 0x07, 0xFF, 0xE0, 0xFF, 0xFC, 0x00, 0x00, 0x7F, 0xFE,
  0x3F, 0xFF, 0x00, 0x00, 0x07, 0xFF, 0xE7, 0xFF, 0xC0, 0x00, 0x00, 0xFF,
  0xFD, 0xFF, 0xF8, 0x00, 0x00, 0x0F, 0xFF, 0xC0, 0xFF, 0xF8, 0x00, 0x00,
  0x03, 0xFF, 0xFF, 0xFF, 0x00, 0x00, 0x00, 0x7F, 0xFD, 0xFF, 0xE0, 0x00,
  0x00, 0x1F, 0xFF, 0x3F, 0xFE, 0x00, 0x00, 0x03, 0xFF, 0xE7, 0xFF, 0xC0,
  0x00, 0x00, 0x7F, 0xFC, 0x7F, 0xFC, 0x00, 0x00, 0x1F, 0xFF, 0x0F, 0xFF,
  0x80, 0x00, 0x03, 0xFF, 0xE1, 0xFF, 0xF0, 0x00, 0x00, 0x7F, 0xFC, 0x1F,
  0xFF, 0x00, 0x00, 0x1F, 0xFF, 0x03, 0xFF, 0xE0, 0x00, 0x03, 0xFF, 0xE0,
  0x3F, 0xFC, 0x00, 0x00, 0x7F, 0xF8, 0x07, 0xFF, 0xC0, 0x00, 0x1F, 0xFF,
  0x00, 0xFF, 0xF8, 0x00, 0x03, 0xFF, 0xE0, 0x0F, 0xFF, 0x80, 0x00, 0x7F,
  0xF8, 0x01, 0xFF, 0xF0, 0x00, 0x1F, 0xFF, 0x00, 0x1F, 0xFE, 0x00, 0x03,
  0xFF, 0xE0, 0x03, 0xFF, 0xE0, 0x00, 0x7F, 0xF8, 0x00, 0x7F, 0xFC, 0x00,
  0x1F, 0xFF, 0x00, 0x07, 0xFF, 0x80, 0x03, 0xFF, 0xE0, 0x00, 0xFF, 0xF8,
  0x00, 0x7F, 0xF8, 0x00, 0x0F, 0xFF, 0x00, 0x1F, 0xFF, 0x00, 0x01, 0xFF,
  0xF0, 0x03, 0xFF, 0xC0, 0x00, 0x3F, 0xFE, 0x00, 0x7F, 0xF8, 0x00, 0x03,
  0xFF, 0xC0, 0x1F, 0xFF, 0x00, 0x00, 0x7F, 0xFC, 0x03, 0xFF, 0xC0, 0x00,
  0x07, 0xFF, 0x80, 0x7F, 0xF8, 0x00, 0x00, 0xFF, 0xF0, 0x1F, 0xFF, 0x00,
  0x00, 0x1F, 0xFF, 0x03, 0xFF, 0xC0, 0x00, 0x01, 0xFF, 0xE0, 0xFF, 0xF8,
  0x00, 0x00, 0x3F, 0xFC, 0x1F, 0xFF, 0x00, 0x00, 0x03, 0xFF, 0xC3, 0xFF,
  0xC0, 0x00, 0x00, 0x7F, 0xF8, 0x7F, 0xF8, 0x00, 0x00, 0x0F, 0xFF, 0x1F,
  0xFE, 0x00, 0x00, 0x00, 0xFF, 0xF3, 0xFF, 0xC0, 0x00, 0x00, 0x1F, 0xFE,
  0x7F, 0xF8, 0x00, 0x00, 0x01, 0xFF, 0xDF, 0xFE, 0x00, 0x00, 0x00, 0x3F,
  0xFB, 0xFF, 0xC0, 0x00, 0x00, 0x07, 0xFF, 0xFF, 0xF8, 0x00, 0x00, 0x00,
  0x7F, 0xFF, 0xFE, 0x00, 0x00, 0x00, 0x0F, 0xFF, 0xFF, 0xC0, 0x00, 0x00,
  0x00, 0xFF, 0xFF, 0xF8, 0x00, 0x00, 0x00, 0x1F, 0xFF, 0xFE, 0x00, 0x00,
  0x00, 0x03, 0xFF, 0xFF, 0xC0, 0x00, 0x00, 0x00, 0x3F, 0xFF, 0xF0, 0x00,
  0x00, 0x00, 0x07, 0xFF, 0xFE, 0x00, 0x00, 0x00, 0x00, 0xFF, 0xFF, 0xC0,
  0x00, 0x00, 0x00, 0x0F, 0xFF, 0xF0, 0x00, 0x00, 0x00, 0x01, 0xFF, 0xFE,
  0x00, 0x00, 0x00, 0x00, 0x1F, 0xFF, 0xC0, 0x00, 0x00, 0x00, 0x03, 0xFF,
  0xF0, 0x00, 0x00, 0x00, 0x00, 0x7F, 0xFE, 0x00, 0x00, 0x00, 0x00, 0x07,
  0xFF, 0xC0, 0x00, 0x00, 0x00, 0x01, 0xFF, 0xF0, 0x00, 0x00, 0x00, 0x00,
  0x3F, 0xFE, 0x00, 0x00, 0x00, 0x00, 0x07, 0xFF, 0x80, 0x00, 0x00, 0x00,
  0x01, 0xFF, 0xF0, 0x00, 0x00, 0x00, 0x00, 0x3F, 0xFE, 0x00, 0x00, 0x00,
  0x00, 0x07, 0xFF, 0x80, 0x00, 0x00, 0x00, 0x01, 0xFF, 0xF0, 0x00, 0x00,
  0x00, 0x00, 0x3F, 0xFE, 0x00, 0x00, 0x00, 0x00, 0x0F, 0xFF, 0x80, 0x00,
  0x00, 0x00, 0x01, 0xFF, 0xF0, 0x00, 0x00, 0x00, 0x00, 0x3F, 0xFC, 0x00,
  0x00, 0x00, 0x00, 0x0F, 0xFF, 0x80, 0x00, 0x00, 0x00, 0x01, 0xFF, 0xF0,
  0x00, 0x00, 0x00, 0x00, 0x3F, 0xFC, 0x00, 0x00, 0x00, 0x00, 0x0F, 0xFF,
  0x80, 0x00, 0x00, 0x00, 0x01, 0xFF, 0xF0, 0x00, 0x00, 0x00, 0x00, 0x7F,
  0xFC, 0x00, 0x00, 0x00, 0x00, 0x0F, 0xFF, 0x80, 0x00, 0x00, 0x00, 0x01,
  0xFF, 0xF0, 0x00, 0x00, 0x00, 0x00, 0x7F, 0xFC, 0x00, 0x00, 0x00, 0x7F,
  0xFF, 0xFF, 0xFF, 0xFF, 0xCF, 0xFF, 0xFF, 0xFF, 0xFF, 0xF9, 0xFF, 0xFF,
  0xFF, 0xFF, 0xFF, 0x3F, 0xFF, 0xFF, 0xFF, 0xFF, 0xE7, 0xFF, 0xFF, 0xFF,
  0xFF, 0xFC, 0xFF, 0xFF, 0xFF, 0xFF, 0xFF, 0x9F, 0xFF, 0xFF, 0xFF, 0xFF,
  0xF3, 0xFF, 0xFF, 0xFF, 0xFF, 0xFE, 0x7F, 0xFF, 0xFF, 0xFF, 0xFF, 0xCF,
  0xFF, 0xFF, 0xFF, 0xFF, 0xF9, 0xFF, 0xFF, 0xFF, 0xFF, 0xFF, 0x00, 0x00,
  0x00, 0x0F, 0xFF, 0xE0, 0x00, 0x00, 0x03, 0xFF, 0xF8, 0x00, 0x00, 0x00,
  0xFF, 0xFE, 0x00, 0x00, 0x00, 0x3F, 0xFF, 0x80, 0x00, 0x00, 0x07, 0xFF,
  0xE0, 0x00, 0x00, 0x01, 0xFF, 0xF8, 0x00, 0x00, 0x00, 0x7F, 0xFE, 0x00,
  0x00, 0x00, 0x1F, 0xFF, 0xC0, 0x00, 0x00, 0x07, 0xFF, 0xF0, 0x00, 0x00,
  0x01, 0xFF, 0xFC, 0x00, 0x00, 0x00, 0x7F, 0xFF, 0x00, 0x00, 0x00, 0x1F,
  0xFF, 0xC0, 0x00, 0x00, 0x03, 0xFF, 0xF0, 0x00, 0x00, 0x00, 0xFF, 0xFC,
  0x00, 0x00, 0x00, 0x3F, 0xFF, 0x00, 0x00, 0x00, 0x0F, 0xFF, 0xE0, 0x00,
  0x00, 0x03, 0xFF, 0xF8, 0x00, 0x00, 0x00, 0xFF, 0xFE, 0x00, 0x00, 0x00,
  0x3F, 0xFF, 0x80, 0x00, 0x00, 0x07, 0xFF, 0xE0, 0x00, 0x00, 0x01, 0xFF,
  0xF8, 0x00, 0x00, 0x00, 0x7F, 0xFE, 0x00, 0x00, 0x00, 0x1F, 0xFF, 0x80,
  0x00, 0x00, 0x07, 0xFF, 0xE0, 0x00, 0x00, 0x01, 0xFF, 0xFC, 0x00, 0x00,
  0x00, 0x7F, 0xFF, 0x00, 0x00, 0x00, 0x1F, 0xFF, 0xC0, 0x00, 0x00, 0x03,
  0xFF, 0xF0, 0x00, 0x00, 0x00, 0xFF, 0xFC, 0x00, 0x00, 0x00, 0x3F, 0xFF,
  0x00, 0x00, 0x00, 0x0F, 0xFF, 0xC0, 0x00, 0x00, 0x03, 0xFF, 0xF0, 0x00,
  0x00, 0x00, 0x7F, 0xFF, 0xFF, 0xFF, 0xFF, 0xFF, 0xFF, 0xFF, 0xFF, 0xFF,
  0xFF, 0xFF, 0xFF, 0xFF, 0xFF, 0xFF, 0xFF, 0xFF, 0xFF, 0xFF, 0xFF, 0xFF,
  0xFF, 0xFF, 0xFF, 0xFF, 0xFF, 0xFF, 0xFF, 0xFF, 0xFF, 0xFF, 0xFF, 0xFF,
  0xFF, 0xFF, 0xFF, 0xFF, 0xFF, 0xFF, 0xFF, 0xFF, 0xFF, 0xFF, 0xFF, 0xFF,
  0xFF, 0xFF, 0xFF, 0xFF, 0xFF, 0xFF, 0xFF, 0xFF, 0xFF, 0xFF, 0xFF, 0xFF,
  0xFF, 0xC0, 0x00, 0x00, 0x00, 0x01, 0xFF, 0xE0, 0x00, 0x00, 0x01, 0xFF,
  0xFC, 0x00, 0x00, 0x00, 0xFF, 0xFF, 0x80, 0x00, 0x00, 0x7F, 0xFF, 0xF0,
  0x00, 0x00, 0x1F, 0xFF, 0xFE, 0x00, 0x00, 0x07, 0xFF, 0xFF, 0xC0, 0x00,
  0x01, 0xFF, 0xFF, 0xF8, 0x00, 0x00, 0x7F, 0xFF, 0xFF, 0x00, 0x00, 0x0F,
  0xFF, 0xFF, 0xE0, 0x00, 0x03, 0xFF, 0xFF, 0xFC, 0x00, 0x00, 0x7F, 0xFF,
  0xFF, 0x80, 0x00, 0x0F, 0xFF, 0xE0, 0x00, 0x00, 0x01, 0xFF, 0xF8, 0x00,
  0x00, 0x00, 0x7F, 0xFE, 0x00, 0x00, 0x00, 0x0F, 0xFF, 0x80, 0x00, 0x00,
  0x01, 0xFF, 0xF0, 0x00, 0x00, 0x00, 0x3F, 0xFE, 0x00, 0x00, 0x00, 0x03,
  0xFF, 0xC0, 0x00, 0x00, 0x00, 0x7F, 0xF8, 0x00, 0x00, 0x00, 0x0F, 0xFF,
  0x00, 0x00, 0x00, 0x01, 0xFF, 0xE0, 0x00, 0x00, 0x00, 0x3F, 0xFC, 0x00,
  0x00, 0x00, 0x07, 0xFF, 0x80, 0x00, 0x00, 0x00, 0xFF, 0xF0, 0x00, 0x00,
  0x00, 0x1F, 0xFE, 0x00, 0x00, 0x00, 0x03, 0xFF, 0xC0, 0x00, 0x00, 0x00,
  0x7F, 0xFC, 0x00, 0x00, 0x00, 0x0F, 0xFF, 0x80, 0x00, 0x00, 0x00, 0xFF,
  0xF0, 0x00, 0x00, 0x00, 0x1F, 0xFE, 0x00, 0x00, 0x00, 0x03, 0xFF, 0xC0,
  0x00, 0x00, 0x00, 0x7F, 0xF8, 0x00, 0x00, 0x00, 0x0F, 0xFF, 0x00, 0x00,
  0x00, 0x01, 0xFF, 0xE0, 0x00, 0x00, 0x00, 0x3F, 0xFC, 0x00, 0x00, 0x00,
  0x07, 0xFF, 0x80, 0x00, 0x00, 0x00, 0xFF, 0xF0, 0x00, 0x00, 0x00, 0x3F,
  0xFE, 0x00, 0x00, 0x00, 0x0F, 0xFF, 0x80, 0x00, 0x00, 0x03, 0xFF, 0xF0,
  0x00, 0xFF, 0xFF, 0xFF, 0xFC, 0x00, 0x1F, 0xFF, 0xFF, 0xFF, 0x80, 0x03,
  0xFF, 0xFF, 0xFF, 0xC0, 0x00, 0x7F, 0xFF, 0xFF, 0xF0, 0x00, 0x0F, 0xFF,
  0xFF, 0xF8, 0x00, 0x01, 0xFF, 0xFF, 0xF0, 0x00, 0x00, 0x3F, 0xFF, 0xFF,
  0xE0, 0x00, 0x07, 0xFF, 0xFF, 0xFF, 0x00, 0x00, 0xFF, 0xFF, 0xFF, 0xF0,
  0x00, 0x1F, 0xFF, 0xFF, 0xFF, 0x00, 0x03, 0xFF, 0xFF, 0xFF, 0xF0, 0x00,
  0x00, 0x00, 0x7F, 0xFF, 0x00, 0x00, 0x00, 0x03, 0xFF, 0xE0, 0x00, 0x00,
  0x00, 0x3F, 0xFE, 0x00, 0x00, 0x00, 0x07, 0xFF, 0xC0, 0x00, 0x00, 0x00,
  0x7F, 0xF8, 0x00, 0x00, 0x00, 0x0F, 0xFF, 0x00, 0x00, 0x00, 0x01, 0xFF,
  0xE0, 0x00, 0x00, 0x00, 0x3F, 0xFC, 0x00, 0x00, 0x00, 0x07, 0xFF, 0x80,
  0x00, 0x00, 0x00, 0xFF, 0xF0, 0x00, 0x00, 0x00, 0x1F, 0xFE, 0x00, 0x00,
  0x00, 0x03, 0xFF, 0xC0, 0x00, 0x00, 0x00, 0x7F, 0xF8, 0x00, 0x00, 0x00,
  0x1F, 0xFF, 0x00, 0x00, 0x00, 0x03, 0xFF, 0xE0, 0x00, 0x00, 0x00, 0x7F,
  0xF8, 0x00, 0x00, 0x00, 0x0F, 0xFF, 0x00, 0x00, 0x00, 0x01, 0xFF, 0xE0,
  0x00, 0x00, 0x00, 0x3F, 0xFC, 0x00, 0x00, 0x00, 0x07, 0xFF, 0x80, 0x00,
  0x00, 0x00, 0xFF, 0xF0, 0x00, 0x00, 0x00, 0x1F, 0xFE, 0x00, 0x00, 0x00,
  0x03, 0xFF, 0xC0, 0x00, 0x00, 0x00, 0xFF, 0xF8, 0x00, 0x00, 0x00, 0x1F,
  0xFF, 0x00, 0x00, 0x00, 0x03, 0xFF, 0xE0, 0x00, 0x00, 0x00, 0x7F, 0xFC,
  0x00, 0x00, 0x00, 0x0F, 0xFF, 0xC0, 0x00, 0x00, 0x00, 0xFF, 0xFC, 0x00,
  0x00, 0x00, 0x1F, 0xFF, 0xE0, 0x00, 0x00, 0x03, 0xFF, 0xFF, 0xFC, 0x00,
  0x00, 0x7F, 0xFF, 0xFF, 0x80, 0x00, 0x07, 0xFF, 0xFF, 0xF0, 0x00, 0x00,
  0xFF, 0xFF, 0xFE, 0x00, 0x00, 0x0F, 0xFF, 0xFF, 0xC0, 0x00, 0x00, 0xFF,
  0xFF, 0xF8, 0x00, 0x00, 0x0F, 0xFF, 0xFF, 0x00, 0x00, 0x00, 0xFF, 0xFF,
  0xE0, 0x00, 0x00, 0x07, 0xFF, 0xFC, 0x00, 0x00, 0x00, 0x3F, 0xFF, 0x80,
  0x00, 0x00, 0x00, 0xFF, 0xF0, 0xFF, 0xFF, 0xFF, 0xFF, 0xFF, 0xFF, 0xFF,
  0xFF, 0xFF, 0xFF, 0xFF, 0xFF, 0xFF, 0xFF, 0xFF, 0xFF, 0xFF, 0xFF, 0xFF,
  0xFF, 0xFF, 0xFF, 0xFF, 0xFF, 0xFF, 0xFF, 0xFF, 0xFF, 0xFF, 0xFF, 0xFF,
  0xFF, 0xFF, 0xFF, 0xFF, 0xFF, 0xFF, 0xFF, 0xFF, 0xFF, 0xFF, 0xFF, 0xFF,
  0xFF, 0xFF, 0xFF, 0xFF, 0xFF, 0xFF, 0xFF, 0xFF, 0xFF, 0xFF, 0xFF, 0xFF,
  0xFF, 0xFF, 0xFF, 0xFF, 0xFF, 0xFF, 0xFF, 0xFF, 0xFF, 0xFF, 0xFF, 0xFF,
  0xFF, 0xFF, 0xFF, 0xFF, 0xFF, 0xFF, 0xFF, 0xFF, 0xFF, 0xFF, 0xFF, 0xFF,
  0xFF, 0xFF, 0xFF, 0xFF, 0xFF, 0xFF, 0xFF, 0xFF, 0xFF, 0xFF, 0xFF, 0xFF,
  0xFF, 0xFF, 0xFF, 0xFF, 0xFF, 0xFF, 0xFF, 0xFF, 0xFF, 0xFF, 0xFF, 0xFF,
  0xFF, 0xFF, 0xFF, 0xFF, 0xFF, 0xFF, 0xFF, 0xFF, 0xFF, 0xFF, 0xFF, 0xFF,
  0xFF, 0xFF, 0xFF, 0xFF, 0xFF, 0xFF, 0xFF, 0xFF, 0xFF, 0xFF, 0xFF, 0xFF,
  0xFF, 0xFF, 0xFF, 0xFF, 0xFF, 0xFF, 0xFF, 0xFF, 0xFF, 0xFF, 0xFF, 0xFF,
  0xFF, 0xFF, 0xFF, 0xFF, 0xFF, 0xFF, 0xFF, 0xFF, 0xFF, 0xFF, 0xF0, 0xFF,
  0xF0, 0x00, 0x00, 0x00, 0x1F, 0xFF, 0xC0, 0x00, 0x00, 0x03, 0xFF, 0xFE,
  0x00, 0x00, 0x00, 0x7F, 0xFF, 0xF0, 0x00, 0x00, 0x0F, 0xFF, 0xFF, 0x00,
  0x00, 0x01, 0xFF, 0xFF, 0xF0, 0x00, 0x00, 0x3F, 0xFF, 0xFF, 0x00, 0x00,
  0x07, 0xFF, 0xFF, 0xF0, 0x00, 0x00, 0xFF, 0xFF, 0xFE, 0x00, 0x00, 0x1F,
  0xFF, 0xFF, 0xC0, 0x00, 0x03, 0xFF, 0xFF, 0xFC, 0x00, 0x00, 0x00, 0x3F,
  0xFF, 0x80, 0x00, 0x00, 0x03, 0xFF, 0xF0, 0x00, 0x00, 0x00, 0x3F, 0xFE,
  0x00, 0x00, 0x00, 0x03, 0xFF, 0xC0, 0x00, 0x00, 0x00, 0x7F, 0xF8, 0x00,
  0x00, 0x00, 0x0F, 0xFF, 0x00, 0x00, 0x00, 0x01, 0xFF, 0xE0, 0x00, 0x00,
  0x00, 0x3F, 0xFC, 0x00, 0x00, 0x00, 0x07, 0xFF, 0x80, 0x00, 0x00, 0x00,
  0xFF, 0xF0, 0x00, 0x00, 0x00, 0x1F, 0xFE, 0x00, 0x00, 0x00, 0x07, 0xFF,
  0xC0, 0x00, 0x00, 0x00, 0xFF, 0xF0, 0x00, 0x00, 0x00, 0x1F, 0xFE, 0x00,
  0x00, 0x00, 0x03, 0xFF, 0xC0, 0x00, 0x00, 0x00, 0x7F, 0xF8, 0x00, 0x00,
  0x00, 0x0F, 0xFF, 0x00, 0x00, 0x00, 0x01, 0xFF, 0xE0, 0x00, 0x00, 0x00,
  0x3F, 0xFC, 0x00, 0x00, 0x00, 0x0F, 0xFF, 0x80, 0x00, 0x00, 0x01, 0xFF,
  0xE0, 0x00, 0x00, 0x00, 0x3F, 0xFC, 0x00, 0x00, 0x00, 0x07, 0xFF, 0x80,
  0x00, 0x00, 0x00, 0xFF, 0xF0, 0x00, 0x00, 0x00, 0x1F, 0xFE, 0x00, 0x00,
  0x00, 0x03, 0xFF, 0xE0, 0x00, 0x00, 0x00, 0x7F, 0xFC, 0x00, 0x00, 0x00,
  0x07, 0xFF, 0xC0, 0x00, 0x00, 0x00, 0xFF, 0xFC, 0x00, 0x00, 0x00, 0x0F,
  0xFF, 0xFF, 0xFF, 0xE0, 0x00, 0xFF, 0xFF, 0xFF, 0xFC, 0x00, 0x0F, 0xFF,
  0xFF, 0xFF, 0x80, 0x00, 0xFF, 0xFF, 0xFF, 0xF0, 0x00, 0x07, 0xFF, 0xFF,
  0xFE, 0x00, 0x00, 0x0F, 0xFF, 0xFF, 0xC0, 0x00, 0x1F, 0xFF, 0xFF, 0xF8,
  0x00, 0x0F, 0xFF, 0xFF, 0xFF, 0x00, 0x03, 0xFF, 0xFF, 0xFF, 0xE0, 0x00,
  0xFF, 0xFF, 0xFF, 0xFC, 0x00, 0x3F, 0xFF, 0xFF, 0xFF, 0x80, 0x0F, 0xFF,
  0xE0, 0x00, 0x00, 0x01, 0xFF, 0xF0, 0x00, 0x00, 0x00, 0x7F, 0xFC, 0x00,
  0x00, 0x00, 0x0F, 0xFF, 0x80, 0x00, 0x00, 0x01, 0xFF, 0xE0, 0x00, 0x00,
  0x00, 0x3F, 0xFC, 0x00, 0x00, 0x00, 0x07, 0xFF, 0x80, 0x00, 0x00, 0x00,
  0xFF, 0xF0, 0x00, 0x00, 0x00, 0x1F, 0xFE, 0x00, 0x00, 0x00, 0x03, 0xFF,
  0xE0, 0x00, 0x00, 0x00, 0x7F, 0xFC, 0x00, 0x00, 0x00, 0x07, 0xFF, 0x80,
  0x00, 0x00, 0x00, 0xFF, 0xF0, 0x00, 0x00, 0x00, 0x1F, 0xFE, 0x00, 0x00,
  0x00, 0x03, 0xFF, 0xC0, 0x00, 0x00, 0x00, 0x7F, 0xF8, 0x00, 0x00, 0x00,
  0x0F, 0xFF, 0x00, 0x00, 0x00, 0x01, 0xFF, 0xF0, 0x00, 0x00, 0x00, 0x3F,
  0xFE, 0x00, 0x00, 0x00, 0x03, 0xFF, 0xC0, 0x00, 0x00, 0x00, 0x7F, 0xF8,
  0x00, 0x00, 0x00, 0x0F, 0xFF, 0x00, 0x00, 0x00, 0x01, 0xFF, 0xE0, 0x00,
  0x00, 0x00, 0x3F, 0xFC, 0x00, 0x00, 0x00, 0x07, 0xFF, 0x80, 0x00, 0x00,
  0x00, 0xFF, 0xF0, 0x00, 0x00, 0x00, 0x1F, 0xFE, 0x00, 0x00, 0x00, 0x07,
  0xFF, 0xC0, 0x00, 0x00, 0x01, 0xFF, 0xF8, 0x00, 0x00, 0x00, 0xFF, 0xFF,
  0x00, 0x00, 0x1F, 0xFF, 0xFF, 0xE0, 0x00, 0x03, 0xFF, 0xFF, 0xF8, 0x00,
  0x00, 0x7F, 0xFF, 0xFF, 0x00, 0x00, 0x0F, 0xFF, 0xFF, 0xC0, 0x00, 0x01,
  0xFF, 0xFF, 0xF8, 0x00, 0x00, 0x3F, 0xFF, 0xFE, 0x00, 0x00, 0x07, 0xFF,
  0xFF, 0x80, 0x00, 0x00, 0xFF, 0xFF, 0xE0, 0x00, 0x00, 0x1F, 0xFF, 0xF0,
  0x00, 0x00, 0x03, 0xFF, 0xF8, 0x00, 0x00, 0x00, 0x7F, 0xF8, 0x00, 0x00,
  0x00, 0x00, 0x00, 0x3F, 0xE0, 0x00, 0x00, 0x00, 0x00, 0xFF, 0xFC, 0x00,
  0x00, 0x00, 0x01, 0xFF, 0xFF, 0x80, 0x00, 0xFF, 0xE1, 0xFF, 0xFF, 0xE0,
  0x00, 0x7F, 0xF1, 0xFF, 0xFF, 0xF8, 0x00, 0x3F, 0xF9, 0xFF, 0xFF, 0xFE,
  0x00, 0x1F, 0xFC, 0xFF, 0xFF, 0xFF, 0x80, 0x0F, 0xFE, 0xFF, 0xFF, 0xFF,
  0xE0, 0x07, 0xFF, 0x7F, 0xFF, 0xFF, 0xF0, 0x03, 0xFF, 0xBF, 0xFF, 0xFF,
  0xFC, 0x01, 0xFF, 0xFF, 0xFC, 0x3F, 0xFF, 0x00, 0xFF, 0xFF, 0xFC, 0x07,
  0xFF, 0xC0, 0x7F, 0xFF, 0xFE, 0x01, 0xFF, 0xF0, 0x7F, 0xF7, 0xFE, 0x00,
  0x7F, 0xFF, 0xFF, 0xFB, 0xFF, 0x00, 0x3F, 0xFF, 0xFF, 0xFD, 0xFF, 0x80,
  0x0F, 0xFF, 0xFF, 0xFE, 0xFF, 0xC0, 0x03, 0xFF, 0xFF, 0xFE, 0x7F, 0xE0,
  0x00, 0xFF, 0xFF, 0xFE, 0x3F, 0xF0, 0x00, 0x3F, 0xFF, 0xFF, 0x1F, 0xF8,
  0x00, 0x0F, 0xFF, 0xFF, 0x0F, 0xFC, 0x00, 0x03, 0xFF, 0xFE, 0x00, 0x00,
  0x00, 0x00, 0xFF, 0xFE, 0x00, 0x00, 0x00, 0x00, 0x0F, 0xF8, 0x00 };

const GFXglyph JetBrainsMono_Bold50pt7bGlyphs[] PROGMEM = {
  {     0,   1,   1,  59,    0,    0 },   // 0x20 ' '
  {     1,  17,  73,  59,   21,  -71 },   // 0x21 '!'
  {   157,  37,  29,  59,   11,  -71 },   // 0x22 '"'
  {   292,  52,  72,  59,    3,  -71 },   // 0x23 '#'
  {   760,  47,  99,  59,    6,  -84 },   // 0x24 '$'
  {  1342,  59,  73,  59,    0,  -71 },   // 0x25 '%'
  {  1881,  59,  74,  59,    2,  -72 },   // 0x26 '&'
  {  2427,  13,  29,  59,   23,  -71 },   // 0x27 '''
  {  2475,  32,  94,  59,   16,  -81 },   // 0x28 '('
  {  2851,  31,  94,  59,   11,  -81 },   // 0x29 ')'
  {  3216,  53,  51,  59,    3,  -60 },   // 0x2A '*'
  {  3554,  47,  47,  59,    6,  -55 },   // 0x2B '+'
  {  3831,  19,  30,  59,   19,  -13 },   // 0x2C ','
  {  3903,  31,  11,  59,   14,  -37 },   // 0x2D '-'
  {  3946,  19,  18,  59,   20,  -16 },   // 0x2E '.'
  {  3989,  47,  93,  59,    6,  -81 },   // 0x2F '/'
  {  4536,  45,  74,  59,    7,  -72 },   // 0x30 '0'
  {  4953,  46,  72,  59,    8,  -71 },   // 0x31 '1'
  {  5367,  47,  73,  59,    6,  -72 },   // 0x32 '2'
  {  5796,  46,  73,  59,    6,  -71 },   // 0x33 '3'
  {  6216,  44,  72,  59,    6,  -71 },   // 0x34 '4'
  {  6612,  46,  73,  59,    6,  -71 },   // 0x35 '5'
  {  7032,  49,  73,  59,    5,  -71 },   // 0x36 '6'
  {  7480,  48,  72,  59,    7,  -71 },   // 0x37 '7'
  {  7912,  49,  74,  59,    5,  -72 },   // 0x38 '8'
  {  8366,  49,  73,  59,    5,  -72 },   // 0x39 '9'
  {  8814,  19,  56,  59,   20,  -54 },   // 0x3A ':'
  {  8947,  21,  70,  59,   18,  -54 },   // 0x3B ';'
  {  9131,  44,  54,  59,    7,  -58 },   // 0x3C '<'
  {  9428,  43,  35,  59,    8,  -49 },   // 0x3D '='
  {  9617,  44,  54,  59,    7,  -58 },   // 0x3E '>'
  {  9914,  38,  73,  59,   11,  -71 },   // 0x3F '?'
  { 10261,  53,  91,  59,    3,  -72 },   // 0x40 '@'
  { 10864,  52,  72,  59,    3,  -71 },   // 0x41 'A'
  { 11332,  46,  72,  59,    8,  -71 },   // 0x42 'B'
  { 11746,  46,  74,  59,    7,  -72 },   // 0x43 'C'
  { 12172,  45,  72,  59,    7,  -71 },   // 0x44 'D'
  { 12577,  43,  72,  59,    9,  -71 },   // 0x45 'E'
  { 12964,  44,  72,  59,    8,  -71 },   // 0x46 'F'
  { 13360,  46,  74,  59,    7,  -72 },   // 0x47 'G'
  { 13786,  43,  72,  59,    8,  -71 },   // 0x48 'H'
  { 14173,  41,  72,  59,    9,  -71 },   // 0x49 'I'
  { 14542,  47,  73,  59,    3,  -71 },   // 0x4A 'J'
  { 14971,  49,  72,  59,    7,  -71 },   // 0x4B 'K'
  { 15412,  42,  72,  59,   12,  -71 },   // 0x4C 'L'
  { 15790,  49,  72,  59,    5,  -71 },   // 0x4D 'M'
  { 16231,  45,  72,  59,    7,  -71 },   // 0x4E 'N'
  { 16636,  45,  74,  59,    7,  -72 },   // 0x4F 'O'
  { 17053,  47,  72,  59,    8,  -71 },   // 0x50 'P'
  { 17476,  46,  91,  59,    7,  -72 },   // 0x51 'Q'
  { 18000,  47,  72,  59,    8,  -71 },   // 0x52 'R'
  { 18423,  47,  74,  59,    6,  -72 },   // 0x53 'S'
  { 18858,  49,  72,  59,    5,  -71 },   // 0x54 'T'
  { 19299,  45,  73,  59,    7,  -71 },   // 0x55 'U'
  { 19710,  52,  72,  59,    3,  -71 },   // 0x56 'V'
  { 20178,  56,  72,  59,    1,  -71 },   // 0x57 'W'
  { 20682,  53,  72,  59,    3,  -71 },   // 0x58 'X'
  { 21159,  55,  72,  59,    2,  -71 },   // 0x59 'Y'
  { 21654,  43,  72,  59,    8,  -71 },   // 0x5A 'Z'
  { 22041,  28,  92,  59,   18,  -80 },   // 0x5B '['
  { 22363,  47,  93,  59,    6,  -81 },   // 0x5C '\'
  { 22910,  28,  92,  59,   13,  -80 },   // 0x5D ']'
  { 23232,  45,  39,  59,    7,  -71 },   // 0x5E '^'
  { 23452,  47,  11,  59,    6,    4 },   // 0x5F '_'
  { 23517,  24,  14,  59,   14,  -76 },   // 0x60 '`'
  { 23559,  45,  56,  59,    6,  -54 },   // 0x61 'a'
  { 23874,  44,  73,  59,    8,  -71 },   // 0x62 'b'
  { 24276,  46,  56,  59,    7,  -54 },   // 0x63 'c'
  { 24598,  44,  73,  59,    7,  -71 },   // 0x64 'd'
  { 25000,  45,  56,  59,    7,  -54 },   // 0x65 'e'
  { 25315,  48,  72,  59,    5,  -71 },   // 0x66 'f'
  { 25747,  44,  73,  59,    7,  -54 },   // 0x67 'g'
  { 26149,  43,  72,  59,    8,  -71 },   // 0x68 'h'
  { 26536,  48,  77,  59,    7,  -76 },   // 0x69 'i'
  { 26998,  39,  95,  59,    7,  -76 },   // 0x6A 'j'
  { 27462,  48,  72,  59,    8,  -71 },   // 0x6B 'k'
  { 27894,  52,  72,  59,    3,  -71 },   // 0x6C 'l'
  { 28362,  49,  55,  59,    5,  -54 },   // 0x6D 'm'
  { 28699,  43,  55,  59,    8,  -54 },   // 0x6E 'n'
  { 28995,  45,  56,  59,    7,  -54 },   // 0x6F 'o'
  { 29310,  44,  73,  59,    8,  -54 },   // 0x70 'p'
  { 29712,  44,  73,  59,    7,  -54 },   // 0x71 'q'
  { 30114,  45,  55,  59,    9,  -54 },   // 0x72 'r'
  { 30424,  46,  56,  59,    6,  -54 },   // 0x73 's'
  { 30746,  49,  70,  59,    3,  -69 },   // 0x74 't'
  { 31175,  44,  55,  59,    7,  -53 },   // 0x75 'u'
  { 31478,  51,  54,  59,    4,  -53 },   // 0x76 'v'
  { 31823,  55,  54,  59,    2,  -53 },   // 0x77 'w'
  { 32195,  51,  54,  59,    4,  -53 },   // 0x78 'x'
  { 32540,  51,  72,  59,    4,  -53 },   // 0x79 'y'
  { 32999,  43,  54,  59,    8,  -53 },   // 0x7A 'z'
  { 33290,  43,  92,  59,    7,  -80 },   // 0x7B '{'
  { 33785,  13,  92,  59,   23,  -80 },   // 0x7C '|'
  { 33935,  43,  92,  59,    9,  -80 },   // 0x7D '}'
  { 34430,  49,  23,  59,    5,  -45 } }; // 0x7E '~'

const GFXfont JetBrainsMono_Bold50pt7b PROGMEM = {
  (uint8_t  *)JetBrainsMono_Bold50pt7bBitmaps,
  (GFXglyph *)JetBrainsMono_Bold50pt7bGlyphs,
  0x20, 0x7E, 129 };

// Approx. 35243 bytes
